Date,Adj Close,Close,High,Low,Open,Volume
2023-11-17,288.3839111328125,292.0,294.0,289.0,292.0,202800.0
2023-11-20,287.39630126953125,291.0,298.0,290.0,291.0,293300.0
2023-11-21,293.3219909667969,297.0,298.0,285.0,294.0,365100.0
2023-11-22,288.3839111328125,292.0,296.0,289.0,293.0,258100.0
2023-11-24,284.4334411621094,288.0,297.0,288.0,293.0,243900.0
2023-11-27,293.3219909667969,297.0,304.0,285.0,286.0,824600.0
2023-11-28,276.5325012207031,280.0,297.0,279.0,294.0,848000.0
2023-11-29,277.5201416015625,281.0,284.0,277.0,281.0,521000.0
2023-11-30,267.6439819335937,271.0,280.0,262.0,274.0,1329600.0
2023-12-01,267.6439819335937,271.0,279.0,269.0,272.0,446100.0
2023-12-04,271.59442138671875,275.0,279.0,267.0,267.0,598100.0
2023-12-05,262.7059020996094,266.0,273.0,266.0,270.0,442100.0
2023-12-06,259.7430419921875,263.0,268.0,254.0,266.0,1179500.0
2023-12-07,250.8544921875,254.0,264.0,254.0,263.0,601900.0
2023-12-08,247.8916473388672,251.0,256.0,250.0,253.0,592600.0
2023-12-11,244.9288024902344,248.0,256.0,248.0,250.0,415100.0
2023-12-12,245.9164123535156,249.0,259.0,247.0,252.0,440200.0
2023-12-13,241.9659423828125,245.0,250.0,243.0,248.0,314100.0
2023-12-14,239.99072265625,243.0,254.0,242.0,250.0,748500.0
2023-12-15,246.904037475586,250.0,252.0,239.0,242.0,976800.0
2023-12-18,257.767822265625,261.0,266.0,251.0,265.0,1049600.0
2023-12-19,277.5201416015625,281.0,282.0,259.0,260.0,1155800.0
2023-12-20,275.5448913574219,279.0,286.0,277.0,282.0,602600.0
2023-12-21,264.6811218261719,268.0,280.0,266.0,273.0,537600.0
2023-12-22,267.6439819335937,271.0,273.0,265.0,265.0,389200.0
2023-12-25,264.6811218261719,268.0,275.0,266.0,273.0,273700.0
2023-12-26,270.6068115234375,274.0,280.0,268.0,268.0,547200.0
2023-12-27,284.4334411621094,288.0,291.0,277.0,279.0,850000.0
2023-12-28,291.34674072265625,295.0,301.0,287.0,288.0,750500.0
2023-12-29,298.26007080078125,302.0,302.0,291.0,294.0,591300.0
2024-01-04,307.14862060546875,311.0,313.0,299.0,302.0,728200.0
2024-01-05,299.2476806640625,303.0,316.0,301.0,316.0,751000.0
2024-01-09,327.8885498046875,332.0,332.0,308.0,309.0,1382600.0
2024-01-10,323.9380798339844,328.0,329.0,318.0,325.0,559700.0
2024-01-11,331.8390197753906,336.0,337.0,326.0,329.0,504500.0
2024-01-12,334.8018798828125,339.0,342.0,327.0,334.0,741300.0
2024-01-15,334.8018798828125,339.0,340.0,333.0,339.0,126000.0
2024-01-16,324.9256896972656,329.0,340.0,318.0,339.0,948700.0
2024-01-17,321.9628601074219,326.0,334.0,322.0,326.0,383200.0
2024-01-18,336.777099609375,341.0,343.0,325.0,325.0,715300.0
2024-01-19,335.7894897460937,340.0,348.0,334.0,341.0,620700.0
2024-01-22,333.8142395019531,338.0,341.0,333.0,339.0,289000.0
2024-01-23,333.8142395019531,338.0,340.0,330.0,337.0,532400.0
2024-01-24,328.87615966796875,333.0,339.0,332.0,337.0,178800.0
2024-01-25,325.913330078125,330.0,336.0,329.0,333.0,259500.0
2024-01-26,321.9628601074219,326.0,332.0,324.0,327.0,323900.0
2024-01-29,319.0,323.0,328.0,322.0,326.0,438600.0
2024-01-30,324.0,324.0,331.0,315.0,324.0,537600.0
2024-01-31,325.0,325.0,331.0,319.0,323.0,454300.0
2024-02-01,312.0,312.0,322.0,308.0,322.0,628600.0
2024-02-02,312.0,312.0,317.0,304.0,314.0,475300.0
2024-02-05,318.0,318.0,320.0,308.0,313.0,243200.0
2024-02-06,304.0,304.0,319.0,304.0,316.0,560000.0
2024-02-07,309.0,309.0,309.0,302.0,307.0,240000.0
2024-02-08,304.0,304.0,308.0,301.0,307.0,309200.0
2024-02-09,300.0,300.0,304.0,299.0,300.0,216900.0
2024-02-13,303.0,303.0,309.0,300.0,300.0,291800.0
2024-02-14,297.0,297.0,302.0,296.0,299.0,198800.0
2024-02-15,292.0,292.0,299.0,291.0,297.0,256300.0
2024-02-16,294.0,294.0,297.0,291.0,294.0,297700.0
2024-02-19,296.0,296.0,296.0,290.0,293.0,192800.0
2024-02-20,295.0,295.0,303.0,294.0,299.0,203400.0
2024-02-21,293.0,293.0,296.0,288.0,295.0,193200.0
2024-02-22,293.0,293.0,300.0,287.0,294.0,222800.0
2024-02-26,302.0,302.0,305.0,288.0,292.0,337800.0
2024-02-27,304.0,304.0,307.0,301.0,304.0,149500.0
2024-02-28,311.0,311.0,322.0,307.0,308.0,653700.0
2024-02-29,308.0,308.0,313.0,298.0,312.0,540600.0
2024-03-01,297.0,297.0,308.0,296.0,307.0,326200.0
2024-03-04,294.0,294.0,300.0,289.0,296.0,358200.0
2024-03-05,294.0,294.0,295.0,287.0,292.0,232400.0
2024-03-06,295.0,295.0,295.0,287.0,287.0,277400.0
2024-03-07,297.0,297.0,298.0,291.0,294.0,215900.0
2024-03-08,306.0,306.0,312.0,297.0,297.0,457500.0
2024-03-11,303.0,303.0,314.0,300.0,304.0,317300.0
2024-03-12,320.0,320.0,320.0,304.0,304.0,435500.0
2024-03-13,321.0,321.0,328.0,315.0,322.0,532100.0
2024-03-14,329.0,329.0,332.0,318.0,321.0,628000.0
2024-03-15,321.0,321.0,326.0,313.0,322.0,1628300.0
2024-03-18,343.0,343.0,344.0,334.0,335.0,1354000.0
2024-03-19,344.0,344.0,377.0,337.0,375.0,5011900.0
2024-03-21,330.0,330.0,340.0,330.0,334.0,1232500.0
2024-03-22,324.0,324.0,334.0,322.0,326.0,805700.0
2024-03-25,312.0,312.0,324.0,308.0,321.0,788900.0
2024-03-26,304.0,304.0,315.0,303.0,310.0,753200.0
2024-03-27,313.0,313.0,315.0,303.0,305.0,386500.0
2024-03-28,301.0,301.0,311.0,301.0,310.0,362100.0
2024-03-29,305.0,305.0,311.0,302.0,302.0,144200.0
2024-04-01,306.0,306.0,312.0,305.0,310.0,232400.0
2024-04-02,297.0,297.0,305.0,293.0,305.0,506700.0
2024-04-03,305.0,305.0,308.0,291.0,295.0,506500.0
2024-04-04,306.0,306.0,314.0,306.0,308.0,356700.0
2024-04-05,308.0,308.0,308.0,300.0,305.0,238900.0
2024-04-08,305.0,305.0,307.0,301.0,305.0,256900.0
2024-04-09,302.0,302.0,307.0,302.0,306.0,98900.0
2024-04-10,300.0,300.0,303.0,298.0,302.0,203600.0
2024-04-11,301.0,301.0,312.0,299.0,300.0,311400.0
2024-04-12,296.0,296.0,300.0,292.0,300.0,670500.0
2024-04-15,295.0,295.0,297.0,292.0,296.0,300100.0
2024-04-16,295.0,295.0,298.0,290.0,293.0,242900.0
2024-04-17,287.0,287.0,296.0,287.0,295.0,311300.0
2024-04-18,288.0,288.0,294.0,285.0,287.0,167800.0
2024-04-19,272.0,272.0,286.0,272.0,286.0,560900.0
2024-04-22,276.0,276.0,278.0,255.0,256.0,1062800.0
2024-04-23,274.0,274.0,277.0,270.0,274.0,307900.0
2024-04-24,281.0,281.0,285.0,274.0,274.0,247500.0
2024-04-25,292.0,292.0,297.0,281.0,281.0,553800.0
2024-04-26,293.0,293.0,299.0,289.0,290.0,453000.0
2024-04-30,298.0,298.0,299.0,289.0,299.0,238500.0
2024-05-01,296.0,296.0,303.0,294.0,296.0,155800.0
2024-05-02,291.0,291.0,296.0,287.0,295.0,207200.0
2024-05-07,300.0,300.0,303.0,294.0,295.0,264200.0
2024-05-08,300.0,300.0,304.0,298.0,300.0,216000.0
2024-05-09,301.0,301.0,305.0,298.0,301.0,160600.0
2024-05-10,304.0,304.0,304.0,300.0,303.0,149600.0
2024-05-13,305.0,305.0,309.0,300.0,300.0,283200.0
2024-05-14,305.0,305.0,310.0,303.0,306.0,210700.0
2024-05-15,300.0,300.0,307.0,300.0,305.0,181900.0
2024-05-16,300.0,300.0,303.0,299.0,303.0,181800.0
2024-05-17,302.0,302.0,305.0,298.0,298.0,298800.0
2024-05-20,306.0,306.0,309.0,300.0,301.0,220100.0
2024-05-21,300.0,300.0,306.0,299.0,303.0,237900.0
2024-05-22,300.0,300.0,303.0,299.0,299.0,205800.0
2024-05-23,300.0,300.0,305.0,299.0,303.0,324500.0
2024-05-24,299.0,299.0,301.0,295.0,297.0,240300.0
2024-05-27,297.0,297.0,300.0,296.0,298.0,167600.0
2024-05-28,306.0,306.0,308.0,297.0,299.0,346600.0
2024-05-29,298.0,298.0,306.0,298.0,302.0,209800.0
2024-05-30,300.0,300.0,302.0,293.0,295.0,250600.0
2024-05-31,304.0,304.0,304.0,298.0,300.0,165700.0
2024-06-03,303.0,303.0,304.0,299.0,304.0,142200.0
2024-06-04,309.0,309.0,310.0,301.0,303.0,309000.0
2024-06-05,294.0,294.0,304.0,294.0,301.0,575500.0
2024-06-06,293.0,293.0,298.0,292.0,295.0,335900.0
2024-06-07,299.0,299.0,301.0,290.0,294.0,218700.0
2024-06-10,310.0,310.0,310.0,300.0,300.0,377000.0
2024-06-11,309.0,309.0,314.0,307.0,310.0,248200.0
2024-06-12,308.0,308.0,315.0,307.0,312.0,169500.0
2024-06-13,307.0,307.0,314.0,307.0,312.0,263200.0
2024-06-14,296.0,296.0,302.0,290.0,302.0,870300.0
2024-06-17,323.0,323.0,324.0,298.0,299.0,1354700.0
2024-06-18,316.0,316.0,325.0,312.0,320.0,756500.0
2024-06-19,300.0,300.0,317.0,298.0,309.0,661900.0
2024-06-20,302.0,302.0,307.0,298.0,298.0,355200.0
2024-06-21,298.0,298.0,302.0,295.0,298.0,264800.0
2024-06-24,308.0,308.0,308.0,298.0,298.0,551000.0
2024-06-25,308.0,308.0,316.0,308.0,308.0,402300.0
2024-06-26,307.0,307.0,311.0,304.0,310.0,272800.0
2024-06-27,306.0,306.0,310.0,304.0,304.0,287400.0
2024-06-28,299.0,299.0,308.0,298.0,306.0,520700.0
2024-07-01,292.0,292.0,301.0,292.0,299.0,619800.0
2024-07-02,291.0,291.0,294.0,288.0,293.0,531900.0
2024-07-03,291.0,291.0,292.0,282.0,285.0,534600.0
2024-07-04,290.0,290.0,298.0,290.0,293.0,206100.0
2024-07-05,292.0,292.0,302.0,291.0,291.0,388900.0
2024-07-08,292.0,292.0,294.0,291.0,292.0,219100.0
2024-07-09,289.0,289.0,299.0,289.0,295.0,329200.0
2024-07-10,284.0,284.0,290.0,280.0,289.0,381300.0
2024-07-11,283.0,283.0,285.0,281.0,282.0,224600.0
2024-07-12,288.0,288.0,291.0,284.0,285.0,252800.0
2024-07-16,284.0,284.0,290.0,282.0,290.0,324100.0
2024-07-17,284.0,284.0,289.0,284.0,287.0,127300.0
2024-07-18,284.0,284.0,288.0,284.0,284.0,181000.0
2024-07-19,280.0,280.0,284.0,280.0,284.0,288100.0
2024-07-22,279.0,279.0,283.0,277.0,280.0,222200.0
2024-07-23,284.0,284.0,288.0,278.0,278.0,238200.0
2024-07-24,275.0,275.0,285.0,274.0,283.0,311700.0
2024-07-25,273.0,273.0,278.0,270.0,273.0,285600.0
2024-07-26,275.0,275.0,279.0,274.0,275.0,170800.0
2024-07-29,285.0,285.0,286.0,278.0,279.0,212600.0
2024-07-30,281.0,281.0,284.0,278.0,284.0,134800.0
2024-07-31,278.0,278.0,281.0,273.0,280.0,292000.0
2024-08-01,270.0,270.0,278.0,268.0,278.0,277200.0
2024-08-02,255.0,255.0,267.0,254.0,265.0,449000.0
2024-08-05,219.0,219.0,241.0,215.0,239.0,880500.0
2024-08-06,234.0,234.0,247.0,227.0,227.0,584000.0
2024-08-07,226.0,226.0,231.0,220.0,226.0,747700.0
2024-08-08,233.0,233.0,239.0,220.0,221.0,347500.0
2024-08-09,241.0,241.0,246.0,234.0,234.0,438000.0
2024-08-13,242.0,242.0,242.0,236.0,239.0,209800.0
2024-08-14,248.0,248.0,249.0,239.0,244.0,265200.0
2024-08-15,247.0,247.0,250.0,244.0,248.0,172600.0
2024-08-16,257.0,257.0,257.0,251.0,251.0,236700.0
2024-08-19,256.0,256.0,267.0,254.0,265.0,419400.0
2024-08-20,264.0,264.0,266.0,260.0,260.0,342900.0
2024-08-21,256.0,256.0,263.0,255.0,261.0,200100.0
2024-08-22,256.0,256.0,259.0,253.0,257.0,285200.0
2024-08-23,253.0,253.0,256.0,252.0,253.0,213900.0
2024-08-26,260.0,260.0,262.0,252.0,253.0,333100.0
2024-08-27,263.0,263.0,266.0,260.0,260.0,267000.0
2024-08-28,263.0,263.0,268.0,260.0,266.0,371000.0
2024-08-29,261.0,261.0,265.0,259.0,261.0,196800.0
2024-08-30,262.0,262.0,264.0,259.0,262.0,118200.0
2024-09-02,258.0,258.0,265.0,256.0,265.0,220000.0
2024-09-03,258.0,258.0,261.0,256.0,256.0,253700.0
2024-09-04,244.0,244.0,250.0,242.0,245.0,432200.0
2024-09-05,238.0,238.0,245.0,237.0,241.0,399900.0
2024-09-06,239.0,239.0,241.0,234.0,240.0,451200.0
2024-09-09,238.0,238.0,239.0,230.0,231.0,310900.0
2024-09-10,233.0,233.0,241.0,233.0,241.0,156300.0
2024-09-11,228.0,228.0,233.0,227.0,232.0,338500.0
2024-09-12,233.0,233.0,235.0,230.0,233.0,154700.0
2024-09-13,233.0,233.0,236.0,231.0,232.0,192700.0
2024-09-17,228.0,228.0,236.0,224.0,234.0,615000.0
2024-09-18,248.0,248.0,252.0,240.0,242.0,1666000.0
2024-09-19,261.0,261.0,262.0,250.0,250.0,840400.0
2024-09-20,267.0,267.0,268.0,260.0,265.0,834300.0
2024-09-24,261.0,261.0,266.0,257.0,266.0,425700.0
2024-09-25,253.0,253.0,258.0,252.0,258.0,305300.0
2024-09-26,255.0,255.0,256.0,249.0,254.0,320500.0
2024-09-27,254.0,254.0,259.0,249.0,259.0,393300.0
2024-09-30,242.0,242.0,254.0,242.0,248.0,399500.0
2024-10-01,244.0,244.0,247.0,244.0,247.0,194100.0
2024-10-02,235.0,235.0,242.0,235.0,241.0,443200.0
2024-10-03,233.0,233.0,239.0,233.0,239.0,234400.0
2024-10-04,237.0,237.0,239.0,233.0,233.0,278700.0
2024-10-07,236.0,236.0,242.0,235.0,242.0,316000.0
2024-10-08,233.0,233.0,235.0,231.0,232.0,318200.0
2024-10-09,234.0,234.0,235.0,231.0,233.0,188400.0
2024-10-10,230.0,230.0,237.0,230.0,234.0,306300.0
2024-10-11,227.0,227.0,231.0,225.0,231.0,406900.0
2024-10-15,225.0,225.0,228.0,222.0,226.0,779100.0
2024-10-16,251.0,251.0,256.0,240.0,246.0,2819200.0
2024-10-17,248.0,248.0,249.0,241.0,245.0,927400.0
2024-10-18,246.0,246.0,254.0,243.0,244.0,404100.0
2024-10-21,251.0,251.0,256.0,248.0,248.0,446900.0
2024-10-22,240.0,240.0,251.0,239.0,251.0,449000.0
2024-10-23,238.0,238.0,243.0,236.0,243.0,316000.0
2024-10-24,241.0,241.0,243.0,234.0,235.0,277300.0
2024-10-25,234.0,234.0,242.0,234.0,241.0,172600.0
2024-10-28,246.0,246.0,247.0,236.0,236.0,407300.0
2024-10-29,248.0,248.0,248.0,245.0,246.0,205200.0
2024-10-30,249.0,249.0,250.0,245.0,248.0,234400.0
2024-10-31,249.0,249.0,254.0,249.0,249.0,191500.0
2024-11-01,254.0,254.0,255.0,247.0,248.0,192900.0
2024-11-05,251.0,251.0,255.0,249.0,253.0,207200.0
2024-11-06,262.0,262.0,269.0,251.0,251.0,794800.0
2024-11-07,263.0,263.0,266.0,260.0,262.0,379700.0
2024-11-08,276.0,276.0,278.0,266.0,266.0,667500.0
2024-11-11,273.0,273.0,276.0,262.0,269.0,451800.0
2024-11-12,271.0,271.0,275.0,267.0,269.0,314900.0
2024-11-13,270.0,270.0,279.0,270.0,272.0,477900.0
2024-11-14,272.0,272.0,275.0,270.0,273.0,196100.0
2024-11-15,274.0,274.0,274.0,266.0,270.0,226100.0
2024-11-18,279.0,279.0,282.0,275.0,275.0,351300.0
2024-11-19,286.0,286.0,286.0,279.0,279.0,294100.0
2024-11-20,285.0,285.0,287.0,282.0,285.0,277200.0
2024-11-21,296.0,296.0,297.0,284.0,285.0,470700.0
2024-11-22,295.0,295.0,297.0,291.0,295.0,326200.0
2024-11-25,295.0,295.0,299.0,294.0,296.0,323800.0
2024-11-26,292.0,292.0,297.0,291.0,296.0,258200.0
2024-11-27,287.0,287.0,292.0,285.0,291.0,288700.0
2024-11-28,282.0,282.0,290.0,282.0,286.0,222100.0
2024-11-29,283.0,283.0,287.0,281.0,284.0,372300.0
2024-12-02,286.0,286.0,286.0,280.0,286.0,265000.0
2024-12-03,286.0,286.0,293.0,286.0,292.0,560800.0
2024-12-04,312.0,312.0,317.0,294.0,302.0,1639200.0
2024-12-05,316.0,316.0,317.0,305.0,306.0,814000.0
2024-12-06,318.0,318.0,319.0,310.0,313.0,420300.0
2024-12-09,323.0,323.0,326.0,313.0,317.0,772400.0
2024-12-10,325.0,325.0,328.0,319.0,323.0,421000.0
2024-12-11,332.0,332.0,333.0,321.0,323.0,505500.0
2024-12-12,338.0,338.0,339.0,330.0,333.0,539600.0
2024-12-13,345.0,345.0,346.0,338.0,341.0,529700.0
2024-12-16,327.0,327.0,332.0,315.0,331.0,1304300.0
2024-12-17,301.1734924316406,306.0,326.0,304.0,311.0,1273800.0
2024-12-18,315.9369201660156,321.0,324.0,304.0,309.0,730100.0
2024-12-19,310.03155517578125,315.0,317.0,309.0,316.0,572700.0
2024-12-20,307.078857421875,312.0,320.0,309.0,317.0,372300.0
2024-12-23,311.0157775878906,316.0,322.0,314.0,320.0,785700.0
2024-12-24,309.0473022460937,314.0,315.0,310.0,315.0,506000.0
2024-12-25,322.8265075683594,328.0,332.0,315.0,318.0,1028400.0
2024-12-26,320.8580322265625,326.0,340.0,323.0,326.0,826600.0
2024-12-27,331.6845397949219,337.0,346.0,330.0,334.0,1220000.0
2024-12-30,326.7633972167969,332.0,339.0,328.0,332.0,403100.0
2025-01-06,326.7633972167969,332.0,341.0,332.0,340.0,539700.0
2025-01-07,318.8895874023437,324.0,330.0,322.0,330.0,383600.0
2025-01-08,314.9526672363281,320.0,331.0,318.0,325.0,705000.0
2025-01-09,324.7949523925781,330.0,330.0,316.0,320.0,706300.0
2025-01-10,334.63720703125,340.0,342.0,325.0,329.0,653400.0
2025-01-14,334.63720703125,340.0,344.0,334.0,338.0,524000.0
2025-01-15,321.8422546386719,327.0,339.0,323.0,339.0,454900.0
2025-01-16,314.9526672363281,320.0,327.0,318.0,327.0,278100.0
2025-01-17,308.0630798339844,313.0,321.0,312.0,319.0,359300.0
2025-01-20,312.0,317.0,329.0,317.0,327.0,404700.0
2025-01-21,312.0,317.0,318.0,313.0,316.0,217300.0
2025-01-22,302.15771484375,307.0,315.0,307.0,313.0,349000.0
2025-01-23,307.078857421875,312.0,314.0,307.0,310.0,355400.0
2025-01-24,305.11041259765625,310.0,313.0,307.0,310.0,274900.0
2025-01-27,313.96844482421875,319.0,327.0,315.0,315.0,471100.0
2025-01-28,311.0157775878906,316.0,319.0,314.0,315.0,395500.0
2025-01-29,312.0,317.0,324.0,313.0,315.0,1259400.0
2025-01-30,318.0,318.0,321.0,312.0,315.0,1123500.0
2025-01-31,319.0,319.0,321.0,308.0,314.0,473700.0
2025-02-03,332.0,332.0,333.0,320.0,321.0,698300.0
2025-02-04,345.0,345.0,347.0,326.0,331.0,892500.0
2025-02-05,344.0,344.0,361.0,343.0,361.0,1317500.0
2025-02-06,345.0,345.0,350.0,338.0,345.0,566600.0
2025-02-07,341.0,341.0,349.0,341.0,343.0,233300.0
2025-02-10,339.0,339.0,341.0,332.0,338.0,294900.0
2025-02-12,339.0,339.0,341.0,334.0,340.0,145600.0
2025-02-13,339.0,339.0,344.0,337.0,339.0,261800.0
2025-02-14,335.0,335.0,339.0,334.0,339.0,237700.0
2025-02-17,337.0,337.0,345.0,336.0,336.0,254300.0
2025-02-18,333.0,333.0,338.0,331.0,336.0,259700.0
2025-02-19,331.0,331.0,336.0,330.0,336.0,171500.0
2025-02-20,328.0,328.0,333.0,325.0,331.0,179200.0
2025-02-21,324.0,324.0,327.0,321.0,326.0,218200.0
2025-02-25,335.0,335.0,335.0,322.0,322.0,295900.0
2025-02-26,328.0,328.0,333.0,325.0,331.0,212200.0
2025-02-27,335.0,335.0,335.0,328.0,329.0,105800.0
2025-02-28,324.0,324.0,334.0,322.0,334.0,267000.0
2025-03-03,316.0,316.0,323.0,310.0,322.0,472600.0
2025-03-04,316.0,316.0,321.0,311.0,314.0,715700.0
2025-03-05,320.0,320.0,322.0,316.0,319.0,242000.0
2025-03-06,315.0,315.0,322.0,315.0,321.0,138300.0
2025-03-07,315.0,315.0,318.0,312.0,314.0,181400.0
2025-03-10,314.0,314.0,318.0,312.0,318.0,122500.0
2025-03-11,316.0,316.0,316.0,305.0,314.0,260700.0
2025-03-12,330.0,330.0,332.0,314.0,314.0,315600.0
2025-03-13,329.0,329.0,336.0,325.0,327.0,346400.0
2025-03-14,340.0,340.0,340.0,327.0,328.0,315100.0
2025-03-17,334.0,334.0,347.0,334.0,343.0,699900.0
2025-03-18,283.0,283.0,301.0,283.0,300.0,3821600.0
2025-03-19,285.0,285.0,287.0,281.0,284.0,1810000.0
2025-03-21,284.0,284.0,287.0,282.0,284.0,927100.0
2025-03-24,276.0,276.0,285.0,276.0,282.0,1004300.0
2025-03-25,271.0,271.0,278.0,270.0,277.0,673800.0
2025-03-26,274.0,274.0,276.0,271.0,272.0,544900.0
2025-03-27,277.0,277.0,277.0,272.0,273.0,388400.0
2025-03-28,274.0,274.0,281.0,273.0,277.0,474000.0
2025-03-31,269.0,269.0,275.0,267.0,267.0,741600.0
2025-04-01,266.0,266.0,276.0,265.0,276.0,415300.0
2025-04-02,265.0,265.0,271.0,264.0,270.0,361500.0
2025-04-03,257.0,257.0,259.0,252.0,252.0,617500.0
2025-04-04,245.0,245.0,256.0,238.0,254.0,1091700.0
2025-04-07,221.0,221.0,231.0,218.0,225.0,572600.0
2025-04-08,242.0,242.0,246.0,232.0,232.0,339400.0
2025-04-09,229.0,229.0,236.0,225.0,234.0,438100.0
2025-04-10,242.0,242.0,244.0,229.0,237.0,507000.0
2025-04-11,248.0,248.0,251.0,235.0,239.0,398400.0
2025-04-14,255.0,255.0,259.0,250.0,251.0,405500.0
2025-04-15,254.0,254.0,260.0,254.0,259.0,177500.0
2025-04-16,246.0,246.0,255.0,244.0,254.0,329700.0
2025-04-17,249.0,249.0,250.0,245.0,247.0,199200.0
2025-04-18,255.0,255.0,255.0,248.0,248.0,138100.0
2025-04-21,256.0,256.0,259.0,252.0,256.0,213300.0
2025-04-22,253.0,253.0,254.0,250.0,253.0,228300.0
2025-04-23,257.0,257.0,258.0,253.0,256.0,247000.0
2025-04-24,263.0,263.0,273.0,253.0,258.0,1574900.0
2025-04-25,256.0,256.0,261.0,256.0,260.0,226900.0
2025-04-28,261.0,261.0,262.0,254.0,259.0,458800.0
2025-04-30,262.0,262.0,266.0,258.0,262.0,454700.0
2025-05-01,264.0,264.0,265.0,259.0,263.0,283300.0
2025-05-02,262.0,262.0,265.0,260.0,263.0,211200.0
2025-05-07,288.0,288.0,289.0,275.0,276.0,1653000.0
2025-05-08,281.0,281.0,286.0,280.0,285.0,459500.0
2025-05-09,281.0,281.0,285.0,281.0,283.0,238300.0
2025-05-12,282.0,282.0,285.0,281.0,282.0,187300.0
2025-05-13,285.0,285.0,285.0,280.0,283.0,250600.0
2025-05-14,285.0,285.0,287.0,282.0,285.0,209000.0
2025-05-15,284.0,284.0,286.0,282.0,284.0,262100.0
2025-05-16,288.0,288.0,289.0,282.0,284.0,377900.0
2025-05-19,289.0,289.0,289.0,285.0,288.0,299200.0
2025-05-20,296.0,296.0,298.0,287.0,289.0,577200.0
2025-05-21,294.0,294.0,299.0,292.0,298.0,341500.0
2025-05-22,290.0,290.0,296.0,288.0,292.0,308000.0
2025-05-23,292.0,292.0,294.0,290.0,290.0,192800.0
2025-05-26,298.0,298.0,299.0,293.0,293.0,282500.0
2025-05-27,298.0,298.0,299.0,296.0,297.0,127300.0
2025-05-28,311.0,311.0,319.0,298.0,298.0,1120500.0
2025-05-29,321.0,321.0,323.0,312.0,313.0,557000.0
2025-05-30,323.0,323.0,323.0,316.0,318.0,457400.0
2025-06-02,330.0,330.0,332.0,319.0,322.0,479200.0
2025-06-03,334.0,334.0,334.0,324.0,328.0,338900.0
2025-06-04,391.0,391.0,399.0,354.0,354.0,4452000.0
2025-06-05,390.0,390.0,399.0,385.0,388.0,1726100.0
2025-06-06,388.0,388.0,400.0,385.0,390.0,1063900.0
2025-06-09,402.0,402.0,408.0,387.0,388.0,1363800.0
2025-06-10,404.0,404.0,408.0,397.0,400.0,887800.0
2025-06-11,406.0,406.0,409.0,397.0,402.0,958900.0
2025-06-12,397.0,397.0,406.0,395.0,405.0,535400.0
2025-06-13,407.0,407.0,408.0,400.0,405.0,905300.0
2025-06-16,409.0,409.0,412.0,395.0,407.0,1518500.0
2025-06-17,426.0,426.0,426.0,395.0,398.0,2669500.0
2025-06-18,438.0,438.0,443.0,426.0,433.0,1417000.0
2025-06-19,441.0,441.0,443.0,427.0,437.0,956600.0
2025-06-20,433.0,433.0,444.0,429.0,440.0,813500.0
2025-06-23,420.0,420.0,432.0,417.0,432.0,919700.0
2025-06-24,425.0,425.0,432.0,422.0,422.0,594900.0
2025-06-25,424.0,424.0,430.0,417.0,425.0,440100.0
2025-06-26,410.0,410.0,422.0,408.0,419.0,585800.0
2025-06-27,402.0,402.0,416.0,401.0,415.0,654800.0
2025-06-30,421.0,421.0,428.0,409.0,410.0,879300.0
2025-07-01,417.0,417.0,420.0,407.0,413.0,507100.0
2025-07-02,418.0,418.0,420.0,408.0,414.0,466700.0
2025-07-03,411.0,411.0,436.0,408.0,412.0,1221600.0
2025-07-04,409.0,409.0,419.0,409.0,415.0,436400.0
2025-07-07,412.0,412.0,424.0,407.0,407.0,659700.0
2025-07-08,411.0,411.0,417.0,409.0,411.0,348800.0
2025-07-09,422.0,422.0,428.0,416.0,416.0,530300.0
2025-07-10,428.0,428.0,440.0,425.0,432.0,898500.0
2025-07-11,426.0,426.0,434.0,420.0,430.0,538000.0
2025-07-14,436.0,436.0,448.0,435.0,440.0,1024000.0
2025-07-15,453.0,453.0,474.0,450.0,451.0,1730500.0
2025-07-16,468.0,468.0,474.0,445.0,448.0,1231100.0
2025-07-17,469.0,469.0,472.0,464.0,468.0,779000.0
2025-07-18,457.0,457.0,473.0,452.0,469.0,644800.0
2025-07-22,470.0,470.0,474.0,457.0,457.0,567000.0
2025-07-23,465.0,465.0,478.0,463.0,473.0,622600.0
2025-07-24,469.0,469.0,470.0,458.0,470.0,466900.0
2025-07-25,483.0,483.0,487.0,472.0,474.0,1057400.0
2025-07-28,477.0,477.0,487.0,474.0,485.0,756500.0
2025-07-29,476.0,476.0,482.0,469.0,475.0,465700.0
2025-07-30,479.0,479.0,486.0,473.0,477.0,691300.0
2025-07-31,487.0,487.0,487.0,476.0,481.0,685000.0
2025-08-01,491.0,491.0,498.0,483.0,489.0,622100.0
2025-08-04,495.0,495.0,496.0,484.0,484.0,493800.0
2025-08-05,531.0,531.0,536.0,519.0,530.0,1405300.0
2025-08-06,543.0,543.0,543.0,526.0,531.0,801800.0
2025-08-07,557.0,557.0,557.0,531.0,536.0,689400.0
2025-08-08,559.0,559.0,563.0,551.0,555.0,520900.0
2025-08-12,563.0,563.0,563.0,549.0,560.0,654100.0
2025-08-13,562.0,562.0,568.0,554.0,563.0,545400.0
2025-08-14,585.0,585.0,594.0,559.0,565.0,870100.0
2025-08-15,557.0,557.0,585.0,557.0,581.0,1017200.0
2025-08-18,518.0,518.0,551.0,510.0,551.0,1733700.0
2025-08-19,521.0,521.0,528.0,512.0,526.0,699600.0
2025-08-20,524.0,524.0,525.0,515.0,521.0,450600.0
2025-08-21,522.0,522.0,531.0,519.0,528.0,426100.0
2025-08-22,523.0,523.0,526.0,517.0,524.0,320000.0
2025-08-25,546.0,546.0,552.0,528.0,530.0,985700.0
2025-08-26,542.0,542.0,547.0,531.0,544.0,467800.0
2025-08-27,537.0,537.0,543.0,528.0,536.0,442000.0
2025-08-28,530.0,530.0,533.0,520.0,528.0,426600.0
2025-08-29,495.0,495.0,530.0,493.0,528.0,1369800.0
2025-09-01,490.0,490.0,504.0,485.0,497.0,577700.0
2025-09-02,489.0,489.0,496.0,487.0,494.0,296000.0
2025-09-03,523.0,523.0,537.0,515.0,524.0,1576200.0
2025-09-04,523.0,523.0,526.0,517.0,525.0,425700.0
2025-09-05,540.0,540.0,541.0,518.0,521.0,581200.0
2025-09-08,541.0,541.0,552.0,539.0,545.0,404600.0
2025-09-09,525.0,525.0,541.0,524.0,540.0,451500.0
2025-09-10,514.0,514.0,521.0,510.0,521.0,382800.0
2025-09-11,519.0,519.0,519.0,507.0,510.0,339300.0
2025-09-12,553.0,553.0,560.0,528.0,529.0,1678600.0
2025-09-16,559.0,559.0,570.0,551.0,563.0,1841900.0
2025-09-17,490.0,490.0,524.0,480.0,509.0,3449500.0
2025-09-18,472.0,472.0,492.0,466.0,488.0,1832600.0
2025-09-19,465.0,465.0,474.0,461.0,467.0,1096900.0
2025-09-22,468.0,468.0,470.0,461.0,465.0,671500.0
2025-09-24,463.0,463.0,478.0,463.0,470.0,848400.0
2025-09-25,461.0,461.0,464.0,456.0,460.0,692800.0
2025-09-26,462.0,462.0,468.0,457.0,464.0,463100.0
2025-09-29,482.0,482.0,487.0,466.0,466.0,839900.0
2025-09-30,477.0,477.0,488.0,476.0,486.0,446800.0
2025-10-01,491.0,491.0,491.0,472.0,477.0,610900.0
2025-10-02,474.0,474.0,500.0,466.0,498.0,949000.0
2025-10-03,463.0,463.0,477.0,458.0,468.0,723700.0
2025-10-06,472.0,472.0,473.0,458.0,468.0,487700.0
2025-10-07,460.0,460.0,471.0,454.0,467.0,754600.0
2025-10-08,435.0,435.0,456.0,435.0,452.0,841600.0
2025-10-09,440.0,440.0,441.0,433.0,434.0,523900.0
2025-10-10,444.0,444.0,450.0,441.0,441.0,482900.0
2025-10-14,448.0,448.0,458.0,441.0,444.0,655900.0
2025-10-15,467.0,467.0,470.0,456.0,456.0,549600.0
2025-10-16,455.0,455.0,470.0,448.0,464.0,455000.0
2025-10-17,443.0,443.0,452.0,440.0,449.0,248500.0
2025-10-20,466.0,466.0,468.0,447.0,449.0,508900.0
2025-10-21,478.0,478.0,487.0,464.0,469.0,777300.0
2025-10-22,482.0,482.0,482.0,470.0,474.0,290900.0
2025-10-23,490.0,490.0,492.0,481.0,481.0,523400.0
2025-10-24,491.0,491.0,496.0,484.0,487.0,508800.0
2025-10-27,494.0,494.0,496.0,488.0,491.0,338100.0
2025-10-28,475.0,475.0,490.0,475.0,488.0,343600.0
2025-10-29,467.0,467.0,478.0,461.0,475.0,239000.0
2025-10-30,462.0,462.0,474.0,461.0,468.0,913900.0
2025-10-31,455.0,455.0,467.0,450.0,460.0,358200.0
2025-11-04,459.0,459.0,463.0,449.0,455.0,393300.0
2025-11-05,464.0,464.0,465.0,449.0,457.0,330000.0
2025-11-06,467.0,467.0,486.0,466.0,479.0,607300.0
2025-11-07,467.0,467.0,467.0,456.0,459.0,448500.0
2025-11-10,468.0,468.0,473.0,465.0,469.0,217700.0
2025-11-11,470.0,470.0,473.0,460.0,471.0,204800.0
2025-11-12,466.0,466.0,476.0,464.0,467.0,379400.0
2025-11-13,457.0,457.0,469.0,455.0,468.0,308400.0
2025-11-14,450.0,450.0,460.0,450.0,455.0,263900.0
2025-11-17,402.0,402.0,438.0,401.0,436.0,1261800.0
2025-11-18,390.0,390.0,402.0,389.0,402.0,720700.0
2025-11-19,381.0,381.0,390.0,375.0,387.0,549900.0
2025-11-20,383.0,383.0,391.0,383.0,385.0,345100.0
2025-11-21,387.0,387.0,390.0,375.0,376.0,434300.0
2025-11-25,389.0,389.0,394.0,388.0,391.0,201200.0
2025-11-26,398.0,398.0,398.0,390.0,391.0,167300.0
2025-11-27,398.0,398.0,403.0,394.0,398.0,290100.0
2025-11-28,399.0,399.0,406.0,396.0,400.0,343300.0
2025-12-01,406.0,406.0,408.0,400.0,400.0,468300.0
2025-12-02,401.0,401.0,406.0,400.0,404.0,366300.0
2025-12-03,426.0,426.0,451.0,424.0,433.0,1790100.0
2025-12-04,438.0,438.0,440.0,417.0,427.0,941900.0
