Ticker,銘柄名,三平,RCI,75SMA越,25SMA越
1964,中外炉工業,3,-80.0,0,0
2266,六甲バター,3,-50.83333333333333,11,16
1888,若築建設,3,-50.0,36,0
1847,イチケン,3,-80.41666666666667,31,0
2148,アイティメディア,3,-54.58333333333334,0,0
1820,西松建設,3,-56.66666666666666,19,2
2198,アイ・ケイ・ケイホールディングス,3,-1.6666666666666607,27,0
1852,淺沼組,3,-72.08333333333334,36,0
2440,ぐるなび,3,-60.83333333333334,0,0
2127,日本Ｍ＆Ａセンターホールディングス,3,-50.0,0,0
1979,大氣社,3,-79.58333333333334,0,0
1379,ホクト,3,-38.74999999999999,28,2
2445,タカミヤ,3,-55.41666666666667,0,0
2429,ワールドホールディングス,3,-5.833333333333335,50,2
