Ticker,銘柄名,ブレークアウト日数,75SMA越
7381,ＣＣＩグループ,115.0,61
6788,日本トリム,115.0,71
7590,タカショー,115.0,1
9619,イチネンホールディングス,115.0,75
5542,新報国マテリアル,115.0,33
9928,ミロク情報サービス,115.0,58
4178,Ｓｈａｒｉｎｇ　Ｉｎｎｏｖａｔｉｏｎｓ,115.0,21
7389,あいちフィナンシャルグループ,115.0,59
7486,サンリン,115.0,72
6533,Ｏｒｃｈｅｓｔｒａ　Ｈｏｌｄｉｎｇｓ,115.0,7
7127,一家ホールディングス,115.0,63
8104,クワザワホールディングス,115.0,91
3908,コラボス,115.0,55
8772,アサックス,115.0,52
5033,ヌーラボ,115.0,70
8563,大東銀行,115.0,52
3484,イノベーションホールディングス,115.0,21
7181,かんぽ生命保険,115.0,58
4053,Ｓｕｎ　Ａｓｔｅｒｉｓｋ,115.0,10
9246,プロジェクトホールディングス,115.0,42
456A,ＨＵＭＡＮ　ＭＡＤＥ,115.0,6
9081,神奈川中央交通,115.0,74
4627,ナトコ,115.0,34
7133,ＨＹＵＧＡ　ＰＲＩＭＡＲＹ　ＣＡＲＥ,115.0,64
7435,ナ・デックス,115.0,39
5986,モリテック　スチール,115.0,58
3024,クリエイト,115.0,52
7897,ホクシン,115.0,36
4012,アクシス,115.0,8
8207,テンアライド,115.0,60
142A,ジンジブ,115.0,43
4124,大阪油化工業,115.0,56
7624,ＮａＩＴＯ,115.0,68
5962,浅香工業,115.0,60
3175,エー・ピーホールディングス,115.0,59
1770,藤田エンジニアリング,115.0,78
7091,リビングプラットフォーム,115.0,28
428A,サイプレス・ホールディングス,115.0,126
558A,ＳＱＵＥＥＺＥ,115.0,58
3143,オーウイル,110.0,34
3839,ＯＤＫソリューションズ,110.0,2
8562,福島銀行,105.0,35
4972,綜研化学,105.0,20
1724,シンクレイヤ,100.0,32
3600,フジックス,100.0,67
7322,三十三フィナンシャルグループ,100.0,68
7804,ビーアンドピー,100.0,41
7422,東邦レマック,95.0,14
6440,ＪＵＫＩ,90.0,36
332A,ミーク,90.0,25
7975,リヒトラブ,85.0,32
7111,ＩＮＥＳＴ,80.0,51
7326,ＳＢＩインシュアランスグループ,80.0,14
4450,パワーソリューションズ,80.0,39
4376,くふうカンパニーホールディングス,70.0,8
7361,ヒューマンクリエイションホールディングス,70.0,29
5867,エスネットワークス,65.0,35
4068,ベイシス,60.0,23
246A,アスア,60.0,7
5817,ＪＭＡＣＳ,60.0,22
6837,京写,55.0,6
3607,クラウディアホールディングス,55.0,7
6962,大真空,50.0,2
8029,ルックホールディングス,50.0,7
3529,アツギ,45.0,1
6505,東洋電機製造,45.0,48
6832,アオイ電子,45.0,1
6768,タムラ製作所,40.0,2
3996,サインポスト,40.0,22
7807,幸和製作所,40.0,48
6267,ゼネラルパッカー,35.0,58
5237,ノザワ,35.0,9
2810,ハウス食品グループ本社,35.0,96
2911,旭松食品,35.0,6
3494,マリオン,35.0,60
8147,トミタ,35.0,62
7857,セキ,35.0,1
4372,ユミルリンク,35.0,60
195A,ＭＵＳＣＡＴ　ＧＲＯＵＰ,35.0,8
4310,ドリームインキュベータ,35.0,2
4444,インフォネット,30.0,60
3750,ＡＤＲ１２０Ｓ,30.0,18
7477,ムラキ,30.0,0
2795,日本プリメックス,30.0,7
3204,トーア紡コーポレーション,30.0,3
5105,ＴＯＹＯ　ＴＩＲＥ,30.0,2
6228,ジェイ・イー・ティ,30.0,1
7297,カーメイト,30.0,5
9057,遠州トラック,30.0,25
8045,横浜丸魚,25.0,72
6391,加地テック,25.0,38
6635,大日光・エンジニアリング,25.0,1
1967,ヤマト,25.0,25
3744,サイオス,25.0,0
6083,ＥＲＩホールディングス,25.0,33
2158,ＦＲＯＮＴＥＯ,20.0,7
9305,ヤマタネ,20.0,8
7067,ブランディングテクノロジー,20.0,55
8850,スターツコーポレーション,20.0,8
3760,ケイブ,20.0,52
6467,ニチダイ,20.0,31
7916,光村印刷,20.0,36
1961,三機工業,20.0,2
7377,ＤＮホールディングス,20.0,1
6392,ヤマダコーポレーション,15.0,94
3916,デジタル・インフォメーション・テクノロジー,15.0,55
4616,川上塗料,15.0,55
6617,東光高岳,15.0,0
3035,ケイティケイ,15.0,0
4926,シーボン,15.0,55
8132,シナネンホールディングス,15.0,6
8081,カナデン,15.0,8
3031,ラクーンホールディングス,15.0,34
8141,新光商事,15.0,0
1419,タマホーム,15.0,0
4574,大幸薬品,15.0,1
8383,鳥取銀行,15.0,58
9355,リンコーコーポレーション,15.0,1
9685,ＫＹＣＯＭホールディングス,15.0,1
138A,光フードサービス,15.0,29
6278,ユニオンツール,15.0,0
9221,フルハシＥＰＯ,15.0,3
6262,ＰＥＧＡＳＵＳ,15.0,3
7986,日本アイ・エス・ケイ,15.0,37
3562,Ｎｏ．１,15.0,35
6803,ティアック,15.0,14
5575,Ｇｌｏｂｅｅ,15.0,52
5870,ナルネットコミュニケーションズ,15.0,32
1418,インターライフホールディングス,15.0,61
7198,ＳＢＩアルヒ,15.0,34
9955,ヨンキュウ,10.0,52
9986,蔵王産業,10.0,12
9029,ヒガシホールディングス,10.0,0
4098,チタン工業,10.0,0
3386,コスモ・バイオ,10.0,1
8095,アステナホールディングス,10.0,8
8358,スルガ銀行,10.0,126
2930,北の達人コーポレーション,10.0,30
5356,美濃窯業,10.0,0
6165,パンチ工業,10.0,38
5869,早稲田学習研究会,10.0,30
4445,リビン・テクノロジーズ,10.0,44
7856,萩原工業,10.0,64
5929,三和ホールディングス,10.0,0
5126,ポーターズ,10.0,0
6125,岡本工作機械製作所,10.0,0
9679,ホウライ,10.0,1
2179,成学社,10.0,56
4641,アルプス技研,10.0,9
9361,伏木海陸運送,10.0,0
6038,イード,10.0,1
9215,ＣａＳｙ,10.0,58
4931,新日本製薬,10.0,34
9827,リリカラ,10.0,42
7735,ＳＣＲＥＥＮホールディングス,10.0,0
6490,ＰＩＬＬＡＲ,10.0,3
3054,ハイパー,10.0,27
3816,大和コンピューター,10.0,1
9341,ＧＥＮＯＶＡ,10.0,8
6018,阪神内燃機工業,10.0,3
2736,フェスタリアホールディングス,10.0,0
7114,フーディソン,10.0,41
9233,アジア航測,10.0,34
6294,オカダアイヨン,10.0,0
2139,中広,10.0,63
9206,スターフライヤー,10.0,7
9972,アルテック,10.0,5
2153,Ｅ・Ｊホールディングス,10.0,50
9820,エムティジェネックス,10.0,55
3388,明治電機工業,10.0,5
4687,ＴＤＣソフト,10.0,31
2341,アルバイトタイムス,10.0,28
7177,ＧＭＯフィナンシャルホールディングス,10.0,57
3490,アズ企画設計,10.0,1
8040,東京ソワール,10.0,29
5279,日本興業,10.0,2
7217,テイン,10.0,32
7888,三光合成,10.0,49
4935,リベルタ,10.0,0
9633,東京テアトル,10.0,56
7245,大同メタル工業,10.0,0
2999,ホームポジション,10.0,0
7220,武蔵精密工業,10.0,0
2916,仙波糖化工業,10.0,1
6626,ＳＥＭＩＴＥＣ,10.0,32
8923,トーセイ,10.0,1
4243,ニックス,10.0,79
9438,エムティーアイ,10.0,8
5458,高砂鐵工,10.0,94
8542,トマト銀行,10.0,46
6327,北川精機,10.0,0
9791,ビケンテクノ,10.0,3
241A,ＲＯＸＸ,10.0,1
6654,不二電機工業,10.0,0
6408,小倉クラッチ,10.0,21
6347,プラコー,10.0,0
7318,セレンディップ・ホールディングス,10.0,0
6382,トリニティ工業,10.0,3
2461,ファンコミュニケーションズ,10.0,0
5830,いよぎんホールディングス,10.0,72
3986,ビーブレイクシステムズ,10.0,1
268A,リガク・ホールディングス,10.0,0
6231,木村工機,10.0,0
8309,三井住友トラストグループ,10.0,0
7416,はるやまホールディングス,10.0,32
7970,信越ポリマー,5.0,3
4750,ダイサン,5.0,1
4351,山田再生系債権回収総合事務所,5.0,0
4120,スガイ化学工業,5.0,2
6306,日工,5.0,93
373A,リップス,5.0,2
5334,日本特殊陶業,5.0,0
8306,三菱ＵＦＪフィナンシャル・グループ,5.0,96
9271,和心,5.0,0
4119,日本ピグメントホールディングス,5.0,56
4386,ＳＩＧグループ,5.0,39
4356,応用技術,5.0,2
5726,大阪チタニウムテクノロジーズ,5.0,0
4395,アクリート,5.0,0
9835,ジュンテンドー,5.0,2
7072,インティメート・マージャー,5.0,88
6273,ＳＭＣ,5.0,0
3068,ＷＤＩ,5.0,58
4615,神東塗料,5.0,60
4299,ハイマックス,5.0,56
6104,芝浦機械,5.0,6
5125,ファインズ,5.0,13
6823,リオン,5.0,0
3944,古林紙工,5.0,52
3091,ブロンコビリー,5.0,23
7616,コロワイド,5.0,55
7460,ヤギ,5.0,0
7040,サン・ライフホールディング,5.0,1
8360,山梨中央銀行,5.0,339
6555,ＭＳ＆Ｃｏｎｓｕｌｔｉｎｇ,5.0,8
7585,かんなん丸,5.0,0
6307,サンセイ,5.0,38
7182,ゆうちょ銀行,5.0,2
6663,太洋テクノレックス,5.0,1
4406,新日本理化,5.0,36
1788,三東工業社,5.0,0
6614,シキノハイテック,5.0,1
7102,日本車輌製造,5.0,35
9768,いであ,5.0,42
9074,日本石油輸送,5.0,0
4990,昭和化学工業,5.0,31
5997,協立エアテック,5.0,1
6656,インスペック,5.0,0
7902,ソノコム,5.0,5
1401,エムビーエス,5.0,20
429A,テクセンドフォトマスク,5.0,0
7504,高速,5.0,71
3645,メディカルネット,5.0,17
1965,テクノ菱和,5.0,24
3105,日清紡ホールディングス,5.0,6
8917,ファースト住建,5.0,0
5355,日本坩堝,5.0,0
6360,東京自働機械製作所,5.0,104
4491,コンピューターマネージメント,5.0,63
6875,メガチップス,5.0,6
4736,日本ラッド,5.0,1
8511,日本証券金融,5.0,92
303A,ｖｉｓｕｍｏ,5.0,3
7567,栄電子,5.0,39
4680,ラウンドワン,5.0,1
9351,東洋埠頭,5.0,28
4193,ファブリカホールディングス,5.0,1
4194,ビジョナル,5.0,5
6334,明治機械,5.0,1
7634,星医療酸器,5.0,6
2217,モロゾフ,5.0,0
5831,しずおかフィナンシャルグループ,5.0,79
3157,ジオリーブグループ,5.0,23
7443,横浜魚類,5.0,57
3202,ダイトウボウ,5.0,10
8316,三井住友フィナンシャルグループ,5.0,2
2695,くら寿司,5.0,42
7254,ユニバンス,5.0,45
8411,みずほフィナンシャルグループ,5.0,90
3682,エンカレッジ・テクノロジ,5.0,0
6470,大豊工業,5.0,4
3299,ムゲンエステート,5.0,0
3201,日本毛織,5.0,56
6466,ＴＶＥ,5.0,3
9278,ブックオフグループホールディングス,5.0,57
4224,ロンシール工業,5.0,61
1375,ユキグニファクトリー,5.0,74
6754,アンリツ,5.0,0
3089,テクノアルファ,5.0,2
7640,トップカルチャー,5.0,31
5757,ＣＫサンエツ,5.0,0
423A,ライオン事務器,5.0,46
2169,ＣＤＳ,5.0,6
6508,明電舎,5.0,38
8275,フォーバル,5.0,2
9257,ＹＣＰホールディングス（グローバル）リミテッド　ＪＤＲ,5.0,0
6103,オークマ,5.0,0
7729,東京精密,5.0,0
6727,ワコム,5.0,8
9651,日本プロセス,5.0,57
148A,ハッチ・ワーク,5.0,5
7919,野崎印刷紙業,5.0,52
9365,トレーディア,5.0,61
6549,ディーエムソリューションズ,5.0,9
7571,ヤマノホールディングス,5.0,2
9339,コーチ・エィ,5.0,76
8704,トレイダーズホールディングス,5.0,99
1436,グリーンエナジー＆カンパニー,5.0,25
8163,ＳＲＳホールディングス,5.0,63
5026,トリプルアイズ,5.0,3
7810,クロスフォー,5.0,0
6279,瑞光,5.0,8
3173,Ｃｏｍｉｎｉｘ,5.0,91
1981,協和日成,5.0,22
3020,アプライド,5.0,66
6370,栗田工業,5.0,0
6034,ＭＲＴ,5.0,0
