Ticker,銘柄名,空
7360,オンデック,-2
4175,ｃｏｌｙ,-2
9238,バリュークリエーション,-1
7837,アールシーコア,-1
5423,東京製鐵,-1
9476,中央経済社ホールディングス,-1
6594,ニデック,-1
8217,オークワ,-1
6402,兼松エンジニアリング,-1
3800,ユニリタ,-1
3571,ソトー,-1
3712,情報企画,-1
3184,ＩＣＤＡホールディングス,-1
7863,平賀,-1
5695,パウダーテック,-1
6772,東京コスモス電機,-1
9408,ＢＳＮメディアホールディングス,-1
1605,ＩＮＰＥＸ,-1
7487,小津産業,-1
5268,旭コンクリート工業,-1
3415,ＴＯＫＹＯ　ＢＡＳＥ,-1
369A,エータイ,-1
8136,サンリオ,-1
4624,イサム塗料,-1
7138,ＴＯＲＩＣＯ,-1
4536,参天製薬,-1
8198,マックスバリュ東海,-1
7985,ネポン,-1
4712,ＫｅｙＨｏｌｄｅｒ,-1
6183,ベルシステム２４ホールディングス,-1
6092,エンバイオ・ホールディングス,-1
9250,ＧＲＣＳ,-1
5257,ノバシステム,-1
4547,キッセイ薬品工業,-1
6027,弁護士ドットコム,-1
3178,チムニー,-1
6022,赤阪鐵工所,-1
3930,はてな,-1
4519,中外製薬,-1
4446,Ｌｉｎｋ－Ｕグループ,-1
9647,協和コンサルタンツ,-1
4196,ネオマーケティング,-1
5250,ＧＭＯプライム・ストラテジー,-1
4754,トスネット,-1
9850,グルメ杵屋,-1
3439,三ツ知,-1
5721,エスクリプトエナジー,-1
7803,ブシロード,-1
7036,イーエムネットジャパン,-1
3375,ＺＯＡ,-1
7851,カワセコンピュータサプライ,-1
5922,那須電機鉄工,-1
5162,朝日ラバー,-1
3841,ジーダット,-1
9428,クロップス,-1
4568,第一三共,-1
5983,イワブチ,-1
3670,協立情報通信,-1
5380,新東,-1
