Ticker,銘柄名,75SMA越,25SMA越,出来高前日比
7980,重松製作所,1,1,0.7
4238,ミライアル,1,1,1.0
8179,ロイヤルホールディングス,1,0,0.9
6554,エスユーエス,1,0,0.9
4919,ミルボン,1,1,0.9
3636,三菱総合研究所,1,0,0.9
4826,ＣＩＪ,1,0,0.9
5254,Ａｒｅｎｔ,1,1,0.8
3939,カナミックネットワーク,1,0,0.9
5832,ちゅうぎんフィナンシャルグループ,1,1,0.9
4784,ＧＭＯインターネット,1,0,1.0
6803,ティアック,1,0,1.0
3393,スターティアホールディングス,1,1,1.0
4245,ダイキアクシス,1,1,1.0
416A,富士ユナイトホールディングス,1,1,1.0
6758,ソニーグループ,1,0,1.1
6405,鈴茂器工,1,1,0.0
6227,ＡＩメカテック,1,1,0.7
7510,たけびし,1,1,0.7
4635,東京インキ,1,0,0.7
3135,マーケットエンタープライズ,1,0,2.0
372A,レント,1,1,1.2
4095,日本パーカライジング,1,1,1.2
6063,日本エマージェンシーアシスタンス,1,1,1.2
5186,ニッタ,1,0,1.0
7803,ブシロード,1,0,1.0
6752,パナソニック　ホールディングス,1,1,1.0
4165,プレイド,1,0,1.0
6089,ウィルグループ,1,0,1.0
8511,日本証券金融,1,0,0.9
3733,ソフトウェア・サービス,1,0,1.1
3501,ＳＵＭＩＮＯＥ,1,1,0.9
9324,安田倉庫,1,1,1.0
8725,ＭＳ＆ＡＤインシュアランスグループホールディングス,1,0,0.9
4334,ユークス,1,0,1.0
7264,ムロコーポレーション,1,1,1.0
9558,ジャパニアス,1,1,1.2
5192,三ツ星ベルト,1,0,1.0
3405,クラレ,1,0,1.1
8130,サンゲツ,1,0,1.1
3968,セグエグループ,1,1,1.1
6156,エーワン精密,1,1,1.0
9251,ＡＢ＆Ｃｏｍｐａｎｙ,1,1,1.0
542A,ビタブリッドジャパン,1,1,0.9
7867,タカラトミー,1,1,1.0
5933,アルインコ,1,0,0.8
5699,イボキン,1,0,0.9
3657,ポールトゥウィンホールディングス,1,0,1.5
7604,梅の花グループ,1,1,0.9
6962,大真空,1,1,0.9
3778,さくらインターネット,1,0,0.9
5742,エヌアイシ・オートテック,1,0,0.8
3904,カヤック,1,1,1.0
8550,栃木銀行,1,1,1.1
4819,デジタルガレージ,1,1,1.1
7781,平山ホールディングス,1,0,1.1
4704,トレンドマイクロ,1,1,1.0
5729,日本精鉱,1,0,1.0
7287,日本精機,1,1,1.0
4445,リビン・テクノロジーズ,1,0,1.0
8158,ソーダニッカ,1,0,1.0
6037,楽待,1,1,1.0
431A,ユーソナー,1,1,1.0
4475,ＨＥＮＮＧＥ,1,1,1.0
9605,東映,1,0,1.0
7463,アドヴァングループ,1,0,1.0
3560,ほぼ日,1,1,1.0
6947,図研,1,1,1.0
9757,船井総研ホールディングス,1,0,1.0
5697,サンユウ,1,1,0.0
4373,シンプレクス・ホールディングス,1,0,0.0
3498,霞ヶ関キャピタル,1,1,1.0
5411,ＪＦＥホールディングス,1,0,1.0
5445,東京鐵鋼,1,0,0.8
1945,東京エネシス,1,1,1.0
4450,パワーソリューションズ,1,1,1.0
9104,商船三井,1,0,1.1
3804,システム　ディ,1,0,0.8
3371,ソフトクリエイトホールディングス,1,1,0.8
9416,ビジョン,1,1,0.9
7266,今仙電機製作所,1,0,0.9
9505,北陸電力,1,1,0.9
6363,酉島製作所,1,1,1.0
8070,東京産業,1,1,1.0
7640,トップカルチャー,1,1,1.0
7974,任天堂,1,0,1.0
6706,電気興業,1,1,1.0
9533,東邦瓦斯,1,0,1.0
8154,加賀電子,1,1,1.0
6276,シリウスビジョン,1,0,0.0
5589,オートサーバー,1,1,0.0
8056,ＢＩＰＲＯＧＹ,1,0,1.0
5591,ＡＶＩＬＥＮ,1,0,0.0
8395,佐賀銀行,1,1,1.0
9560,プログリット,1,1,0.8
9557,エアークローゼット,1,1,0.8
3997,トレードワークス,1,1,0.8
7745,Ａ＆Ｄホロンホールディングス,1,1,0.9
6328,荏原実業,1,1,0.9
6508,明電舎,1,1,0.9
5578,ＡＲアドバンストテクノロジ,1,1,0.0
3765,ガンホー・オンライン・エンターテイメント,1,0,1.0
4814,ネクストウェア,1,0,1.2
8058,三菱商事,1,0,1.0
4212,積水樹脂,1,0,1.0
5388,クニミネ工業,1,1,1.0
4376,くふうカンパニーホールディングス,1,1,0.0
4633,サカタインクス,1,1,1.0
6638,ミマキエンジニアリング,1,1,1.0
4568,第一三共,1,0,1.0
6238,フリュー,1,0,0.9
4588,オンコリスバイオファーマ,1,1,0.8
7561,ハークスレイ,1,0,0.9
4324,電通グループ,1,0,0.9
4892,サイフューズ,1,1,0.8
7184,富山第一銀行,1,1,0.8
8040,東京ソワール,1,1,0.9
5440,共英製鋼,1,0,0.9
8628,松井証券,1,0,0.9
9720,ホテル、ニューグランド,1,0,1.0
3710,ジョルダン,1,0,0.9
4073,ジィ・シィ企画,1,1,0.8
6788,日本トリム,1,1,0.8
4611,大日本塗料,1,0,0.8
6888,アクモス,1,1,0.6
7371,Ｚｅｎｋｅｎ,1,1,0.6
5410,合同製鐵,1,0,0.6
6072,地盤ネットホールディングス,1,0,0.6
460A,ＢＲＡＮＵ,1,1,0.7
8014,蝶理,1,0,0.6
4538,扶桑薬品工業,1,0,0.6
4350,メディカルシステムネットワーク,1,1,1.0
3387,クリエイト・レストランツ・ホールディングス,1,1,1.1
4914,高砂香料工業,1,0,0.9
5025,マーキュリー,1,0,1.0
8604,野村ホールディングス,1,0,1.0
1491,中外鉱業,1,0,1.0
4687,ＴＤＣソフト,1,1,0.9
9501,東京電力ホールディングス,1,0,0.9
6194,アトラエ,1,1,0.9
6279,瑞光,1,1,0.9
4709,ＩＤホールディングス,1,1,0.9
4208,ＵＢＥ,1,0,0.9
9506,東北電力,1,0,1.0
9702,アイ・エス・ビー,1,1,0.9
5269,日本コンクリート工業,1,0,0.9
4689,ＬＩＮＥヤフー,1,0,0.8
7779,ＣＹＢＥＲＤＹＮＥ,1,1,0.8
4812,電通総研,1,1,0.8
4882,ペルセウスプロテオミクス,1,1,0.8
3697,ＳＨＩＦＴ,1,0,0.9
367A,プリモグローバルホールディングス,1,1,0.9
9248,人・夢・技術グループ,1,0,0.9
5851,リョービ,1,1,1.2
3683,サイバーリンクス,1,0,1.1
4564,オンコセラピー・サイエンス,1,0,1.0
3660,アイスタイル,1,0,0.9
8918,ランド,1,1,1.0
6615,ユー・エム・シー・エレクトロニクス,1,0,0.9
7729,東京精密,1,1,0.9
5461,中部鋼鈑,1,0,0.9
4763,クリーク・アンド・リバー社,1,1,0.0
7927,ムトー精工,1,1,0.9
4025,多木化学,1,0,1.0
9511,沖縄電力,1,1,1.0
5122,オカモト,1,0,0.9
7475,アルビス,1,1,1.0
3521,テルマー湯ホールディングス,1,1,1.2
4665,ダスキン,1,0,0.8
7370,Ｅｎｊｉｎ,1,1,0.8
9438,エムティーアイ,1,1,0.8
5986,モリテック　スチール,1,1,0.8
4176,ココナラ,1,0,0.9
9468,ＫＡＤＯＫＡＷＡ,1,1,0.9
6727,ワコム,1,1,1.1
6964,サンコー,1,0,0.9
8066,三谷商事,1,1,0.9
6777,ｓａｎｔｅｃ　Ｈｏｌｄｉｎｇｓ,1,1,0.9
8848,レオパレス２１,1,1,0.8
4911,資生堂,1,0,0.8
9310,日本トランスシティ,1,0,0.8
5381,マイポックス,1,1,0.8
4125,三和油化工業,1,0,0.8
7161,じもとホールディングス,1,1,0.8
8119,三栄コーポレーション,1,0,0.8
7172,ジャパンインベストメントアドバイザー,1,1,1.0
8137,サンワテクノス,1,1,1.0
6258,平田機工,1,1,0.9
8439,東京センチュリー,1,0,1.1
6540,船場,1,0,1.1
6277,ホソカワミクロン,1,1,0.0
5480,日本冶金工業,1,0,1.1
6233,ＫＬＡＳＳ,1,0,1.1
3910,エムケイシステム,1,1,0.9
5471,大同特殊鋼,1,1,1.0
8929,青山財産ネットワークス,1,1,1.1
6741,日本信号,1,0,1.1
6740,ジャパンディスプレイ,1,1,1.1
6932,遠藤照明,1,1,0.9
8136,サンリオ,1,0,0.9
6351,鶴見製作所,1,1,0.9
3826,システムインテグレータ,1,0,1.1
5707,東邦亜鉛,1,0,0.9
477A,スタートライン,1,1,1.1
3925,ダブルスタンダード,1,0,0.9
8708,アイザワ証券グループ,1,0,0.9
4168,ヤプリ,1,1,0.9
7931,未来工業,1,0,0.9
4811,ドリーム・アーツ,1,1,0.9
6364,ＡＩＲＭＡＮ,1,0,0.7
8051,山善,1,0,0.7
5246,ＥＬＥＭＥＮＴＳ,1,1,0.0
3840,パス,1,1,0.7
3002,グンゼ,1,0,0.8
9434,ソフトバンク,1,0,1.1
463A,インテリックスホールディングス,1,1,0.7
9602,東宝,1,0,1.1
3916,デジタル・インフォメーション・テクノロジー,1,0,1.1
9017,新潟交通,1,1,1.0
6637,寺崎電気産業,1,0,1.1
4044,セントラル硝子,1,1,1.1
9130,共栄タンカー,1,1,0.8
6167,冨士ダイス,1,1,1.1
8334,群馬銀行,1,1,1.1
8306,三菱ＵＦＪフィナンシャル・グループ,1,1,1.1
3850,エヌ・ティ・ティ・データ・イントラマート,1,1,1.1
4478,フリー,1,0,1.1
3979,うるる,1,1,0.9
8125,ワキタ,1,0,0.9
7840,フランスベッドホールディングス,1,0,0.9
9119,飯野海運,1,0,0.9
9685,ＫＹＣＯＭホールディングス,1,1,0.9
4616,川上塗料,1,1,1.6
4650,ＳＤエンターテイメント,1,1,1.7
6302,住友重機械工業,1,1,1.7
3416,ピクスタ,1,0,2.0
7804,ビーアンドピー,1,1,2.1
6083,ＥＲＩホールディングス,1,1,2.1
7254,ユニバンス,1,0,2.0
8714,池田泉州ホールディングス,1,1,2.0
6488,ヨシタケ,1,1,2.2
6570,共和コーポレーション,1,1,1.8
5033,ヌーラボ,1,1,1.7
369A,エータイ,1,1,1.4
5870,ナルネットコミュニケーションズ,1,1,1.6
6960,フクダ電子,1,0,1.6
6469,放電精密加工研究所,1,1,1.6
8278,フジ,1,0,1.8
7173,東京きらぼしフィナンシャルグループ,1,1,1.6
6038,イード,1,1,1.3
3823,ＴＨＥ　ＷＨＹ　ＨＯＷ　ＤＯ　ＣＯＭＰＡＮＹ,1,1,2.1
8059,第一実業,1,0,0.2
8563,大東銀行,1,1,0.8
3962,チェンジホールディングス,1,0,0.7
5011,ニチレキグループ,1,0,0.8
9436,沖縄セルラー電話,1,0,1.7
9441,ベルパーク,1,1,3.0
7512,イオン北海道,1,0,1.3
6155,高松機械工業,1,1,2.0
4428,シノプス,1,0,2.0
3474,Ｇ－ＦＡＣＴＯＲＹ,1,1,1.6
6986,双葉電子工業,1,0,1.0
5892,ｙｕｔｏｒｉ,1,1,2.2
6455,モリタホールディングス,1,0,0.8
5015,ビーピー・カストロール,1,1,0.8
6840,ＡＫＩＢＡホールディングス,1,1,0.8
5597,ブルーイノベーション,1,0,0.8
7839,ＳＨＯＥＩ,1,1,0.7
4198,テンダ,1,1,0.7
6748,星和電機,1,1,1.8
5287,イトーヨーギョー,1,1,2.1
4360,マナック・ケミカル・パートナーズ,1,1,1.8
520A,ジェイファーマ,1,1,1.8
9268,オプティマスグループ,1,1,1.8
6652,ＩＤＥＣ,1,1,2.0
6562,ジーニー,1,1,2.0
3793,ドリコム,1,1,1.6
480A,リブ・コンサルティング,1,1,2.8
7362,Ｔ．Ｓ．Ｉ,1,1,2.8
3625,テックファームホールディングス,1,1,2.8
6666,リバーエレテック,1,1,2.8
7354,ダイレクトマーケティングミックス,1,0,0.8
8927,明豊エンタープライズ,1,1,0.8
9424,日本通信,1,0,0.9
3326,ランシステム,1,1,0.7
436A,サイバーソリューションズ,1,1,0.7
4673,川崎地質,1,1,0.8
9563,Ａｔｌａｓ　Ｔｅｃｈｎｏｌｏｇｉｅｓ,1,1,0.9
7846,パイロットコーポレーション,1,1,0.9
7695,交換できるくん,1,0,1.7
6894,パルステック工業,1,1,0.8
9355,リンコーコーポレーション,1,1,2.0
7134,アップガレージグループ,1,1,1.9
3845,アイフリークモバイル,1,1,2.4
9835,ジュンテンドー,1,1,1.8
7192,日本モーゲージサービス,1,1,1.9
3635,コーエーテクモホールディングス,1,0,1.8
479A,ＰＲＯＮＩ,1,0,1.8
4628,エスケー化研,1,1,2.2
7218,田中精密工業,1,1,4.8
3547,ユニシアホールディングス,1,1,0.9
8877,エスリード,1,0,0.9
5658,日亜鋼業,1,0,0.0
4849,エン,1,1,0.9
5868,ロココ,1,1,0.9
9204,スカイマーク,1,1,2.0
7902,ソノコム,1,0,0.8
7476,アズワン,1,0,0.8
7550,ゼンショーホールディングス,1,0,0.8
4088,エア・ウォーター,1,1,0.8
5284,ヤマウホールディングス,1,1,1.8
9753,アイエックス・ナレッジ,1,1,2.1
7575,日本ライフライン,1,0,2.1
7515,マルヨシセンター,1,0,2.0
4596,窪田製薬ホールディングス,1,0,2.0
7841,遠藤製作所,1,1,1.9
6337,テセック,1,1,1.9
9799,旭情報サービス,1,0,1.9
6365,電業社機械製作所,1,0,1.7
8200,リンガーハット,1,0,0.8
4401,ＡＤＥＫＡ,1,1,1.6
4493,サイバーセキュリティクラウド,1,1,0.9
9273,コーア商事ホールディングス,1,1,0.8
4714,リソー教育グループ,1,0,0.8
4417,グローバルセキュリティエキスパート,1,1,0.8
6333,ＴＥＩＫＯＫＵ,1,1,0.8
4792,山田コンサルティンググループ,1,0,0.7
4443,Ｓａｎｓａｎ,1,0,0.7
7782,シンシア,1,1,0.7
6345,アイチ　コーポレーション,1,0,0.6
5891,魁力屋,1,1,1.1
8524,北洋銀行,1,1,1.1
9761,東海リース,1,0,1.1
4661,オリエンタルランド,1,0,0.7
7721,東京計器,1,1,1.0
6249,ゲームカードホールディングス,1,0,1.9
4076,シイエヌエス,1,1,2.0
4011,ヘッドウォータース,1,0,2.6
7774,ジャパン・ティッシュエンジニアリング,1,1,1.9
7138,ＴＯＲＩＣＯ,1,0,1.7
7609,ダイトロン,1,1,1.7
8706,極東証券,1,0,0.8
3632,グリーホールディングス,1,0,0.8
4884,クリングルファーマ,1,1,0.8
417A,ブルーゾーンホールディングス,1,0,0.8
4565,ネクセラファーマ,1,1,0.8
4180,Ａｐｐｉｅｒ　Ｇｒｏｕｐ,1,0,0.8
4382,ＨＥＲＯＺ,1,1,0.8
8923,トーセイ,1,1,0.9
7552,ハピネット,1,1,0.8
4490,ビザスク,1,1,1.0
7074,トゥエンティーフォーセブンホールディングス,1,1,2.2
5985,サンコール,1,1,2.1
6149,小田原エンジニアリング,1,0,2.1
6664,オプトエレクトロニクス,1,1,2.1
9353,櫻島埠頭,1,1,1.0
7071,アンビスホールディングス,1,0,2.3
4224,ロンシール工業,1,1,2.2
5575,Ｇｌｏｂｅｅ,1,1,2.0
6044,三機サービス,1,0,2.0
6946,日本アビオニクス,1,1,1.0
4060,ｒａｋｕｍｏ,1,1,1.0
9636,きんえい,1,1,0.8
9308,乾汽船,1,1,0.9
373A,リップス,1,1,0.2
4406,新日本理化,1,1,0.8
7122,近畿車輛,1,0,0.2
8537,大光銀行,1,1,0.8
4205,日本ゼオン,1,1,0.8
4231,タイガースポリマー,1,0,0.8
9824,泉州電業,1,1,0.9
6137,小池酸素工業,1,1,2.0
4929,アジュバンホールディングス,1,1,1.9
8365,富山銀行,1,1,1.9
7272,ヤマハ発動機,1,0,1.7
9467,アルファポリス,1,0,0.8
4262,ニフティライフスタイル,1,0,0.8
9632,スバル興業,1,1,2.5
8908,毎日コムネット,1,1,1.0
5131,リンカーズ,1,1,0.9
6080,Ｍ＆Ａキャピタルパートナーズ,1,1,0.9
4680,ラウンドワン,1,0,0.8
6418,日本金銭機械,1,1,0.8
7212,エフテック,1,0,0.8
4994,大成ラミックグループ,1,0,0.8
5884,クラダシ,1,0,0.8
9021,西日本旅客鉄道,1,0,0.9
9972,アルテック,1,1,2.1
9073,京極運輸商事,1,1,1.0
4016,ＭＩＴホールディングス,1,1,2.1
9651,日本プロセス,1,0,2.1
7726,黒田精工,1,1,2.3
4619,日本特殊塗料,1,0,0.8
8167,リテールパートナーズ,1,1,1.3
4113,田岡化学工業,1,1,0.0
7636,ハンズマン,1,0,1.0
9262,シルバーライフ,1,0,1.0
4578,大塚ホールディングス,1,0,1.0
7638,ＮＥＷ　ＡＲＴ　ＨＯＬＤＩＮＧＳ,1,0,0.9
4486,ユナイトアンドグロウ,1,0,0.8
5702,大紀アルミニウム工業所,1,0,0.9
3551,ダイニック,1,0,0.9
4258,網屋,1,1,0.9
6998,日本タングステン,1,1,0.9
4725,ＣＡＣ　Ｈｏｌｄｉｎｇｓ,1,0,0.9
8876,リログループ,1,1,0.9
6031,ＺＥＴＡ,1,0,2.0
5831,しずおかフィナンシャルグループ,1,1,1.2
9889,ＪＢＣＣホールディングス,1,1,1.2
7554,幸楽苑,1,0,0.7
6045,レントラックス,1,1,0.7
8935,ＦＪネクストホールディングス,1,0,0.7
6626,ＳＥＭＩＴＥＣ,1,1,0.7
4404,ミヨシ油脂,1,1,0.7
7975,リヒトラブ,1,1,0.7
8617,光世証券,1,0,1.9
6473,ジェイテクト,1,1,1.9
4005,住友化学,1,1,1.0
7388,ＦＰパートナー,1,1,1.0
3467,アグレ都市デザイン,1,0,1.9
4431,スマレジ,1,0,2.6
5020,ＥＮＥＯＳホールディングス,1,0,1.2
5834,ＳＢＩリーシングサービス,1,1,1.0
8285,三谷産業,1,1,1.0
5988,パイオラックス,1,0,0.9
8624,いちよし証券,1,0,0.8
5121,藤倉コンポジット,1,1,0.8
4891,ティムス,1,1,0.8
7372,デコルテ・ホールディングス,1,1,1.9
9509,北海道電力,1,1,1.0
9984,ソフトバンクグループ,1,1,1.0
9057,遠州トラック,1,0,1.0
6428,オーイズミ,1,1,2.1
8337,千葉興業銀行,1,1,1.9
5027,ＡｎｙＭｉｎｄ　Ｇｒｏｕｐ,1,1,1.0
9976,セキチュー,1,1,2.1
9742,アイネス,1,0,0.8
4418,ＪＤＳＣ,1,1,0.9
5724,アサカ理研,1,0,0.9
6034,ＭＲＴ,1,1,0.8
9536,西部ガスホールディングス,1,0,0.2
8898,センチュリー２１・ジャパン,1,1,0.8
9466,アイドママーケティングコミュニケーション,1,1,0.2
9503,関西電力,1,0,0.9
6440,ＪＵＫＩ,1,1,0.8
3479,ＴＫＰ,1,1,0.8
9024,西武ホールディングス,1,0,0.8
9729,トーカイ,1,0,0.8
3496,アズーム,1,0,2.3
500A,ＴＯブックス,1,0,0.6
5998,アドバネクス,1,1,2.3
7793,イメージ・マジック,1,1,3.0
7567,栄電子,1,1,3.0
7219,エッチ・ケー・エス,1,0,3.0
6546,フルテック,1,1,2.8
6857,アドバンテスト,1,1,2.6
6255,エヌ・ピー・シー,1,1,1.9
6381,アネスト岩田,1,0,1.2
7255,桜井製作所,1,1,1.2
8341,七十七銀行,1,1,1.2
7571,ヤマノホールディングス,1,0,1.1
8346,東邦銀行,1,1,1.1
7953,菊水化学工業,1,1,1.1
9543,静岡ガス,1,0,1.1
485A,パワーエックス,1,1,1.1
2112,塩水港精糖,1,0,1.3
7494,コナカ,1,0,1.1
7280,ミツバ,1,1,1.2
8411,みずほフィナンシャルグループ,1,1,1.3
4012,アクシス,1,1,0.7
6071,ＩＢＪ,1,0,0.6
4228,積水化成品工業,1,1,0.7
7856,萩原工業,1,1,0.7
9219,ギックス,1,1,0.6
428A,サイプレス・ホールディングス,1,1,0.6
5161,西川ゴム工業,1,0,0.7
3646,駅探,1,0,0.6
9716,乃村工藝社,1,0,1.2
6820,アイコム,1,1,1.2
8022,美津濃,1,1,1.1
7711,助川電気工業,1,0,1.3
7777,スリー・ディー・マトリックス,1,1,1.3
6630,ヤーマン,1,0,1.3
5108,ブリヂストン,1,0,1.1
4307,野村総合研究所,1,0,1.2
8392,大分銀行,1,1,1.3
9960,東テク,1,1,1.1
7887,南海プライウッド,1,0,1.2
4816,東映アニメーション,1,0,1.3
2936,ベースフード,1,1,1.1
3760,ケイブ,1,1,1.1
6018,阪神内燃機工業,1,1,1.1
3539,ＪＭホールディングス,1,1,1.1
3921,ネオジャパン,1,0,1.1
4220,リケンテクノス,1,0,1.2
7751,キヤノン,1,1,1.1
4627,ナトコ,1,1,1.1
4483,ＪＭＤＣ,1,1,1.1
9561,グラッドキューブ,1,1,1.1
8558,東和銀行,1,1,1.1
8081,カナデン,1,1,0.6
7888,三光合成,1,1,0.6
7296,エフ・シー・シー,1,0,0.6
7417,南陽,1,0,0.6
3623,ビリングシステム,1,1,0.6
8387,四国銀行,1,1,1.1
6963,ローム,1,1,1.1
9069,センコーグループホールディングス,1,1,1.1
9766,コナミグループ,1,0,1.3
6231,木村工機,1,0,1.2
9009,京成電鉄,1,0,1.3
7359,東京通信グループ,1,1,1.3
5337,ダントーホールディングス,1,1,1.2
6203,豊和工業,1,1,1.2
6794,フォスター電機,1,1,1.1
7613,シークス,1,1,1.2
8037,カメイ,1,1,1.2
3266,ファンドクリエーショングループ,1,1,1.1
6165,パンチ工業,1,0,1.1
9220,エフビー介護サービス,1,1,1.1
4716,日本オラクル,1,1,1.1
8020,兼松,1,0,1.3
8118,キング,1,1,1.2
5901,東洋製罐グループホールディングス,1,0,1.2
5715,古河機械金属,1,0,1.2
7177,ＧＭＯフィナンシャルホールディングス,1,0,1.2
9449,ＧＭＯインターネットグループ,1,0,1.2
3321,ミタチ産業,1,1,0.7
6430,ダイコク電機,1,0,0.7
8117,中央自動車工業,1,0,1.2
8132,シナネンホールディングス,1,0,0.7
8053,住友商事,1,0,1.1
7131,のむら産業,1,1,1.1
8616,東海東京フィナンシャル・ホールディングス,1,0,1.1
6849,日本光電工業,1,1,1.1
7733,オリンパス,1,0,1.3
8030,中央魚類,1,1,1.2
7847,グラファイトデザイン,1,1,1.2
8046,丸藤シートパイル,1,0,0.7
3763,プロシップ,1,0,0.6
6433,ヒーハイスト,1,1,0.6
8596,九州リースサービス,1,0,0.6
6316,丸山製作所,1,0,0.6
5302,日本カーボン,1,1,0.7
6180,ＧＭＯメディア,1,0,0.6
3864,三菱製紙,1,1,1.3
6177,ＡｐｐＢａｎｋ,1,1,0.7
7806,ＭＴＧ,1,0,1.2
8060,キヤノンマーケティングジャパン,1,1,1.2
7725,インターアクション,1,1,1.2
9253,スローガン,1,1,1.2
4413,ボードルア,1,1,1.1
4502,武田薬品工業,1,0,1.1
6737,ＥＩＺＯ,1,0,1.1
3901,マークラインズ,1,0,0.7
5137,スマートドライブ,1,0,0.7
7713,シグマ光機,1,1,0.7
4958,長谷川香料,1,1,0.6
4448,ｋｕｂｅｌｌ,1,0,0.8
9168,ライズ・コンサルティング・グループ,1,1,0.8
9423,フォーバル・リアルストレート,1,1,0.8
5079,ノバック,1,0,0.6
9059,カンダホールディングス,1,1,0.6
6658,シライ電子工業,1,0,0.6
469A,フィットクルー,1,0,1.2
5602,栗本鐵工所,1,0,0.8
4477,ＢＡＳＥ,1,0,1.3
4166,かっこ,1,1,1.3
6668,アドテック　プラズマ　テクノロジー,1,1,1.1
9739,ＮＳＷ,1,0,0.6
6862,ミナトホールディングス,1,1,0.6
9367,大東港運,1,0,0.6
7504,高速,1,0,0.8
3682,エンカレッジ・テクノロジ,1,1,0.6
6869,シスメックス,1,0,1.3
5838,楽天銀行,1,0,1.4
3969,エイトレッド,1,0,1.2
8424,芙蓉総合リース,1,0,1.2
6958,日本シイエムケイ,1,1,1.0
3374,内外テック,1,1,0.7
5845,全保連,1,1,0.6
4045,東亞合成,1,0,1.1
7389,あいちフィナンシャルグループ,1,1,1.1
8729,ソニーフィナンシャルグループ,1,0,1.1
334A,ビジュアル・プロセッシング・ジャパン,1,1,0.8
3758,アエリア,1,1,0.7
3624,アクセルマーク,1,1,0.7
7246,プレス工業,1,0,0.7
8303,ＳＢＩ新生銀行,1,0,0.7
4216,旭有機材,1,1,0.8
7694,いつも,1,0,0.8
7378,アシロ,1,1,0.7
8473,ＳＢＩホールディングス,1,0,0.7
8383,鳥取銀行,1,1,0.7
6861,キーエンス,1,1,1.4
7327,第四北越フィナンシャルグループ,1,1,1.1
4531,有機合成薬品工業,1,1,1.1
446A,ノースサンド,1,1,1.1
5273,三谷セキサン,1,0,1.1
4840,トライアイズ,1,1,1.1
8345,岩手銀行,1,1,1.1
2471,エスプール,1,0,0.7
6046,リンクバル,1,0,0.7
4318,クイック,1,0,0.7
9534,北海道瓦斯,1,0,0.7
6035,アイ・アールジャパンホールディングス,1,0,0.7
4175,ｃｏｌｙ,1,0,0.7
7794,イーディーピー,1,1,0.7
9820,エムティジェネックス,1,1,1.0
6578,コレックホールディングス,1,1,0.4
3205,ダイドーリミテッド,1,1,0.5
7361,ヒューマンクリエイションホールディングス,1,1,0.4
3963,シンクロ・フード,1,0,0.5
6193,バーチャレクス・ホールディングス,1,0,0.4
8153,モスフードサービス,1,0,0.5
5563,新日本電工,1,1,0.5
8202,ラオックスホールディングス,1,0,0.5
3562,Ｎｏ．１,1,1,0.4
7038,フロンティア・マネジメント,1,1,0.6
7611,ハイデイ日高,1,0,0.6
3360,シップヘルスケアホールディングス,1,1,1.1
6941,山一電機,1,1,2.2
6770,アルプスアルパイン,1,1,1.7
4274,細谷火工,1,1,0.7
7678,あさくま,1,1,0.0
3926,オープンドア,1,1,0.5
3059,ヒラキ,1,1,0.5
3645,メディカルネット,1,1,0.5
3991,ウォンテッドリー,1,0,0.2
5257,ノバシステム,1,1,0.3
5527,ｐｒｏｐｅｒｔｙ　ｔｅｃｈｎｏｌｏｇｉｅｓ,1,1,1.4
7500,西川計測,1,1,0.5
4674,クレスコ,1,1,1.5
9272,ブティックス,1,1,1.4
7826,フルヤ金属,1,1,0.9
6890,フェローテック,1,1,1.6
6334,明治機械,1,0,2.7
6104,芝浦機械,1,1,1.2
4694,ビー・エム・エル,1,0,1.1
8358,スルガ銀行,1,1,1.1
4438,Ｗｅｌｂｙ,1,1,0.7
1938,日本リーテック,1,1,0.7
6445,ジャノメ,1,0,0.7
2922,なとり,1,0,0.7
9206,スターフライヤー,1,0,0.6
6325,タカキタ,1,1,0.6
7094,ＮｅｘＴｏｎｅ,1,0,0.7
6492,岡野バルブ製造,1,1,0.7
9278,ブックオフグループホールディングス,1,1,0.7
5885,ジーデップ・アドバンス,1,0,0.7
6306,日工,1,1,0.6
5940,不二サッシ,1,0,0.6
3696,セレス,1,0,1.1
6952,カシオ計算機,1,0,1.2
7947,エフピコ,1,0,1.2
9532,大阪瓦斯,1,0,1.3
6460,セガサミーホールディングス,1,1,1.1
8697,日本取引所グループ,1,1,1.1
471A,ＮＳグループ,1,0,0.7
3355,クリヤマホールディングス,1,1,0.7
3994,マネーフォワード,1,0,0.8
4476,ＡＩ　ＣＲＯＳＳ,1,0,0.7
7698,アイスコ,1,0,0.7
7191,イントラスト,1,1,0.8
6078,バリューＨＲ,1,0,0.8
8747,豊トラスティ証券,1,1,0.8
8367,南都銀行,1,1,1.1
9629,ピー・シー・エー,1,0,0.7
5532,リアルゲイト,1,1,1.1
7380,十六フィナンシャルグループ,1,1,1.1
7267,本田技研工業,1,0,1.1
4203,住友ベークライト,1,1,1.1
9531,東京瓦斯,1,0,1.1
7727,オーバル,1,1,1.1
8194,ライフコーポレーション,1,0,1.1
6098,リクルートホールディングス,1,1,1.1
8031,三井物産,1,0,1.1
4544,Ｈ．Ｕ．グループホールディングス,1,0,1.1
6994,指月電機製作所,1,1,1.1
6250,やまびこ,1,0,1.1
9507,四国電力,1,1,1.1
9962,ミスミグループ本社,1,1,1.2
4848,フルキャストホールディングス,1,0,0.7
4927,ポーラ・オルビスホールディングス,1,0,0.7
3943,大石産業,1,0,0.7
7466,ＳＰＫ,1,1,0.7
3676,デジタルハーツホールディングス,1,0,0.6
4323,日本システム技術,1,0,0.6
8078,阪和興業,1,0,1.3
8349,東北銀行,1,0,1.3
6330,東洋エンジニアリング,1,1,1.2
4686,ジャストシステム,1,1,1.0
9514,エフオン,1,1,1.3
9271,和心,1,1,1.3
7453,良品計画,1,1,1.3
5185,フコク,1,0,0.9
6291,日本エアーテック,1,0,1.0
8410,セブン銀行,1,1,1.0
8399,琉球銀行,1,1,1.0
3914,ＪＩＧ－ＳＡＷ,1,1,1.0
3817,ＳＲＡホールディングス,1,0,1.0
3741,セック,1,1,1.0
4584,キッズウェル・バイオ,1,1,1.0
7128,ユニソルホールディングス,1,1,1.0
4678,秀英予備校,1,1,0.9
8255,アクシアル　リテイリング,1,0,0.8
9621,建設技術研究所,1,1,0.8
4707,キタック,1,1,0.8
4847,インテリジェント　ウェイブ,1,1,0.8
8103,明和産業,1,1,0.8
1799,第一建設工業,1,1,1.0
6030,アドベンチャー,1,0,1.2
7167,めぶきフィナンシャルグループ,1,1,0.9
7381,ＣＣＩグループ,1,1,1.0
8079,正栄食品工業,1,0,1.0
4326,インテージホールディングス,1,0,1.0
9974,ベルク,1,0,1.0
8159,立花エレテック,1,1,1.0
9552,クオンツ総研ホールディングス,1,0,1.0
9341,ＧＥＮＯＶＡ,1,0,0.9
3668,コロプラ,1,0,0.9
6505,東洋電機製造,1,1,0.8
575A,前澤ホールディングス,1,1,0.8
3986,ビーブレイクシステムズ,1,1,0.8
4481,ベース,1,0,0.7
8707,岩井コスモホールディングス,1,1,0.7
9635,武蔵野興業,1,0,0.7
8076,カノークス,1,0,0.7
9554,ＡＶｉＣ,1,1,1.0
4480,メドレー,1,0,0.9
3993,ＰＫＳＨＡ　Ｔｅｃｈｎｏｌｏｇｙ,1,0,1.2
3996,サインポスト,1,1,1.2
9603,エイチ・アイ・エス,1,0,0.9
7244,市光工業,1,0,1.2
5218,オハラ,1,1,1.0
8304,あおぞら銀行,1,1,1.0
9682,ＤＴＳ,1,1,1.0
6645,オムロン,1,1,1.0
7689,コパ・コーポレーション,1,1,0.7
8247,大和,1,1,0.8
8074,ＹＵＡＳＡ,1,0,0.7
3974,ＳＣＡＴ,1,0,0.9
4008,住友精化,1,0,0.9
4189,ＫＨネオケム,1,1,0.9
4641,アルプス技研,1,1,1.0
6118,アイダエンジニアリング,1,0,1.0
8344,山形銀行,1,1,1.0
5571,エキサイトホールディングス,1,1,1.2
7832,バンダイナムコホールディングス,1,1,1.2
550A,ソフトテックス,1,1,1.2
4482,ウィルズ,1,1,1.0
4432,ウイングアーク１ｓｔ,1,0,1.2
9107,川崎汽船,1,0,1.0
8919,カチタス,1,0,1.0
5869,早稲田学習研究会,1,1,0.8
4362,日本精化,1,0,0.6
8772,アサックス,1,1,0.6
3397,トリドールホールディングス,1,0,0.6
4420,イーソル,1,1,0.6
5703,日本軽金属ホールディングス,1,0,1.0
4888,ステラファーマ,1,1,0.9
8091,ニチモウ,1,0,0.9
4053,Ｓｕｎ　Ａｓｔｅｒｉｓｋ,1,1,1.0
6016,ジャパンエンジンコーポレーション,1,1,1.0
7199,プレミアグループ,1,1,0.9
8181,東天紅,1,1,0.9
4046,大阪ソーダ,1,0,0.9
7456,松田産業,1,0,0.9
6228,ジェイ・イー・ティ,1,1,0.8
4820,イーエムシステムズ,1,0,0.9
4068,ベイシス,1,1,0.9
9163,ナレルグループ,1,1,0.9
4597,ソレイジア・ファーマ,1,1,1.0
9928,ミロク情報サービス,1,1,0.9
4409,東邦化学工業,1,1,1.0
8601,大和証券グループ本社,1,0,1.0
3835,ｅＢＡＳＥ,1,0,1.0
6287,サトー,1,0,1.0
4552,ＪＣＲファーマ,1,0,0.8
9991,ジェコス,1,0,0.6
4463,日華化学,1,0,0.6
6490,ＰＩＬＬＡＲ,1,1,0.9
4558,中京医薬品,1,0,0.8
4410,ハリマ化成グループ,1,1,0.8
4194,ビジョナル,1,0,0.8
7050,フロンティアインターナショナル,1,1,0.0
8008,ヨンドシーホールディングス,1,0,0.7
7864,フジシールインターナショナル,1,0,0.7
8226,理経,1,1,0.7
6701,日本電気,1,1,1.2
9744,メイテックグループホールディングス,1,0,1.2
6907,ジオマテック,1,1,1.2
368A,北里コーポレーション,1,0,1.2
3937,Ｕｂｉｃｏｍホールディングス,1,0,1.2
3836,アバントグループ,1,0,1.2
7292,村上開明堂,1,1,0.8
4926,シーボン,1,0,0.9
6317,北川鉄工所,1,1,0.6
8841,テーオーシー,1,0,0.6
4967,小林製薬,1,1,0.9
7305,新家工業,1,1,0.9
7875,竹田ｉＰホールディングス,1,1,1.0
6561,ＨＡＮＡＴＯＵＲ　ＪＡＰＡＮ,1,0,1.0
8131,ミツウロコグループホールディングス,1,1,0.9
7965,象印マホービン,1,0,0.9
6814,古野電気,1,1,1.0
6875,メガチップス,1,1,0.9
5105,ＴＯＹＯ　ＴＩＲＥ,1,1,0.9
8015,豊田通商,1,0,0.9
1885,東亜建設工業,1,0,0.9
6993,大黒屋ホールディングス,1,1,0.8
6532,ベイカレント,1,0,0.6
4206,アイカ工業,1,1,1.2
4021,日産化学,1,1,1.2
5537,ＡｌｂａＬｉｎｋ,1,1,1.2
7363,ベビーカレンダー,1,1,1.2
8061,西華産業,1,0,1.2
6309,巴工業,1,0,1.2
7513,コジマ,1,1,1.2
4396,システムサポートホールディングス,1,0,1.3
8393,宮崎銀行,1,1,1.3
3329,東和フードサービス,1,0,0.6
4620,藤倉化成,1,1,0.6
9034,南総通運,1,0,0.7
4896,ケイファーマ,1,1,0.6
407A,ＵＮＩＣＯＮホールディングス,1,0,0.6
5258,トランザクション・メディア・ネットワークス,1,0,1.2
8995,誠建設工業,1,0,0.7
9332,ＮＩＳＳＯホールディングス,1,0,1.2
8218,コメリ,1,0,1.2
4577,ダイト,1,1,1.1
7487,小津産業,1,1,1.1
6882,三社電機製作所,1,1,1.1
7066,ピアズ,1,0,1.2
6340,澁谷工業,1,1,1.1
4828,ビジネスエンジニアリング,1,0,1.1
6062,チャーム・ケア・コーポレーション,1,1,1.1
438A,インフキュリオン,1,1,1.1
3695,ＧＭＯプロダクトプラットフォーム,1,1,1.1
4097,高圧ガス工業,1,0,1.1
3988,ＳＹＳホールディングス,1,0,1.3
8562,福島銀行,1,1,1.2
6305,日立建機,1,0,1.2
4591,リボミック,1,0,1.2
4933,Ｉ－ｎｅ,1,1,0.7
3807,フィスコ,1,1,1.2
3987,エコモット,1,0,1.2
505A,ギークリー,1,0,1.2
6597,ＨＰＣシステムズ,1,1,1.3
9619,イチネンホールディングス,1,1,1.2
332A,ミーク,1,1,1.2
4523,エーザイ,1,1,1.2
8336,武蔵野銀行,1,1,1.2
9428,クロップス,1,0,1.2
4684,オービック,1,0,1.3
9763,丸建リース,1,0,0.7
6027,弁護士ドットコム,1,0,0.6
5301,東海カーボン,1,1,0.6
6517,デンヨー,1,0,0.7
6538,ディスラプターズ,1,0,0.7
7686,ひとまいる,1,0,0.7
4299,ハイマックス,1,0,0.6
8622,水戸証券,1,0,0.6
6029,アトラグループ,1,1,0.9
7368,表示灯,1,1,0.7
5261,リソルホールディングス,1,0,1.3
6301,小松製作所,1,1,1.3
5136,ｔｒｉｐｌａ,1,1,1.3
7634,星医療酸器,1,1,1.3
7043,アルー,1,0,0.6
4937,Ｗａｑｏｏ,1,1,0.6
3634,ソケッツ,1,0,0.6
6218,エンシュウ,1,1,0.6
4386,ＳＩＧグループ,1,1,0.7
7279,ハイレックスコーポレーション,1,0,0.7
4612,日本ペイントホールディングス,1,1,1.0
4256,サインド,1,1,1.0
5406,神戸製鋼所,1,1,1.2
9419,ワイヤレスゲート,1,1,1.2
9830,トラスコ中山,1,0,1.2
6178,日本郵政,1,1,1.2
9837,モリト,1,1,0.6
6199,セラク,1,0,0.6
3565,アセンテック,1,1,0.7
4247,ポバール興業,1,0,1.0
5576,オービーシステム,1,1,0.8
5612,日本鋳鉄管,1,0,0.8
4524,森下仁丹,1,0,0.6
3989,シェアリングテクノロジー,1,1,0.6
4188,三菱ケミカルグループ,1,0,1.2
4506,住友ファーマ,1,1,1.2
4255,ＴＨＥＣＯＯ,1,0,0.9
1663,Ｋ＆Ｏエナジーグループ,1,0,1.2
5975,東プレ,1,1,1.2
6357,三精テクノロジーズ,1,0,1.0
6675,サクサ,1,0,0.6
8518,日本アジア投資,1,0,0.6
8912,エリアクエスト,1,0,0.6
3694,オプティム,1,1,1.2
9339,コーチ・エィ,1,1,0.7
6181,タメニー,1,0,0.6
6245,ヒラノテクシード,1,0,0.7
8793,ＮＥＣキャピタルソリューション,1,0,0.7
3633,ＧＭＯペパボ,1,1,0.7
4885,室町ケミカル,1,1,0.7
6059,ウチヤマホールディングス,1,1,0.7
9746,ＴＫＣ,1,0,1.2
7827,オービス,1,1,1.2
4259,エクサウィザーズ,1,1,1.2
9684,スクウェア・エニックス・ホールディングス,1,0,1.3
6088,シグマクシス・ホールディングス,1,1,1.3
3691,デジタルプラス,1,0,1.3
1828,田辺工業,1,0,0.8
9304,澁澤倉庫,1,1,1.2
3021,パシフィックネット,1,6,0.7
4241,アテクト,1,1,0.7
4116,大日精化工業,1,0,0.7
4685,菱友システムズ,1,1,0.7
6310,井関農機,1,1,0.7
9418,Ｕ－ＮＥＸＴ　ＨＯＬＤＩＮＧＳ,1,1,1.2
3907,シリコンスタジオ,1,0,0.9
9201,日本航空,1,1,1.2
4613,関西ペイント,1,0,1.2
7740,タムロン,1,0,1.2
4234,サンエー化研,1,1,1.2
3361,トーエル,1,1,1.2
9421,エヌジェイホールディングス,1,1,1.5
3352,バッファロー,1,0,0.1
8147,トミタ,1,1,0.0
4447,ピー・ビーシステムズ,1,0,0.2
7214,ＧＭＢ,1,1,0.3
365A,伊澤タオル,1,1,0.3
4094,日本化学産業,1,0,0.3
4645,市進ホールディングス,1,1,0.3
6736,サン電子,1,1,1.4
581A,ＧＯ,1,0,1.4
7480,スズデン,1,1,1.4
6724,セイコーエプソン,1,1,1.3
6855,日本電子材料,1,1,1.3
3692,ＦＦＲＩセキュリティ,1,1,1.7
8418,山口フィナンシャルグループ,1,1,1.7
7719,東京衡機,1,0,1.4
7213,レシップホールディングス,1,0,0.2
7093,アディッシュ,1,1,0.1
3042,セキュアヴェイル,1,0,0.0
7059,コプロ・ホールディングス,1,1,0.0
1444,ニッソウ,1,1,0.0
6402,兼松エンジニアリング,1,1,0.0
4107,伊勢化学工業,1,0,0.0
7217,テイン,1,1,1.5
7337,ひろぎんホールディングス,1,1,1.5
6349,小森コーポレーション,1,0,1.5
9160,オンザページ,1,1,1.7
8097,三愛オブリ,1,0,1.4
4776,サイボウズ,1,0,1.4
6273,ＳＭＣ,1,1,0.0
504A,イノバセル,1,1,1.6
6033,エクストリーム,1,0,1.6
8150,三信電気,1,1,0.0
5590,ネットスターズ,1,1,0.0
6393,油研工業,1,0,0.0
5586,Ｌａｂｏｒｏ．ＡＩ,1,1,0.0
4100,戸田工業,1,1,0.0
7014,名村造船所,1,1,0.0
5248,テクノロジーズ,1,0,0.0
7114,フーディソン,1,1,0.1
6092,エンバイオ・ホールディングス,1,0,0.2
6058,ベクトル,1,0,1.4
4366,ダイトーケミックス,1,1,1.5
8133,伊藤忠エネクス,1,0,1.4
9127,玉井商船,1,0,1.4
543A,ＡＲＣＨＩＯＮ,1,1,3.5
7046,ＴＤＳＥ,1,0,3.5
8225,タカチホ,1,1,0.1
4415,ブロードエンタープライズ,1,1,0.5
4625,アトミクス,1,1,0.3
9081,神奈川中央交通,1,0,0.3
8789,フィンテック　グローバル,1,0,0.3
3607,クラウディアホールディングス,1,1,0.3
5071,ヴィス,1,0,0.3
3542,ベガコーポレーション,1,1,1.5
7683,ダブルエー,1,1,0.0
8704,トレイダーズホールディングス,1,1,1.4
3454,ファーストブラザーズ,1,1,1.4
3652,ディジタルメディアプロフェッショナル,1,1,2.7
5632,三菱製鋼,1,1,0.0
7084,Ｓｍｉｌｅ　Ｈｏｌｄｉｎｇｓ,1,0,0.0
9556,ＩＮＴＬＯＯＰ,1,1,1.4
3842,ネクストジェン,1,1,1.3
4331,テイクアンドギヴ・ニーズ,1,1,17.5
7509,アイエーグループ,1,1,0.8
5162,朝日ラバー,1,1,4.4
6771,池上通信機,1,1,6.2
3981,ビーグリー,1,1,0.4
4631,ＤＩＣ,1,1,1.6
5609,日本鋳造,1,1,5.1
4920,日本色材工業研究所,1,1,1.6
4092,日本化学工業,1,1,2.5
4119,日本ピグメントホールディングス,1,1,2.1
9258,ＣＳ－Ｃ,1,0,0.0
6504,富士電機,1,1,1.6
4169,ＥＮＥＣＨＡＮＧＥ,1,1,2.5
302A,ビースタイルホールディングス,1,0,0.5
6400,不二精機,1,1,0.0
6395,タダノ,1,0,0.0
3908,コラボス,1,1,0.6
7630,壱番屋,1,1,0.4
5753,日本伸銅,1,1,0.6
7795,ＫＹＯＲＩＴＳＵ,1,0,0.4
5491,日本金属,1,0,0.4
5971,共和工業所,1,1,0.0
3698,ＣＲＩ・ミドルウェア,1,0,0.5
9831,ヤマダホールディングス,1,1,0.6
475A,ギミック,1,1,0.0
9147,ＮＩＰＰＯＮ　ＥＸＰＲＥＳＳホールディングス,1,1,1.4
9872,北恵,1,1,0.0
9869,加藤産業,1,0,0.0
7939,研創,1,0,0.5
6408,小倉クラッチ,1,1,0.0
6396,宇野澤組鐵工所,1,1,0.0
1438,岐阜造園,1,0,0.0
3443,川田テクノロジーズ,1,0,0.0
3673,ブロードリーフ,1,0,1.6
4956,コニシ,1,0,1.4
5019,出光興産,1,1,1.6
3580,小松マテーレ,1,0,1.4
4093,東邦アセチレン,1,1,1.7
8338,筑波銀行,1,1,1.7
3858,ユビキタスＡＩ,1,1,1.7
3054,ハイパー,1,1,0.0
4769,ＩＣ,1,0,0.0
4114,日本触媒,1,0,0.0
9857,英和,1,1,0.0
1992,神田通信機,1,0,0.0
7031,インバウンドテック,1,1,0.0
9759,ＮＳＤ,1,1,0.6
4197,アスマーク,1,1,0.4
4199,ワンダープラネット,1,0,0.4
8275,フォーバル,1,1,0.4
7811,中本パックス,1,1,0.4
5242,アイズ,1,0,0.0
7537,丸文,1,1,0.0
5243,ｎｏｔｅ,1,1,0.0
5857,ＡＲＥホールディングス,1,0,1.5
4579,ラクオリア創薬,1,1,2.0
5830,いよぎんホールディングス,1,1,1.3
4393,バンク・オブ・イノベーション,1,1,1.8
4733,オービックビジネスコンサルタント,1,0,1.5
7821,前田工繊,1,0,1.6
7976,三菱鉛筆,1,1,1.5
3350,メタプラネット,1,1,1.6
6769,ザインエレクトロニクス,1,1,1.6
5034,ｕｎｅｒｒｙ,1,1,1.6
4570,免疫生物研究所,1,1,1.7
559A,梅乃宿酒造,1,1,1.7
6558,クックビズ,1,1,0.5
4075,ブレインズテクノロジー,1,1,0.5
3848,データ・アプリケーション,1,0,0.3
3040,ソリトンシステムズ,1,1,0.0
5921,川岸工業,1,0,0.0
7021,ニッチツ,1,1,0.0
8359,八十二長野銀行,1,1,1.6
7868,広済堂ホールディングス,1,1,1.5
5942,日本フイルコン,1,1,1.3
7444,ハリマ共和物産,1,1,0.0
6523,ＰＨＣホールディングス,1,1,1.3
589A,ネイス,1,1,4.0
7701,島津製作所,1,1,1.7
7538,大水,1,0,0.0
4679,田谷,1,1,0.1
4444,インフォネット,1,0,0.1
4118,カネカ,1,0,1.4
1435,ｒｏｂｏｔ　ｈｏｍｅ,1,1,0.0
7022,サノヤスホールディングス,1,1,0.0
7060,ギークス,1,1,0.0
7018,内海造船,1,1,0.0
145A,Ｌ　ｉｓ　Ｂ,1,0,0.0
4813,ＡＣＣＥＳＳ,1,1,0.5
8157,都築電気,1,1,0.5
4414,フレクト,1,1,0.5
6391,加地テック,1,1,0.5
456A,ＨＵＭＡＮ　ＭＡＤＥ,1,1,0.5
9218,メンタルヘルステクノロジーズ,1,1,1.3
7734,理研計器,1,1,1.7
7189,西日本フィナンシャルホールディングス,1,1,1.4
7181,かんぽ生命保険,1,1,1.4
1446,キャンディル,1,0,0.0
8013,ナイガイ,1,1,1.6
6943,ＮＫＫスイッチズ,1,1,1.8
5542,新報国マテリアル,1,1,1.5
6743,大同信号,1,0,0.7
5941,中西製作所,1,0,0.7
352A,ＬＯＩＶＥ,1,0,0.7
7608,エスケイジャパン,1,1,0.7
6629,テクノホライゾン,1,1,0.7
6524,湖北工業,1,1,1.5
7970,信越ポリマー,1,1,1.3
9767,日建工学,1,1,1.2
2375,ギグワークス,1,1,4.4
8996,ハウスフリーダム,1,1,0.7
6158,和井田製作所,1,0,0.3
7090,リグア,1,0,0.1
3435,サンコーテクノ,1,0,0.0
5133,テリロジーホールディングス,1,1,1.5
6420,ガリレイ,1,0,1.5
4990,昭和化学工業,1,1,1.5
5195,バンドー化学,1,1,1.6
7822,永大産業,1,1,1.5
340A,ジグザグ,1,1,1.5
9765,オオバ,1,1,1.5
6209,リケンＮＰＲ,1,1,1.5
8050,セイコーグループ,1,0,1.5
6742,京三製作所,1,1,1.4
3947,ダイナパック,1,1,0.7
4412,サイエンスアーツ,1,1,0.7
5184,ニチリン,1,1,0.5
6787,メイコー,1,1,3.0
4202,ダイセル,1,0,1.4
4617,中国塗料,1,1,1.6
6858,小野測器,1,1,1.5
6982,リード,1,1,0.3
9417,スマートバリュー,1,1,0.7
4572,カルナバイオサイエンス,1,1,0.7
3880,大王製紙,1,0,0.7
4720,城南進学研究社,1,0,1.6
7443,横浜魚類,1,1,0.0
3486,グローバル・リンク・マネジメント,1,1,1.6
6753,シャープ,1,0,1.6
8541,愛媛銀行,1,1,1.6
7872,エステールホールディングス,1,0,0.5
7075,ＱＬＳホールディングス,1,1,0.0
4768,大塚商会,1,1,0.0
4507,塩野義製薬,1,0,1.3
546A,ＭＩＲＡＩＮＩホールディングス,1,1,1.4
421A,ムービン・ストラテジック・キャリア,1,1,1.4
9906,藤井産業,1,0,3.0
3953,大村紙業,1,1,1.3
8098,稲畑産業,1,0,1.3
8386,百十四銀行,1,1,1.3
8095,アステナホールディングス,1,1,1.6
4394,エクスモーション,1,1,1.6
4379,Ｐｈｏｔｏｓｙｎｔｈ,1,1,0.0
1982,日比谷総合設備,1,1,0.0
5817,ＪＭＡＣＳ,1,1,0.5
7871,フクビ化学工業,1,0,0.5
2009,鳥越製粉,1,1,0.0
5283,高見澤,1,1,0.2
8143,ラピーヌ,1,0,0.0
9380,東海運,1,1,0.0
6036,ＫｅｅＰｅｒ技研,1,0,1.6
5031,モイ,1,1,1.6
3774,インターネットイニシアティブ,1,1,1.3
6750,エレコム,1,0,1.4
338A,ＺｅｎｍｕＴｅｃｈ,1,1,1.3
7459,メディパルホールディングス,1,1,1.3
7186,横浜フィナンシャルグループ,1,1,1.3
8544,京葉銀行,1,1,1.3
6239,ナガオカ,1,1,0.4
5959,岡部,1,0,0.0
3951,朝日印刷,1,0,0.4
3950,ザ・パック,1,0,0.6
5574,ＡＢＥＪＡ,1,1,0.8
7483,ドウシシャ,1,0,1.5
6191,エアトリ,1,1,0.7
6599,エブレン,1,1,0.7
3399,丸千代山岡家,1,0,0.7
1852,淺沼組,1,0,0.7
9211,エフ・コード,1,0,0.4
4167,ココペリ,1,1,0.4
7813,プラッツ,1,0,0.3
6533,Ｏｒｃｈｅｓｔｒａ　Ｈｏｌｄｉｎｇｓ,1,1,0.4
3661,エムアップホールディングス,1,0,1.4
6819,伊豆シャボテンリゾート,1,0,1.5
7375,リファインバースグループ,1,1,0.5
8769,アドバンテッジリスクマネジメント,1,1,0.4
7102,日本車輌製造,1,0,0.4
1381,アクシーズ,1,1,0.5
6091,ウエスコホールディングス,1,1,0.5
2436,共同ピーアール,1,0,0.5
5391,エーアンドエーマテリアル,1,0,0.6
9535,広島ガス,1,0,0.6
5252,日本ナレッジ,1,1,0.0
6837,京写,1,1,0.6
4192,スパイダープラス,1,1,0.6
7283,愛三工業,1,1,0.6
7921,ＴＡＫＡＲＡ　＆　ＣＯＭＰＡＮＹ,1,0,0.6
3370,フジタコーポレーション,1,1,0.5
7844,マーベラス,1,1,0.4
8891,ＡＭＧホールディングス,1,1,0.3
8897,ＭＩＲＡＲＴＨホールディングス,1,0,0.3
5616,雨風太陽,1,1,0.3
5599,Ｓ＆Ｊ,1,1,0.3
3558,ジェイドグループ,1,1,1.5
9368,キムラユニティー,1,0,0.4
8366,滋賀銀行,1,1,1.5
9895,コンセック,1,0,0.4
9165,クオルテック,1,1,0.4
9902,日伝,1,1,0.5
7670,オーウエル,1,0,0.0
7673,ダイコー通産,1,1,0.0
7681,レオクラン,1,0,0.0
3772,ウェルス・マネジメント,1,0,0.4
9658,ビジネスブレイン太田昭和,1,1,0.4
6904,原田工業,1,1,0.4
3537,昭栄薬品,1,0,0.4
9366,サンリツ,1,1,0.5
5262,日本ヒューム,1,0,0.6
7614,オーエムツーネットワーク,1,1,0.5
8416,高知銀行,1,1,1.5
6023,ダイハツインフィニアース,1,1,1.5
5013,ユシロ,1,1,1.5
9934,因幡電機産業,1,1,1.5
4072,電算システムホールディングス,1,1,1.5
7314,小田原機器,1,1,0.4
6548,旅工房,1,0,1.5
2819,エバラ食品工業,1,0,0.6
5902,ホッカンホールディングス,1,0,0.8
7516,コーナン商事,1,0,1.1
7486,サンリン,1,1,2.5
3649,ファインデックス,1,0,0.8
4356,応用技術,1,0,0.7
3490,アズ企画設計,1,0,0.8
3513,イチカワ,1,1,0.9
5803,フジクラ,1,1,1.6
6850,チノー,1,1,0.8
3426,アトムリビンテック,1,1,8.5
5367,ニッカトー,1,1,1.0
6730,アクセル,1,1,20.8
9246,プロジェクトホールディングス,1,1,0.4
4178,Ｓｈａｒｉｎｇ　Ｉｎｎｏｖａｔｉｏｎｓ,1,1,78.0
7133,ＨＹＵＧＡ　ＰＲＩＭＡＲＹ　ＣＡＲＥ,1,1,250.4
4968,荒川化学工業,1,1,0.6
6647,森尾電機,1,1,0.1
4624,イサム塗料,1,0,0.5
4439,東名,1,1,0.3
3402,東レ,1,1,1.4
3954,昭和パックス,1,1,0.4
4221,大倉工業,1,1,1.6
7068,フィードフォースグループ,1,0,1.3
9948,アークス,1,0,1.9
6912,菊水ホールディングス,1,1,1.1
3762,テクマトリックス,1,1,1.1
9726,ＫＮＴ－ＣＴホールディングス,1,1,1.1
4479,マクアケ,1,0,1.1
9346,ココルポート,1,1,0.6
6775,ＴＢグループ,1,1,0.4
9044,ＮＡＮＫＡＩ,1,0,0.4
8742,小林洋行,1,0,0.4
7458,第一興商,1,0,0.4
9252,ラストワンマイル,1,1,0.4
8043,スターゼン,1,0,0.4
4634,ａｒｔｉｅｎｃｅ,1,1,0.6
7879,ノダ,1,1,0.6
8135,ゼット,1,1,0.6
7942,ＪＳＰ,1,0,0.6
3948,光ビジネスフォーム,1,1,0.6
8739,スパークス・グループ,1,1,0.4
4430,東海ソフト,1,0,0.5
9233,アジア航測,1,0,0.4
6757,ＯＳＧコーポレーション,1,1,0.4
9082,大和自動車交通,1,1,0.6
7523,アールビバン,1,0,0.0
4583,カイオム・バイオサイエンス,1,1,0.6
7908,きもと,1,1,0.6
3659,ネクソン,1,0,0.6
7593,ＶＴホールディングス,1,0,0.6
4249,森六,1,0,0.6
6485,前澤給装工業,1,1,0.6
9110,ＮＳユナイテッド海運,1,1,0.5
7073,ジェイック,1,1,0.5
6809,ＴＯＡ,1,0,0.6
8566,リコーリース,1,0,0.6
7859,アルメディオ,1,0,0.6
3945,スーパーバッグ,1,1,0.6
6176,ブランジスタ,1,0,0.4
7241,フタバ産業,1,0,0.6
8075,神鋼商事,1,1,0.6
6463,ＴＰＲ,1,0,0.6
7590,タカショー,1,1,0.3
339A,プログレス・テクノロジーズ　グループ,1,1,0.4
4833,Ｄｅｆ　ｃｏｎｓｕｌｔｉｎｇ,1,1,0.9
9982,タキヒヨー,1,1,0.5
4465,ニイタカ,1,1,0.5
9347,日本管財ホールディングス,1,0,0.4
9474,ゼンリン,1,0,0.6
3101,東洋紡,1,1,0.6
6069,トレンダーズ,1,0,0.5
9344,アクシスコンサルティング,1,1,0.5
3900,クラウドワークス,1,1,1.4
9713,ロイヤルホテル,1,0,0.6
6676,ＢＵＦＦＡＬＯ,1,1,0.6
6466,ＴＶＥ,1,1,0.5
3935,エディア,1,1,0.4
9010,富士急行,1,0,0.4
6836,ぷらっとホーム,1,1,0.4
5187,クリエートメディック,1,1,0.4
4436,ミンカブ・ジ・インフォノイド,1,1,0.4
9612,ラックランド,1,1,0.6
472A,ミラティブ,1,1,0.5
9816,ストライダーズ,1,1,0.5
7997,くろがね工作所,1,1,0.5
8999,グランディハウス,1,0,0.5
8173,Ｊｏｓｈｉｎ,1,1,0.5
4286,ＣＬホールディングス,1,1,0.5
5351,品川リフラ,1,0,0.6
9326,関通ホールディングス,1,0,0.5
5210,日本山村硝子,1,0,0.5
4270,ＢｅｅＸ,1,0,0.6
4174,アピリッツ,1,1,0.5
3626,ＴＩＳ,1,0,0.5
4503,アステラス製薬,1,0,1.4
8944,ランドビジネス,1,1,1.5
7231,トピー工業,1,1,1.4
9303,住友倉庫,1,0,1.6
7956,ピジョン,1,0,1.6
4371,コアコンセプト・テクノロジー,1,1,1.4
9890,マキヤ,1,1,0.4
7819,粧美堂,1,0,0.5
3679,じげん,1,0,0.6
198A,ＰｏｓｔＰｒｉｍｅ,1,0,0.0
6289,技研製作所,1,1,0.6
7182,ゆうちょ銀行,1,1,1.4
7044,ピアラ,1,1,1.4
3877,中越パルプ工業,1,0,0.4
7971,東リ,1,0,0.4
3627,テクミラホールディングス,1,1,0.4
1972,三晃金属工業,1,0,0.4
4020,ビートレンド,1,1,1.0
5010,日本精蝋,1,1,1.0
4894,クオリプス,1,1,2.3
4040,南海化学,1,1,1.0
9997,ベルーナ,1,1,0.3
8052,椿本興業,1,1,0.3
6779,日本電波工業,1,1,1.4
4064,日本カーバイド工業,1,1,1.5
7833,アイフィスジャパン,1,1,1.5
7351,グッドパッチ,1,0,0.4
7481,尾家産業,1,0,0.4
6382,トリニティ工業,1,1,0.4
3985,テモナ,1,0,0.4
3934,ベネフィットジャパン,1,1,0.3
5380,新東,1,0,0.4
9564,ＦＣＥ,1,0,0.4
9930,北沢産業,1,0,0.4
9818,大丸エナウィン,1,0,0.3
9832,オートバックスセブン,1,0,0.3
4845,スカラ,1,0,0.5
9633,東京テアトル,1,0,0.4
4317,レイ,1,1,0.5
5603,虹技,1,0,0.5
3559,ピーバンドットコム,1,0,0.5
6560,エル・ティー・エス,1,0,0.5
7914,共同印刷,1,0,0.5
5533,エリッツホールディングス,1,0,0.5
8045,横浜丸魚,1,1,0.5
1887,日本国土開発,1,0,0.4
5950,日本パワーファスニング,1,0,0.0
7916,光村印刷,1,0,0.4
8104,クワザワホールディングス,1,1,0.3
6494,ＮＦＫホールディングス,1,1,0.4
4838,スペースシャワーＳＫＩＹＡＫＩホールディングス,1,1,0.4
4664,アール・エス・シー,1,1,0.4
3422,Ｊ－ＭＡＸ,1,1,0.5
6798,ＳＭＫ,1,1,0.5
7247,ミクニ,1,0,0.5
3843,フリービット,1,0,0.5
7952,河合楽器製作所,1,1,0.5
9616,共立メンテナンス,1,0,0.5
4361,川口化学工業,1,1,0.5
9425,ＲｅＹｕｕ　Ｊａｐａｎ,1,0,1.5
7637,白銅,1,0,0.5
9888,ＵＥＸ,1,0,0.5
3544,サツドラホールディングス,1,0,0.4
7986,日本アイ・エス・ケイ,1,0,0.5
6988,日東電工,1,1,1.6
7148,ＦＰＧ,1,0,0.6
4960,ケミプロ化成,1,1,0.4
6448,ブラザー工業,1,0,1.5
6643,戸上電機製作所,1,0,0.5
4390,ＩＰＳ,1,0,0.5
3946,トーモク,1,1,0.5
9553,マイクロアド,1,1,0.5
3799,キーウェアソリューションズ,1,0,0.5
366A,ウェルネス・コミュニケーションズ,1,1,0.5
6694,ズーム,1,1,0.5
4979,ＯＡＴアグリオ,1,0,0.5
6022,赤阪鐵工所,1,0,0.5
6196,ストライクグループ,1,0,0.5
3917,アイリッジ,1,1,9.3
5618,ナイル,1,1,0.2
7800,アミファ,1,0,0.2
6537,ＷＡＳＨハウス,1,1,0.2
7687,ミクリード,1,1,0.2
3771,システムリサーチ,1,0,0.3
6797,名古屋電機工業,1,0,0.1
3484,イノベーションホールディングス,1,1,0.2
7815,東京ボード工業,1,0,0.1
9351,東洋埠頭,1,0,0.1
8023,ＤＡＩＫＯ　ＸＴＥＣＨ,1,0,0.2
4031,片倉コープアグリ,1,0,3.5
7601,ポプラ,1,1,17.0
8254,さいか屋,1,1,9.6
7072,インティメート・マージャー,1,0,4.4
9158,シーユーシー,1,1,0.8
3639,ボルテージ,1,0,0.1
9399,ビート・ホールディングス・リミテッド,1,0,0.0
8425,みずほリース,1,0,0.8
3512,日本フエルト,1,1,0.1
5983,イワブチ,1,1,0.1
9639,三協フロンテア,1,0,0.8
3913,ＧｒｅｅｎＢｅｅ,1,0,4.1
3434,アルファＣｏ,1,0,0.0
5952,アマテイ,1,0,0.0
4875,メディシノバ・インク,1,0,17.3
7438,コンドーテック,1,1,0.0
4772,ＳＭ　ＥＮＴＥＲＴＡＩＮＭＥＮＴ　ＪＡＰＡＮ,1,1,0.0
6928,エノモト,1,1,1.9
288A,ラクサス・テクノロジーズ,1,1,4.0
9307,杉村倉庫,1,1,91.4
3550,スタジオアタオ,1,1,0.4
7616,コロワイド,1,0,0.4
6919,ケル,1,0,0.3
3970,イノベーション,1,0,0.3
415A,ＧＭＯ　ＴＥＣＨホールディングス,1,1,0.3
6384,昭和真空,1,1,0.2
9063,岡山県貨物運送,1,0,0.2
2937,サンクゼール,1,0,0.2
5029,サークレイス,1,1,3.6
3628,データホライゾン,1,1,4.6
4705,クリップコーポレーション,1,1,1.9
9242,メディア総研,1,1,0.1
9537,北陸瓦斯,1,1,2.0
3439,三ツ知,1,1,0.0
3386,コスモ・バイオ,1,1,2.3
6702,富士通,1,1,1.0
9101,日本郵船,1,0,1.0
6905,コーセル,1,1,1.0
9115,明海グループ,1,0,2.0
8123,川辺,1,0,1.0
3909,ショーケース,1,1,4.2
9215,ＣａＳｙ,1,1,3.4
5982,マルゼン,1,0,8.6
9697,カプコン,1,1,8.3
7041,ＣＲＧホールディングス,1,0,0.2
7235,東京ラヂエーター製造,1,0,0.4
3708,特種東海製紙,1,1,0.7
8613,丸三証券,1,0,0.7
7949,小松ウオール工業,1,0,0.6
7715,長野計器,1,1,1.1
9433,ＫＤＤＩ,1,0,1.1
6977,日本抵抗器製作所,1,1,0.3
6580,ライトアップ,1,0,0.3
7422,東邦レマック,1,1,0.3
7624,ＮａＩＴＯ,1,1,0.3
9929,平和紙業,1,0,0.3
6138,ダイジェット工業,1,1,0.3
8928,穴吹興産,1,1,0.4
6292,カワタ,1,0,0.4
4293,セプテーニ・ホールディングス,1,0,1.1
4978,リプロセル,1,0,2.4
4272,日本化薬,1,1,1.7
7883,サンメッセ,1,1,1.3
6810,マクセル,1,1,1.4
8057,内田洋行,1,0,1.4
9647,協和コンサルタンツ,1,0,4.0
7356,Ｒｅｔｔｙ,1,1,3.4
7162,アストマックス,1,1,3.4
9245,リベロ,1,1,2.4
4527,ロート製薬,1,0,1.4
4540,ツムラ,1,1,1.4
7984,コクヨ,1,0,1.4
6898,トミタ電機,1,1,5.5
4767,テー・オー・ダブリュー,1,1,0.0
7228,デイトナ,1,1,0.2
9699,ニシオホールディングス,1,0,0.8
9023,東京地下鉄,1,0,0.8
5204,石塚硝子,1,1,0.8
4346,ＮＥＸＹＺ．Ｇｒｏｕｐ,1,0,0.7
6061,ユニバーサル園芸社,1,0,0.8
9250,ＧＲＣＳ,1,1,0.8
5018,ＭＯＲＥＳＣＯ,1,1,0.8
7619,田中商事,1,1,0.8
4902,コニカミノルタ,1,1,6.7
6454,マックス,1,0,1.1
7807,幸和製作所,1,1,6.7
8029,ルックホールディングス,1,1,1.1
1436,グリーンエナジー＆カンパニー,1,1,0.0
7898,ウッドワン,1,1,2.6
3524,日東製網,1,0,2.8
7707,プレシジョン・システム・サイエンス,1,1,2.5
6662,ユビテック,1,1,3.4
6908,イリソ電子工業,1,1,3.4
3928,マイネット,1,1,3.3
5189,櫻護謨,1,0,3.0
7175,今村証券,1,1,0.6
9414,日本ＢＳ放送,1,1,0.6
6951,日本電子,1,1,1.1
4712,ＫｅｙＨｏｌｄｅｒ,1,1,0.6
5541,大平洋金属,1,1,0.7
9083,神姫バス,1,1,0.1
7490,日新商事,1,1,10.0
6338,タカトリ,1,1,1.8
4461,第一工業製薬,1,1,1.8
4434,サーバーワークス,1,0,0.8
5142,アキレス,1,1,0.8
3653,モルフォ,1,0,3.8
9064,ヤマトホールディングス,1,1,0.8
423A,ライオン事務器,1,0,0.8
5076,インフロニア・ホールディングス,1,0,0.8
5582,グリッド,1,1,0.0
4387,ＺＵＵ,1,1,0.1
6467,ニチダイ,1,1,0.1
7957,フジコピアン,1,0,0.1
6496,中北製作所,1,1,4.6
5906,エムケー精工,1,1,0.0
4243,ニックス,1,1,24.5
6248,横田製作所,1,1,25.5
6574,コンヴァノ,1,1,4.4
7326,ＳＢＩインシュアランスグループ,1,0,7.3
3727,アプリックス,1,1,1.8
4766,ピーエイ,1,1,0.0
5915,駒井ハルテック,1,1,0.0
9432,ＮＴＴ,1,0,0.9
3940,ノムラシステムコーポレーション,1,0,0.9
6343,フリージア・マクロス,1,1,0.8
7358,ポピンズ,1,0,0.8
4595,ミズホメディー,1,1,0.8
556A,犬猫生活,1,1,0.8
6853,共和電業,1,1,1.8
3787,テクノマセマティカル,1,1,9.8
5711,三菱マテリアル,1,0,1.8
8381,山陰合同銀行,1,1,1.8
5244,ｊｉｇ．ｊｐ,1,1,0.0
3420,ケー・エフ・シー,1,1,2.8
6525,ＫＯＫＵＳＡＩ　ＥＬＥＣＴＲＩＣ,1,1,3.7
9265,ヤマシタヘルスケアホールディングス,1,1,3.7
3377,バイク王＆カンパニー,1,1,3.6
3933,チエル,1,0,3.1
4347,ブロードメディア,1,1,0.8
6417,ＳＡＮＫＹＯ,1,1,0.8
9216,ビーウィズ,1,1,0.8
8698,マネックスグループ,1,0,0.8
5401,日本製鉄,1,0,0.8
4668,明光ネットワークジャパン,1,0,0.8
4932,アルマード,1,1,0.8
6184,鎌倉新書,1,1,0.8
8750,第一ライフグループ,1,1,0.8
9504,中国電力,1,0,0.9
7520,エコス,1,0,0.8
3375,ＺＯＡ,1,0,26.0
7183,あんしん保証,1,1,3.9
5271,トーヨーアサノ,1,1,1.8
4395,アクリート,1,1,38.5
7256,河西工業,1,1,0.5
9381,エーアイテイー,1,0,0.0
4765,ＳＢＩグローバルアセットマネジメント,1,0,0.0
7239,タチエス,1,0,0.9
4442,バルテス・ホールディングス,1,1,0.2
5969,ロブテックス,1,0,0.0
7776,セルシード,1,0,4.8
4052,フィーチャ,1,1,3.0
3753,フライトソリューションズ,1,0,3.3
9969,ショクブン,1,1,2.8
9827,リリカラ,1,1,2.6
4575,キャンバス,1,1,5.4
5973,トーアミ,1,0,16.0
7208,カネミツ,1,0,15.5
5035,ＨＯＵＳＥＩ,1,1,13.8
7963,興研,1,0,4.6
8085,ナラサキ産業,1,1,0.2
4761,さくらケーシーエス,1,1,0.0
4754,トスネット,1,1,0.0
5923,高田機工,1,0,0.0
3053,ペッパーフードサービス,1,0,0.0
3494,マリオン,1,0,0.3
6074,ジェイエスエス,1,0,0.0
9330,揚羽,1,0,0.4
5194,相模ゴム工業,1,1,5.4
6307,サンセイ,1,0,1.0
9513,電源開発,1,0,1.0
8005,スクロール,1,0,0.8
5928,アルメタックス,1,0,0.0
8522,名古屋銀行,1,1,1.8
9214,Ｒｅｃｏｖｅｒｙ　Ｉｎｔｅｒｎａｔｉｏｎａｌ,1,0,0.2
6286,靜甲,1,1,0.8
410A,ＧＭＯコマース,1,1,0.0
3766,システムズ・デザイン,1,1,0.2
261A,日水コン,1,1,0.2
3664,ＷＩＺＥ,1,1,1.1
8032,日本紙パルプ商事,1,1,1.2
7502,プラザホールディングス,1,0,0.7
6835,アライドテレシスホールディングス,1,1,1.2
6134,ＦＵＪＩ,1,1,1.2
6342,太平製作所,1,0,1.0
8364,清水銀行,1,1,1.1
5976,高周波熱錬,1,0,0.7
4615,神東塗料,1,1,0.2
7325,アイリックコーポレーション,1,0,2.6
441A,ＮＥ,1,0,0.8
7989,立川ブラインド工業,1,0,0.8
7743,シード,1,1,0.3
6776,天昇電気工業,1,1,0.5
6268,ナブテスコ,1,1,0.0
5867,エスネットワークス,1,1,1.7
5026,トリプルアイズ,1,1,1.7
7746,岡本硝子,1,1,1.7
6549,ディーエムソリューションズ,1,1,0.5
1450,ＴＡＮＡＫＥＮ,1,1,0.0
336A,ダイナミックマッププラットフォーム,1,1,4.7
3750,ＡＤＲ１２０Ｓ,1,0,0.2
4512,わかもと製薬,1,0,1.4
5713,住友金属鉱山,1,0,1.7
6513,オリジン,1,1,0.3
7472,鳥羽洋行,1,0,0.1
4722,フューチャー,1,0,0.1
3796,いい生活,1,0,0.3
5932,三協立山,1,0,0.3
5997,協立エアテック,1,1,0.3
4124,大阪油化工業,1,0,0.3
5458,高砂鐵工,1,0,0.3
9274,ＫＰＰグループホールディングス,1,1,0.3
6444,サンデン,1,1,0.3
2003,日東富士製粉,1,1,0.0
4593,ヘリオス,1,1,1.4
7276,小糸製作所,1,1,1.7
6049,イトクロ,1,1,1.4
7979,松風,1,0,1.1
5451,ヨドコウ,1,0,1.4
1946,トーエネック,1,0,1.3
3825,リミックスポイント,1,1,1.4
8025,ツカモトコーポレーション,1,1,0.5
5535,ミガロホールディングス,1,0,0.5
6070,キャリアリンク,1,1,0.5
5962,浅香工業,1,1,0.0
5965,フジマック,1,0,0.0
4750,ダイサン,1,1,0.0
3674,オークファン,1,0,0.0
6267,ゼネラルパッカー,1,1,0.0
3941,レンゴー,1,0,1.2
8001,伊藤忠商事,1,0,1.3
3538,ウイルプラスホールディングス,1,1,0.3
5911,横河ブリッジホールディングス,1,0,0.0
5949,ユニプレス,1,0,0.0
9312,ケイヒン,1,1,0.3
8163,ＳＲＳホールディングス,1,0,0.3
4389,プロパティデータバンク,1,1,3.1
4288,アズジェント,1,0,0.2
5363,東京窯業,1,1,0.2
6090,ヒューマン・メタボローム・テクノロジーズ,1,1,0.3
3641,パピレス,1,1,0.3
1866,北野建設,1,0,1.1
7180,九州フィナンシャルグループ,1,1,1.2
5247,ＢＴＭ,1,1,0.0
4308,Ｊストリーム,1,1,1.2
5844,京都フィナンシャルグループ,1,0,1.4
7919,野崎印刷紙業,1,0,1.3
6927,ヘリオス　テクノ　ホールディング,1,1,1.3
9768,いであ,1,1,0.3
8614,東洋証券,1,0,0.6
9193,東京汽船,1,1,0.6
3067,東京一番フーズ,1,0,0.2
4370,モビルス,1,1,0.6
6918,アバールデータ,1,1,1.2
3776,ブロードバンドタワー,1,1,34.6
7297,カーメイト,1,1,3.0
7837,アールシーコア,1,1,2.9
4284,ソルクシーズ,1,1,1.5
8142,トーホー,1,0,0.0
3878,巴川コーポレーション,1,1,1.6
9701,東京會舘,1,1,8.3
8600,トモニホールディングス,1,1,1.3
7322,三十三フィナンシャルグループ,1,1,1.5
4452,花王,1,0,1.3
5021,コスモエネルギーホールディングス,1,0,1.3
8368,百五銀行,1,1,1.3
9722,藤田観光,1,1,1.3
6093,ミトラグループ,1,1,1.3
5208,有沢製作所,1,1,1.3
8237,松屋,1,0,1.3
3665,エニグモ,1,0,1.4
4248,竹本容器,1,0,1.5
4623,アサヒペン,1,0,1.5
6592,マブチモーター,1,1,1.3
5032,ＡＮＹＣＯＬＯＲ,1,1,1.3
8362,福井銀行,1,1,1.3
7482,シモジマ,1,0,1.3
7366,ＬＩＴＡＬＩＣＯ,1,1,1.6
7119,ハルメクホールディングス,1,1,1.6
9686,東洋テック,1,0,0.0
9978,文教堂グループホールディングス,1,1,1.6
4429,リックソフト,1,1,1.6
6915,千代田インテグレ,1,1,1.6
5572,Ｒｉｄｇｅ－ｉ,1,1,1.6
7083,ＡＨＣグループ,1,1,0.0
4771,エフアンドエム,1,1,0.0
1994,高橋カーテンウォール工業,1,1,0.0
9856,ケーユーホールディングス,1,0,0.0
5139,オープンワーク,1,1,1.3
6208,石川製作所,1,1,1.3
6425,ユニバーサルエンターテインメント,1,0,1.3
7435,ナ・デックス,1,1,0.0
5368,日本インシュレーション,1,1,1.3
7042,アクセスグループ・ホールディングス,1,1,1.8
7427,エコートレーディング,1,0,0.0
9450,ファイバーゲート,1,0,1.4
7525,リックス,1,0,0.0
4377,ワンキャリア,1,0,0.0
3444,菊池製作所,1,1,0.0
7897,ホクシン,1,1,0.2
1443,技研ホールディングス,1,1,0.0
9887,松屋フーズホールディングス,1,0,0.5
3955,イムラ,1,1,0.0
3841,ジーダット,1,0,0.3
6995,東海理化電機製作所,1,0,1.4
7901,マツモト,1,0,1.3
4287,ジャストプランニング,1,1,1.3
9843,ニトリホールディングス,1,0,1.4
6832,アオイ電子,1,1,1.8
558A,ＳＱＵＥＥＺＥ,1,1,0.0
4246,ダイキョーニシカワ,1,0,1.4
7602,レダックス,1,0,1.3
4440,ヴィッツ,1,1,2.9
6572,オープングループ,1,0,2.9
4398,ブロードバンドセキュリティ,1,1,4.1
4341,西菱電機,1,0,4.0
8331,千葉銀行,1,1,1.3
8308,りそなホールディングス,1,1,1.4
6785,鈴木,1,1,1.4
7399,ナンシン,1,1,6.2
7792,コラントッテ,1,1,1.0
7369,メイホーホールディングス,1,1,2.6
7674,ＮＡＴＴＹ　ＳＷＡＮＫＹホールディングス,1,1,0.0
4587,ペプチドリーム,1,1,2.7
3640,電算,1,0,3.5
4082,第一稀元素化学工業,1,0,3.5
5256,Ｆｕｓｉｃ,1,1,2.8
7983,ミロク,1,0,2.9
6182,メタリアル,1,1,2.9
8713,フィデアホールディングス,1,1,1.4
4237,フジプレアム,1,0,4.1
9908,日本電計,1,1,0.4
9780,ハリマビステム,1,0,1.4
5951,ダイニチ工業,1,0,0.0
8700,丸八証券,1,1,0.4
9562,ビジネスコーチ,1,0,0.2
3896,阿波製紙,1,1,0.3
2933,紀文食品,1,0,0.3
9470,学研ホールディングス,1,1,0.3
7347,マーキュリアホールディングス,1,1,1.4
6807,日本航空電子工業,1,1,1.4
4172,Ｈｉクラテス,1,0,0.2
3800,ユニリタ,1,0,0.3
6942,ソフィアホールディングス,1,0,0.2
5984,兼房,1,1,0.3
9236,ジャパンＭ＆Ａソリューション,1,1,0.4
9723,京都ホテル,1,1,0.4
3323,レカム,1,0,0.4
4972,綜研化学,1,1,1.5
5820,三ッ星,1,1,1.3
4495,アイキューブドシステムズ,1,1,1.4
5310,東洋炭素,1,1,1.4
7752,リコー,1,0,1.1
9166,ＧＥＮＤＡ,1,0,0.4
523A,セイワホールディングス,1,1,1.3
7357,ジオコード,1,0,1.3
6482,ＹＵＳＨＩＮ,1,1,1.3
9913,日邦産業,1,1,6.6
7350,おきなわフィナンシャルグループ,1,1,1.4
7384,プロクレアホールディングス,1,1,1.4
7079,ＷＤＢココ,1,1,0.0
7080,スポーツフィールド,1,1,0.0
6497,ハマイ,1,1,0.4
6470,大豊工業,1,1,0.4
6551,ツナググループ・ホールディングス,1,0,0.5
8542,トマト銀行,1,1,1.4
7343,ブロードマインド,1,1,0.2
7111,ＩＮＥＳＴ,1,1,5.8
2004,昭和産業,1,0,0.0
9861,吉野家ホールディングス,1,0,0.0
6614,シキノハイテック,1,1,1.3
6501,日立製作所,1,1,1.3
7033,マネジメントソリューションズ,1,0,0.0
3851,日本一ソフトウェア,1,0,1.3
5138,Ｒｅｂａｓｅ,1,0,0.2
9880,イノテック,1,1,1.3
5125,ファインズ,1,1,12.4
4427,ＥｄｕＬａｂ,1,0,0.2
5279,日本興業,1,1,0.2
5970,ジーテクト,1,0,0.0
8609,岡三証券グループ,1,1,1.3
9340,アソインターナショナル,1,1,1.3
8139,ナガホリ,1,1,0.0
9932,杉本商事,1,1,1.7
3529,アツギ,1,1,1.3
341A,トヨコー,1,1,0.3
6360,東京自働機械製作所,1,1,0.3
7992,セーラー万年筆,1,0,2.8
6926,岡谷電機産業,1,1,2.6
6696,トラース・オン・プロダクト,1,0,2.6
3803,イメージ情報開発,1,1,5.3
9706,日本空港ビルデング,1,0,2.7
7150,島根銀行,1,0,1.4
6768,タムラ製作所,1,1,1.3
304A,フォルシア,1,1,0.0
8354,ふくおかフィナンシャルグループ,1,1,1.4
2415,ヒューマンホールディングス,1,0,2.8
7064,ハウテレビジョン,1,1,3.7
8198,マックスバリュ東海,1,0,1.7
8835,太平洋興発,1,0,1.4
6150,タケダ機械,1,1,4.0
5038,ｅＷｅＬＬ,1,1,4.0
2425,ケアサービス,2,2,0.1
2700,木徳神糧,2,2,1.3
323A,フライヤー,2,2,0.7
3160,大光,2,1,1.2
3134,Ｈａｍｅｅ,3,0,0.8
241A,ＲＯＸＸ,3,4,1.0
212A,フィットイージー,3,0,0.9
1961,三機工業,4,10,0.8
186A,アストロスケールホールディングス,4,6,1.9
3089,テクノアルファ,4,3,5.0
151A,ダイブ,4,0,3.5
303A,ｖｉｓｕｍｏ,5,5,1.1
2300,きょくとう,5,5,0.1
2332,クエスト,5,7,1.0
3204,トーア紡コーポレーション,5,6,1.5
3075,銚子丸,6,6,1.1
2687,シー・ヴイ・エス・ベイエリア,6,0,0.5
3241,ウィル,6,5,1.0
3010,ポラリス・ホールディングス,6,1,0.6
148A,ハッチ・ワーク,7,7,0.4
324A,ブッキングリゾート,7,5,0.7
2877,日東ベスト,7,6,0.4
2483,翻訳センター,7,7,0.0
1798,守谷商会,7,9,0.7
2788,アップルインターナショナル,7,1,0.4
3159,丸善ＣＨＩホールディングス,7,0,0.7
2438,アスカネット,7,0,1.2
3236,プロパスト,8,0,0.5
2169,ＣＤＳ,8,30,0.7
2533,オエノンホールディングス,8,8,0.8
1969,高砂熱学工業,8,25,1.0
2349,エヌアイデイ,8,1,0.2
3105,日清紡ホールディングス,8,9,0.7
1736,オーテック,9,10,0.9
2795,日本プリメックス,9,5,4.0
2424,ブラス,9,9,0.5
246A,アスア,9,9,0.1
4464,ソフト９９コーポレーション,9,9,0.8
2158,ＦＲＯＮＴＥＯ,9,6,1.3
3138,富士山マガジンサービス,9,9,1.5
2373,ケア２１,10,10,0.9
156A,マテリアルグループ,10,1,0.5
2573,北海道コカ・コーラボトリング,10,10,0.5
3182,オイシックス・ラ・大地,10,1,0.9
3161,アゼアス,10,7,1.1
2154,オープンアップグループ,10,1,1.3
244A,グロースエクスパートナーズ,10,10,0.3
2986,ＬＡホールディングス,10,10,1.2
1980,ダイダン,10,8,1.0
3030,ハブ,10,10,0.8
3179,シュッピン,10,9,1.6
2760,東京エレクトロン　デバイス,12,8,1.2
2462,ライク,12,0,0.7
9313,丸八倉庫,12,11,0.2
3064,ＭｏｎｏｔａＲＯ,12,12,1.2
3202,ダイトウボウ,12,1,1.8
2668,タビオ,13,4,3.5
3137,ファンデリー,13,12,0.4
2722,ＩＫホールディングス,14,1,2.2
2291,福留ハム,15,0,1.9
1783,ｆａｎｔａｓｉｓｔａ,15,21,1.0
2311,エプコ,16,1,1.3
192A,インテグループ,16,32,10.3
135A,ＶＲＡＩＮ　Ｓｏｌｕｔｉｏｎ,16,16,0.8
2321,ソフトフロントホールディングス,17,0,1.4
2876,デルソーレ,18,0,0.5
2806,ユタカフーズ,19,2,2.4
2266,六甲バター,19,1,1.1
2531,宝ホールディングス,19,21,1.0
325A,ＴＥＮＴＩＡＬ,20,31,1.0
3306,日本製麻,20,19,0.9
2351,ＡＳＪ,20,1,1.6
1720,東急建設,22,1,0.8
1401,エムビーエス,22,5,0.7
1721,コムシスホールディングス,23,0,1.2
153A,カウリス,23,35,4.1
290A,Ｓｙｎｓｐｅｃｔｉｖｅ,24,0,0.6
2323,ｆｏｎｆｕｎ,24,33,0.4
2459,アウンコンサルティング,24,0,0.6
3083,スターシーズ,24,0,0.6
1981,協和日成,24,5,5.7
2195,アミタホールディングス,24,1,1.9
1827,ナカノフドー建設,25,8,10.7
3091,ブロンコビリー,25,3,1.2
1899,福田組,25,5,1.0
3157,ジオリーブグループ,25,4,0.3
2796,ファーマライズホールディングス,25,5,0.8
228A,オプロ,25,27,37.0
2173,博展,25,8,0.3
9362,兵機海運,25,2,1.1
2330,フォーサイド,25,0,0.2
3153,八洲電機,25,9,0.3
2778,パレモ・ホールディングス,26,4,1.1
2752,フジオフードグループ本社,26,32,1.0
1850,南海辰村建設,27,1,2.1
3242,アーバネットコーポレーション,27,10,1.0
2315,ＣＡＩＣＡ　ＤＩＧＩＴＡＬ,27,1,1.6
175A,Ｗｉｌｌ　Ｓｍａｒｔ,27,0,1.7
3277,サンセイランディック,27,7,1.0
1967,ヤマト,27,33,1.6
130A,Ｖｅｒｉｔａｓ　Ｉｎ　Ｓｉｌｉｃｏ,27,1,1.2
2493,イーサポートリンク,27,8,2.7
3223,エスエルディー,27,27,0.3
2970,ＧＬＣ　ＧＲＯＵＰ,28,40,1.5
149A,シンカ,29,30,1.6
2160,ジーエヌアイグループ,29,7,0.9
2784,アルフレッサ　ホールディングス,30,0,0.9
2481,タウンニュース社,30,40,0.6
3297,東武住販,30,5,0.1
291A,リスキル,30,8,0.1
2303,ドーン,30,0,1.2
2341,アルバイトタイムス,30,4,0.7
2286,林兼産業,30,0,0.5
197A,タウンズ,31,34,0.6
2733,あらた,31,0,0.7
3261,グランディーズ,31,31,3.1
138A,光フードサービス,31,5,1.4
1662,石油資源開発,31,0,1.1
247A,Ａｉロボティクス,31,0,2.3
1384,ホクリヨウ,32,0,0.8
1813,不動テトラ,32,17,1.1
3082,きちりホールディングス,32,3,2.1
3103,ユニチカ,32,1,2.4
2929,ファーマフーズ,32,13,1.0
330A,ＴａｌｅｎｔＸ,32,1,0.4
1966,高田工業所,32,1,4.2
2930,北の達人コーポレーション,32,0,1.4
265A,Ｈｍｃｏｍｍ,33,31,0.5
2342,トランスジェニックグループ,33,0,0.7
1605,ＩＮＰＥＸ,33,0,1.2
1960,サンテック,33,1,0.8
3123,サイボー,33,0,1.2
3139,ラクト・ジャパン,33,0,0.6
1773,ワイ・ティー・エル・コーポレーション・バーハッド,33,0,0.1
3196,ホットランドホールディングス,33,3,0.8
2749,ＪＰホールディングス,34,0,0.2
3113,ＵＮＩＶＡ・Ｏａｋホールディングス,34,2,1.8
1807,佐藤渡辺,34,0,1.3
2932,ＳＴＩフードホールディングス,34,1,1.0
1724,シンクレイヤ,34,7,1.1
3180,ビューティガレージ,34,9,0.4
2499,日本和装ホールディングス,34,1,0.4
2982,ＡＤワークスグループ,34,0,0.8
2480,システム・ロケーション,34,0,0.4
1514,住石ホールディングス,34,0,1.2
3176,三洋貿易,34,1,0.4
2384,ＳＢＳホールディングス,35,8,1.1
2229,カルビー,35,0,0.8
2211,不二家,35,0,0.9
1870,矢作建設工業,35,0,0.6
141A,トライアルホールディングス,35,0,1.2
2198,アイ・ケイ・ケイホールディングス,35,0,1.0
3167,ＴＯＫＡＩホールディングス,35,0,0.5
2156,セーラー広告,35,10,0.1
2804,ブルドックソース,35,0,0.5
2359,コア,35,0,0.8
2193,クックパッド,35,0,1.0
1897,金下建設,35,8,0.0
3031,ラクーンホールディングス,36,11,0.7
2935,ピックルスホールディングス,36,0,1.5
3143,オーウイル,36,20,0.3
1711,ＳＤＳホールディングス,36,0,0.5
1301,極洋,36,0,0.7
2593,伊藤園,36,0,2.6
2301,学情,36,9,1.0
2477,手間いらず,36,0,1.2
2753,あみやき亭,36,0,0.5
1379,ホクト,36,0,1.1
2613,Ｊ－オイルミルズ,36,0,1.0
2768,双日,36,0,0.9
2602,日清オイリオグループ,36,0,1.4
1929,日特建設,36,1,0.6
1934,ユアテック,36,0,1.1
2269,明治ホールディングス,36,0,1.1
2152,幼児活動研究会,37,0,0.4
146A,コロンビア・ワークス,37,0,1.7
2331,ＡＬＳＯＫ,37,0,1.1
4629,大伸化学,37,47,0.8
2146,ＵＴグループ,37,10,1.1
2055,日和産業,37,0,2.6
3169,ミサワ,37,38,0.7
2395,新日本科学,37,0,1.0
2326,デジタルアーツ,38,10,1.0
219A,Ｈｅａｒｔｓｅｅｄ,38,48,1.0
2962,テクニスコ,38,33,1.6
2983,アールプランナー,38,0,1.2
1847,イチケン,39,1,1.1
1879,新日本建設,39,0,0.4
206A,ＰＲＩＳＭ　ＢｉｏＬａｂ,39,0,5.2
194A,ＷＯＬＶＥＳ　ＨＡＮＤ,39,0,0.8
1921,巴コーポレーション,40,1,0.1
319A,技術承継機構,40,4,2.8
2764,ひらまつ,40,40,0.9
3132,マクニカホールディングス,41,12,1.7
3131,シンデン・ハイテックス,41,9,0.9
3121,マーチャント・バンカーズ,41,0,0.7
2215,第一屋製パン,41,10,1.9
2737,トーメンデバイス,41,41,0.7
7413,創健社,41,19,1.4
3038,神戸物産,43,2,1.7
2981,ランディックス,43,44,1.3
2695,くら寿司,44,3,0.9
299A,クラシル,44,0,1.7
3156,レスター,44,41,1.7
3076,あい　ホールディングス,44,0,1.2
1888,若築建設,44,1,0.3
2894,石井食品,45,2,0.8
142A,ジンジブ,45,59,5.9
1914,日本基礎技術,45,61,1.2
196A,ＭＦＳ,46,0,1.6
1383,ベルグアース,46,10,0.4
1939,四電工,47,40,1.0
3036,アルコニックス,47,1,1.5
2464,Ａｏｂａ‐ＢＢＴ,47,0,0.3
2769,ヴィレッジヴァンガードコーポレーション,48,65,1.5
3248,アールエイジ,48,3,0.8
256A,飛島ホールディングス,48,33,1.5
269A,Ｓａｐｅｅｔ,48,60,1.0
3023,ラサ商事,48,7,0.9
296A,令和アカウンティング・ホールディングス,48,48,0.8
2484,出前館,49,0,0.7
2681,ゲオホールディングス,50,0,0.8
2354,ＹＥ　ＤＩＧＩＴＡＬ,50,0,1.2
3197,すかいらーくホールディングス,50,0,1.0
2747,北雄ラッキー,50,7,1.7
1430,ファーストコーポレーション,51,9,1.8
2109,ＤＭ三井製糖,52,36,1.3
167A,リョーサン菱洋ホールディングス,52,10,1.4
3317,フライングガーデン,52,16,2.0
2153,Ｅ・Ｊホールディングス,52,10,0.7
1515,日鉄鉱業,52,0,1.4
2831,はごろもフーズ,52,8,0.9
3944,古林紙工,53,0,2.0
3058,三洋堂ホールディングス,53,0,0.5
2212,山崎製パン,53,0,0.9
3087,ドトール・日レスホールディングス,53,0,1.4
3583,オーベクス,54,25,1.7
2479,ジェイテック,54,34,0.6
3024,クリエイト,54,65,0.1
245A,ＩＮＧＳ,55,0,0.3
2437,Ｓｈｉｎｗａ　Ｗｉｓｅ　Ｈｏｌｄｉｎｇｓ,55,0,1.5
3246,コーセーアールイー,55,59,2.0
3166,ＯＣＨＩホールディングス,55,0,1.4
1867,植木組,55,0,0.4
2997,ストレージ王,55,0,0.5
7067,ブランディングテクノロジー,56,9,0.1
3001,片倉工業,56,10,1.0
150A,ＪＳＨ,56,0,0.3
2782,セリア,57,52,1.5
2730,エディオン,57,0,1.0
1826,佐田建設,57,0,2.1
2124,ジェイエイシーリクルートメント,58,10,1.0
2185,シイエム・シイ,58,0,0.4
2179,成学社,58,0,2.0
2429,ワールドホールディングス,58,1,1.2
3201,日本毛織,58,0,0.9
1814,大末建設,58,0,0.4
173A,ハンモック,58,8,1.7
2117,ウェルネオシュガー,58,0,0.4
2767,円谷フィールズホールディングス,58,0,1.0
2750,石光商事,59,0,1.3
2327,日鉄ソリューションズ,59,0,0.9
2492,インフォマート,59,63,1.2
3177,ありがとうサービス,59,9,0.8
3276,ＪＰＭＣ,59,9,0.9
2120,ＬＩＦＵＬＬ,60,2,0.4
3232,三重交通グループホールディングス,60,0,0.4
3068,ＷＤＩ,60,61,0.8
2170,リンクアンドモチベーション,60,0,0.5
3028,アルペン,60,3,0.9
2590,ダイドーグループホールディングス,60,0,1.0
2914,日本たばこ産業,60,2,0.9
276A,ククレブ・アドバイザーズ,61,27,1.1
2307,クロスキャット,61,0,0.5
1822,大豊建設,61,0,0.5
3080,ジェーソン,61,61,2.5
2910,ロック・フィールド,61,0,0.8
3187,ミラタップ,61,34,0.5
2926,篠崎屋,62,0,0.8
7877,永大化工,62,0,0.2
1762,高松コンストラクショングループ,63,0,0.8
3097,物語コーポレーション,63,0,1.2
3238,セントラル総合開発,63,0,4.9
3034,クオールホールディングス,63,1,1.1
2984,ヤマイチエステート,63,8,0.9
1418,インターライフホールディングス,63,4,1.0
2121,ＭＩＸＩ,64,0,1.2
2735,ワッツ,64,16,0.5
2340,極楽湯ホールディングス,65,0,0.3
2433,博報堂ＤＹホールディングス,65,0,1.4
2224,コモ,65,12,1.1
1840,土屋ホールディングス,66,1,2.5
2181,パーソルホールディングス,66,0,1.3
9698,クレオ,67,0,2.3
1376,カネコ種苗,67,0,0.5
2207,ｍｅｉｔｏ,67,0,0.5
2705,大戸屋ホールディングス,67,0,1.0
2934,ジェイフロンティア,68,7,0.2
3600,フジックス,68,5,0.2
3020,アプライド,68,35,0.4
3077,ホリイフードサービス,68,32,0.4
2734,サーラコーポレーション,69,0,1.0
2666,オートウェーブ,69,16,0.4
1429,日本アクア,70,6,0.8
2607,不二製油,70,0,0.8
2612,かどや製油,70,25,1.7
2907,あじかん,70,0,0.6
2060,フィード・ワン,70,0,0.8
287A,黒田グループ,71,0,0.7
2053,中部飼料,71,0,0.6
2489,アドウェイズ,72,3,1.3
189A,Ｄ＆Ｍカンパニー,72,22,1.5
1433,ベステラ,73,0,0.7
2789,カルラ,74,6,0.5
1375,ユキグニファクトリー,76,0,0.8
1518,三井松島ホールディングス,77,0,1.0
2820,やまみ,77,1,1.3
1848,富士ピー・エス,78,42,2.5
1770,藤田エンジニアリング,80,0,0.3
2393,日本ケアサプライ,83,10,0.4
1795,マサル,89,0,0.1
2664,カワチ薬品,92,4,1.0
3173,Ｃｏｍｉｎｉｘ,93,2,0.3
2805,ヱスビー食品,96,0,1.0
2488,ＪＴＰ,97,0,1.9
2810,ハウス食品グループ本社,98,20,1.0
1793,大本組,98,0,0.6
2892,日本食品化工,100,34,0.4
2371,カカクコム,114,13,0.8
3181,買取王国,122,0,0.8
3107,ダイワボウホールディングス,123,0,1.0
2597,ユニカフェ,128,67,0.9
2175,エス・エム・エス,168,26,1.0
