Ticker,銘柄名,75SMAと直近高値越
7735,ＳＣＲＥＥＮホールディングス,True
4543,テルモ,True
6266,タツモ,True
4022,ラサ工業,True
6613,ＱＤレーザ,True
6925,ウシオ電機,True
6323,ローツェ,True
4499,Ｓｐｅｅｅ,True
6616,トレックス・セミコンダクター,True
6929,日本セラミック,True
5105,ＴＯＹＯ　ＴＩＲＥ,True
6507,シンフォニアテクノロジー,True
2136,ヒップ,True
3110,日東紡績,True
6859,エスペック,True
6762,ＴＤＫ,True
6981,村田製作所,True
2413,エムスリー,True
3687,フィックスターズ,True
6871,日本マイクロニクス,True
3967,エルテス,True
7814,日本創発グループ,True
7995,バルカー,True
7952,河合楽器製作所,True
7717,ブイ・テクノロジー,True
8746,ｕｎｂａｎｋｅｄ,True
4288,アズジェント,True
3267,フィル・カンパニー,True
3939,カナミックネットワーク,True
3035,ケイティケイ,True
6145,ＮＩＴＴＯＫＵ,True
5393,ニチアス,True
6877,ＯＢＡＲＡ　ＧＲＯＵＰ,True
3671,ソフトマックス,True
5801,古河電気工業,True
