Ticker,銘柄名,パーフェクトオーダー,75SMA越
2590,ダイドーグループホールディングス,True,51
4324,電通グループ,True,90
2914,日本たばこ産業,True,51
8551,北日本銀行,True,87
2170,リンクアンドモチベーション,True,51
4196,ネオマーケティング,True,170
8387,四国銀行,True,291
4124,大阪油化工業,True,49
7733,オリンパス,True,87
8037,カメイ,True,91
6488,ヨシタケ,True,51
3396,フェリシモ,True,51
7480,スズデン,True,91
2892,日本食品化工,True,91
6161,エスティック,True,0
9686,東洋テック,True,51
6448,ブラザー工業,True,91
8544,京葉銀行,True,332
4661,オリエンタルランド,True,51
8306,三菱ＵＦＪフィナンシャル・グループ,True,89
7213,レシップホールディングス,True,168
7366,ＬＩＴＡＬＩＣＯ,True,88
9902,日伝,True,90
6737,ＥＩＺＯ,True,90
5458,高砂鐵工,True,87
2810,ハウス食品グループ本社,True,89
6309,巴工業,True,51
3864,三菱製紙,True,176
9831,ヤマダホールディングス,True,89
8725,ＭＳ＆ＡＤインシュアランスグループホールディングス,True,88
9304,澁澤倉庫,True,89
3965,キャピタル・アセット・プランニング,True,51
4927,ポーラ・オルビスホールディングス,True,51
4671,ファルコホールディングス,True,51
5076,インフロニア・ホールディングス,True,89
8065,佐藤商事,True,0
446A,ノースサンド,True,51
8706,極東証券,True,49
4478,フリー,True,49
575A,前澤ホールディングス,True,51
6218,エンシュウ,True,88
6379,レイズネクスト,True,51
4041,日本曹達,True,51
7186,横浜フィナンシャルグループ,True,89
2488,ＪＴＰ,True,88
8508,Ｊトラスト,True,0
1793,大本組,True,89
6178,日本郵政,True,88
7482,シモジマ,True,51
4326,インテージホールディングス,True,90
5444,大和工業,True,0
6087,アビスト,True,49
4119,日本ピグメントホールディングス,True,49
7868,広済堂ホールディングス,True,0
6071,ＩＢＪ,True,90
8360,山梨中央銀行,True,332
4996,クミアイ化学工業,True,0
558A,ＳＱＵＥＥＺＥ,True,51
3968,セグエグループ,True,90
7537,丸文,True,89
4076,シイエヌエス,True,49
8399,琉球銀行,True,326
6349,小森コーポレーション,True,49
7384,プロクレアホールディングス,True,190
6570,共和コーポレーション,True,87
8388,阿波銀行,True,300
8362,福井銀行,True,318
8308,りそなホールディングス,True,95
8739,スパークス・グループ,True,91
4118,カネカ,True,94
274A,ガーデン,True,0
9697,カプコン,True,50
365A,伊澤タオル,True,104
581A,ＧＯ,True,50
9326,関通ホールディングス,True,50
8255,アクシアル　リテイリング,True,50
4221,大倉工業,True,50
2371,カカクコム,True,105
8789,フィンテック　グローバル,True,50
8418,山口フィナンシャルグループ,True,113
3276,ＪＰＭＣ,True,50
8059,第一実業,True,50
4674,クレスコ,True,50
3181,買取王国,True,113
9278,ブックオフグループホールディングス,True,50
2492,インフォマート,True,50
8051,山善,True,113
6144,西部電機,True,0
4634,ａｒｔｉｅｎｃｅ,True,113
9368,キムラユニティー,True,50
7167,めぶきフィナンシャルグループ,True,94
7180,九州フィナンシャルグループ,True,113
8331,千葉銀行,True,94
2883,大冷,True,50
8566,リコーリース,True,51
8101,ＧＳＩクレオス,True,50
9366,サンリツ,True,101
8316,三井住友フィナンシャルグループ,True,94
4249,森六,True,50
7523,アールビバン,True,95
6724,セイコーエプソン,True,95
3763,プロシップ,True,96
5697,サンユウ,True,50
8337,千葉興業銀行,True,94
9310,日本トランスシティ,True,50
9535,広島ガス,True,50
7337,ひろぎんホールディングス,True,94
8346,東邦銀行,True,94
8344,山形銀行,True,94
6592,マブチモーター,True,50
6358,酒井重工業,True,50
3177,ありがとうサービス,True,50
3698,ＣＲＩ・ミドルウェア,True,94
8370,紀陽銀行,True,94
7177,ＧＭＯフィナンシャルホールディングス,True,50
6533,Ｏｒｃｈｅｓｔｒａ　Ｈｏｌｄｉｎｇｓ,True,0
8541,愛媛銀行,True,96
3762,テクマトリックス,True,50
6098,リクルートホールディングス,True,94
4800,オリコン,True,97
6360,東京自働機械製作所,True,97
254A,ＡＩフュージョンキャピタルグループ,True,50
5976,高周波熱錬,True,50
3537,昭栄薬品,True,100
8377,ほくほくフィナンシャルグループ,True,94
9651,日本プロセス,True,50
7565,萬世電機,True,51
3994,マネーフォワード,True,51
8022,美津濃,True,49
4928,ノエビアホールディングス,True,51
9928,ミロク情報サービス,True,51
3237,イントランス,True,92
7128,ユニソルホールディングス,True,51
3201,日本毛織,True,49
6743,大同信号,True,51
3028,アルペン,True,51
6532,ベイカレント,True,92
7134,アップガレージグループ,True,92
4816,東映アニメーション,True,49
4417,グローバルセキュリティエキスパート,True,92
4733,オービックビジネスコンサルタント,True,51
9861,吉野家ホールディングス,True,49
9009,京成電鉄,True,51
8704,トレイダーズホールディングス,True,92
7931,未来工業,True,51
6340,澁谷工業,True,91
4668,明光ネットワークジャパン,True,51
9678,カナモト,True,151
8103,明和産業,True,91
4246,ダイキョーニシカワ,True,91
2175,エス・エム・エス,True,159
7119,ハルメクホールディングス,True,166
278A,Ｔｅｒｒａ　Ｄｒｏｎｅ,True,128
8622,水戸証券,True,49
9506,東北電力,True,49
8381,山陰合同銀行,True,128
5246,ＥＬＥＭＥＮＴＳ,True,51
7630,壱番屋,True,51
8439,東京センチュリー,True,94
7350,おきなわフィナンシャルグループ,True,94
3946,トーモク,True,93
7550,ゼンショーホールディングス,True,49
3697,ＳＨＩＦＴ,True,51
5928,アルメタックス,True,49
9433,ＫＤＤＩ,True,51
4293,セプテーニ・ホールディングス,True,51
3107,ダイワボウホールディングス,True,114
3696,セレス,True,93
8383,鳥取銀行,True,51
8084,ＲＹＯＤＥＮ,True,93
7976,三菱鉛筆,True,92
7872,エステールホールディングス,True,51
6418,日本金銭機械,True,51
7296,エフ・シー・シー,True,51
6364,ＡＩＲＭＡＮ,True,51
8173,Ｊｏｓｈｉｎ,True,119
9706,日本空港ビルデング,True,51
8358,スルガ銀行,True,119
5186,ニッタ,True,119
428A,サイプレス・ホールディングス,True,119
6316,丸山製作所,True,92
9633,東京テアトル,True,49
2597,ユニカフェ,True,119
5033,ヌーラボ,True,63
7267,本田技研工業,True,80
4722,フューチャー,True,51
1376,カネコ種苗,True,58
8281,ゼビオホールディングス,True,58
2207,ｍｅｉｔｏ,True,58
2705,大戸屋ホールディングス,True,58
8617,光世証券,True,58
1375,ユキグニファクトリー,True,67
2922,なとり,True,58
3190,ホットマン,True,58
1840,土屋ホールディングス,True,57
8008,ヨンドシーホールディングス,True,67
2820,やまみ,True,68
5832,ちゅうぎんフィナンシャルグループ,True,68
9854,愛眼,True,57
7856,萩原工業,True,57
6193,バーチャレクス・ホールディングス,True,57
7075,ＱＬＳホールディングス,True,57
9274,ＫＰＰグループホールディングス,True,67
2349,エヌアイデイ,True,0
3802,エコミック,True,59
9698,クレオ,True,59
2122,インタースペース,True,59
7947,エフピコ,True,67
7643,ダイイチ,True,67
6194,アトラエ,True,67
9324,安田倉庫,True,59
9563,Ａｔｌａｓ　Ｔｅｃｈｎｏｌｏｇｉｅｓ,True,59
5480,日本冶金工業,True,59
5258,トランザクション・メディア・ネットワークス,True,67
3020,アプライド,True,59
9081,神奈川中央交通,True,67
2934,ジェイフロンティア,True,59
6942,ソフィアホールディングス,True,59
4746,東計電算,True,59
6897,ツインバード,True,59
4912,ライオン,True,67
4175,ｃｏｌｙ,True,59
7354,ダイレクトマーケティングミックス,True,67
2181,パーソルホールディングス,True,57
7133,ＨＹＵＧＡ　ＰＲＩＭＡＲＹ　ＣＡＲＥ,True,57
7476,アズワン,True,57
4475,ＨＥＮＮＧＥ,True,57
8075,神鋼商事,True,56
4919,ミルボン,True,56
7266,今仙電機製作所,True,56
3766,システムズ・デザイン,True,69
2801,キッコーマン,True,69
9339,コーチ・エィ,True,69
1848,富士ピー・エス,True,69
6869,シスメックス,True,56
8041,ＯＵＧホールディングス,True,56
8163,ＳＲＳホールディングス,True,56
4526,理研ビタミン,True,70
8395,佐賀銀行,True,56
8613,丸三証券,True,56
7214,ＧＭＢ,True,56
2340,極楽湯ホールディングス,True,56
3159,丸善ＣＨＩホールディングス,True,56
8410,セブン銀行,True,70
7997,くろがね工作所,True,69
6155,高松機械工業,True,59
8630,ＳＯＭＰＯホールディングス,True,69
2004,昭和産業,True,69
4689,ＬＩＮＥヤフー,True,56
3950,ザ・パック,True,56
4769,ＩＣ,True,68
4760,アルファ,True,0
4491,コンピューターマネージメント,True,56
7951,ヤマハ,True,56
7552,ハピネット,True,56
8133,伊藤忠エネクス,True,56
9381,エーアイテイー,True,56
2433,博報堂ＤＹホールディングス,True,56
8524,北洋銀行,True,68
1518,三井松島ホールディングス,True,68
7189,西日本フィナンシャルホールディングス,True,68
2224,コモ,True,56
9619,イチネンホールディングス,True,68
8304,あおぞら銀行,True,69
2226,湖池屋,True,69
7803,ブシロード,True,56
2139,中広,True,56
3077,ホリイフードサービス,True,59
7864,フジシールインターナショナル,True,66
287A,黒田グループ,True,62
3657,ポールトゥウィンホールディングス,True,64
6381,アネスト岩田,True,62
5136,ｔｒｉｐｌａ,True,62
7083,ＡＨＣグループ,True,64
7504,高速,True,64
5162,朝日ラバー,True,62
4189,ＫＨネオケム,True,62
5269,日本コンクリート工業,True,64
8596,九州リースサービス,True,61
9644,タナベコンサルティンググループ,True,65
7624,ＮａＩＴＯ,True,61
2060,フィード・ワン,True,61
7988,ニフコ,True,61
4206,アイカ工業,True,61
2907,あじかん,True,61
2933,紀文食品,True,62
212A,フィットイージー,True,64
9639,三協フロンテア,True,64
2053,中部飼料,True,62
7619,田中商事,True,63
3195,ジェネレーションパス,True,63
189A,Ｄ＆Ｍカンパニー,True,63
2489,アドウェイズ,True,63
5971,共和工業所,True,63
7740,タムロン,True,62
1992,神田通信機,True,64
9034,南総通運,True,64
7314,小田原機器,True,64
6977,日本抵抗器製作所,True,0
1438,岐阜造園,True,62
6050,イー・ガーディアン,True,64
3477,フォーライフ,True,62
4633,サカタインクス,True,64
9201,日本航空,True,64
9251,ＡＢ＆Ｃｏｍｐａｎｙ,True,64
8616,東海東京フィナンシャル・ホールディングス,True,64
4346,ＮＥＸＹＺ．Ｇｒｏｕｐ,True,61
6063,日本エマージェンシーアシスタンス,True,65
2607,不二製油,True,61
7681,レオクラン,True,65
9244,デジタリフト,True,60
2666,オートウェーブ,True,60
6333,ＴＥＩＫＯＫＵ,True,65
9908,日本電計,True,60
5902,ホッカンホールディングス,True,65
2001,ニップン,True,60
5576,オービーシステム,True,65
5942,日本フイルコン,True,60
4611,大日本塗料,True,65
7208,カネミツ,True,65
9449,ＧＭＯインターネットグループ,True,59
7175,今村証券,True,59
4431,スマレジ,True,65
9249,日本エコシステム,True,66
3544,サツドラホールディングス,True,59
460A,ＢＲＡＮＵ,True,66
9069,センコーグループホールディングス,True,59
5830,いよぎんホールディングス,True,65
6276,シリウスビジョン,True,66
4174,アピリッツ,True,60
4341,西菱電機,True,60
3490,アズ企画設計,True,61
7357,ジオコード,True,65
5889,Ｊａｐａｎ　Ｅｙｅｗｅａｒ　Ｈｏｌｄｉｎｇｓ,True,0
4613,関西ペイント,True,65
3435,サンコーテクノ,True,65
7481,尾家産業,True,65
8045,横浜丸魚,True,65
7486,サンリン,True,65
9082,大和自動車交通,True,65
9010,富士急行,True,65
5966,京都機械工具,True,61
8159,立花エレテック,True,61
4665,ダスキン,True,60
4212,積水樹脂,True,65
2734,サーラコーポレーション,True,60
2809,キユーピー,True,60
9828,Ｇｅｎｋｉ　Ｇｌｏｂａｌ　Ｄｉｎｉｎｇ　Ｃｏｎｃｅｐｔｓ,True,60
4619,日本特殊塗料,True,65
6392,ヤマダコーポレーション,True,87
8522,名古屋銀行,True,70
8244,近鉄百貨店,True,70
3974,ＳＣＡＴ,True,52
7832,バンダイナムコホールディングス,True,52
9997,ベルーナ,True,83
9552,クオンツ総研ホールディングス,True,83
7358,ポピンズ,True,52
276A,ククレブ・アドバイザーズ,True,52
2664,カワチ薬品,True,83
2208,ブルボン,True,53
8104,クワザワホールディングス,True,84
3173,Ｃｏｍｉｎｉｘ,True,84
5997,協立エアテック,True,0
4762,エックスネット,True,84
6334,明治機械,True,84
5901,東洋製罐グループホールディングス,True,85
5975,東プレ,True,85
2652,まんだらけ,True,85
7957,フジコピアン,True,84
546A,ＭＩＲＡＩＮＩホールディングス,True,53
7878,光・彩,True,0
8628,松井証券,True,53
7877,永大化工,True,53
8207,テンアライド,True,53
8707,岩井コスモホールディングス,True,81
6282,オイレス工業,True,81
7184,富山第一銀行,True,53
7979,松風,True,82
6412,平和,True,82
5027,ＡｎｙＭｉｎｄ　Ｇｒｏｕｐ,True,53
7399,ナンシン,True,53
2926,篠崎屋,True,53
4208,ＵＢＥ,True,82
5962,浅香工業,True,53
9365,トレーディア,True,53
3987,エコモット,True,53
7883,サンメッセ,True,82
8411,みずほフィナンシャルグループ,True,83
3494,マリオン,True,53
8365,富山銀行,True,52
4413,ボードルア,True,85
8600,トモニホールディングス,True,52
8700,丸八証券,True,52
3941,レンゴー,True,86
8927,明豊エンタープライズ,True,51
4424,Ａｍａｚｉａ,True,51
8558,東和銀行,True,87
2805,ヱスビー食品,True,87
7272,ヤマハ発動機,True,87
6345,アイチ　コーポレーション,True,51
3232,三重交通グループホールディングス,True,51
3753,フライトソリューションズ,True,51
5632,三菱製鋼,True,87
2654,アスモ,True,51
5986,モリテック　スチール,True,51
8935,ＦＪネクストホールディングス,True,87
7371,Ｚｅｎｋｅｎ,True,51
8242,エイチ・ツー・オー　リテイリング,True,87
7939,研創,True,51
4443,Ｓａｎｓａｎ,True,87
9385,ショーエイコーポレーション,True,51
7072,インティメート・マージャー,True,81
9215,ＣａＳｙ,True,51
6306,日工,True,86
3937,Ｕｂｉｃｏｍホールディングス,True,52
8511,日本証券金融,True,85
6915,千代田インテグレ,True,52
4255,ＴＨＥＣＯＯ,True,85
3551,ダイニック,True,85
7867,タカラトミー,True,85
9380,東海運,True,52
7041,ＣＲＧホールディングス,True,52
3187,ミラタップ,True,52
8713,フィデアホールディングス,True,52
3080,ジェーソン,True,52
9436,沖縄セルラー電話,True,86
4771,エフアンドエム,True,86
9888,ＵＥＸ,True,86
2120,ＬＩＦＵＬＬ,True,51
3708,特種東海製紙,True,86
3422,Ｊ－ＭＡＸ,True,86
4389,プロパティデータバンク,True,86
6960,フクダ電子,True,56
4615,神東塗料,True,53
6545,インターネットインフィニティー,True,53
8601,大和証券グループ本社,True,72
5831,しずおかフィナンシャルグループ,True,72
8334,群馬銀行,True,72
7417,南陽,True,55
9616,共立メンテナンス,True,72
7698,アイスコ,True,55
8158,ソーダニッカ,True,72
6078,バリューＨＲ,True,55
3461,パルマ,True,55
6287,サトー,True,72
5845,全保連,True,55
5018,ＭＯＲＥＳＣＯ,True,54
4243,ニックス,True,72
4095,日本パーカライジング,True,72
5900,ダイケン,True,74
3989,シェアリングテクノロジー,True,54
2108,日本甜菜製糖,True,72
6820,アイコム,True,55
8066,三谷商事,True,55
8354,ふくおかフィナンシャルグループ,True,72
6238,フリュー,True,70
3010,ポラリス・ホールディングス,True,56
7127,一家ホールディングス,True,56
1770,藤田エンジニアリング,True,71
9872,北恵,True,56
2735,ワッツ,True,55
6080,Ｍ＆Ａキャピタルパートナーズ,True,71
3454,ファーストブラザーズ,True,55
6396,宇野澤組鐵工所,True,55
545A,トランヴィア,True,55
2121,ＭＩＸＩ,True,55
8253,クレディセゾン,True,55
7508,Ｇ‐７ホールディングス,True,55
7327,第四北越フィナンシャルグループ,True,72
8147,トミタ,True,55
7914,共同印刷,True,55
7087,ウイルテック,True,55
8604,野村ホールディングス,True,74
8876,リログループ,True,54
3926,オープンドア,True,54
7562,安楽亭,True,54
1795,マサル,True,80
3877,中越パルプ工業,True,80
3399,丸千代山岡家,True,54
5982,マルゼン,True,54
7185,ヒロセ通商,True,54
4258,網屋,True,80
3979,うるる,True,54
9889,ＪＢＣＣホールディングス,True,54
5261,リソルホールディングス,True,54
7381,ＣＣＩグループ,True,54
5891,魁力屋,True,81
5195,バンドー化学,True,81
9353,櫻島埠頭,True,81
3843,フリービット,True,54
3512,日本フエルト,True,54
2984,ヤマイチエステート,True,54
4444,インフォネット,True,53
6058,ベクトル,True,78
8609,岡三証券グループ,True,81
4373,シンプレクス・ホールディングス,True,54
4224,ロンシール工業,True,54
2393,日本ケアサプライ,True,74
8624,いちよし証券,True,54
3097,物語コーポレーション,True,54
7839,ＳＨＯＥＩ,True,76
4776,サイボウズ,True,54
9890,マキヤ,True,77
8043,スターゼン,True,54
4120,スガイ化学工業,True,77
5695,パウダーテック,True,77
6750,エレコム,True,77
6463,ＴＰＲ,True,78
2270,雪印メグミルク,True,78
8708,アイザワ証券グループ,True,54
3034,クオールホールディングス,True,54
9204,スカイマーク,True,78
9882,イエローハット,True,0
4220,リケンテクノス,True,54
7458,第一興商,True,54
4902,コニカミノルタ,True,1
7902,ソノコム,True,0
2767,円谷フィールズホールディングス,True,49
4238,ミライアル,True,18
5288,アジアパイルホールディングス,True,0
6898,トミタ電機,True,18
6099,エラン,True,0
4410,ハリマ化成グループ,True,0
1994,高橋カーテンウォール工業,True,18
6643,戸上電機製作所,True,18
9087,タカセ,True,19
7713,シグマ光機,True,18
7927,ムトー精工,True,18
6166,中村超硬,True,18
5020,ＥＮＥＯＳホールディングス,True,18
5943,ノーリツ,True,0
3075,銚子丸,True,0
6310,井関農機,True,18
7362,Ｔ．Ｓ．Ｉ,True,18
8061,西華産業,True,18
2970,ＧＬＣ　ＧＲＯＵＰ,True,19
2702,日本マクドナルドホールディングス,True,20
2503,キリンホールディングス,True,0
3569,セーレン,True,0
5946,長府製作所,True,0
6470,大豊工業,True,0
3691,デジタルプラス,True,21
7091,リビングプラットフォーム,True,21
9220,エフビー介護サービス,True,21
2286,林兼産業,True,21
6339,新東工業,True,0
5918,瀧上工業,True,0
9115,明海グループ,True,21
4021,日産化学,True,0
3054,ハイパー,True,20
3769,ＧＭＯペイメントゲートウェイ,True,0
9450,ファイバーゲート,True,20
9929,平和紙業,True,20
8841,テーオーシー,True,20
6247,日阪製作所,True,0
4543,テルモ,True,0
4365,松本油脂製薬,True,21
9419,ワイヤレスゲート,True,18
7287,日本精機,True,18
1721,コムシスホールディングス,True,14
7283,愛三工業,True,0
6408,小倉クラッチ,True,14
8766,東京海上ホールディングス,True,14
8343,秋田銀行,True,332
6599,エブレン,True,14
153A,カウリス,True,14
4371,コアコンセプト・テクノロジー,True,14
4415,ブロードエンタープライズ,True,14
7065,ユーピーアール,True,0
3560,ほぼ日,True,0
4968,荒川化学工業,True,0
4972,綜研化学,True,13
9271,和心,True,0
3561,力の源ホールディングス,True,0
9913,日邦産業,True,12
9692,シーイーシー,True,0
6769,ザインエレクトロニクス,True,14
3611,マツオカコーポレーション,True,0
6875,メガチップス,True,0
3475,グッドコムアセット,True,0
6850,チノー,True,18
9159,Ｗ　ＴＯＫＹＯ,True,17
5208,有沢製作所,True,0
2752,フジオフードグループ本社,True,17
4005,住友化学,True,17
9976,セキチュー,True,17
4956,コニシ,True,16
7826,フルヤ金属,True,16
7278,エクセディ,True,0
4202,ダイセル,True,0
5703,日本軽金属ホールディングス,True,0
3083,スターシーズ,True,15
290A,Ｓｙｎｓｐｅｃｔｉｖｅ,True,15
7780,メニコン,True,0
336A,ダイナミックマッププラットフォーム,True,15
2874,横浜冷凍,True,14
5533,エリッツホールディングス,True,18
7859,アルメディオ,True,12
2877,日東ベスト,True,21
5572,Ｒｉｄｇｅ－ｉ,True,22
6904,原田工業,True,25
6706,電気興業,True,25
5189,櫻護謨,True,25
6273,ＳＭＣ,True,0
4097,高圧ガス工業,True,25
6103,オークマ,True,0
7244,市光工業,True,25
9739,ＮＳＷ,True,25
7811,中本パックス,True,25
3113,ＵＮＩＶＡ・Ｏａｋホールディングス,True,25
6158,和井田製作所,True,25
5985,サンコール,True,25
4667,アイサンテクノロジー,True,25
7539,アイナボホールディングス,True,25
4205,日本ゼオン,True,0
6918,アバールデータ,True,25
7217,テイン,True,25
6862,ミナトホールディングス,True,25
5256,Ｆｕｓｉｃ,True,25
3934,ベネフィットジャパン,True,25
5711,三菱マテリアル,True,26
9769,学究社,True,0
4528,小野薬品工業,True,0
5010,日本精蝋,True,26
2594,キーコーヒー,True,26
2384,ＳＢＳホールディングス,True,26
7606,ユナイテッドアローズ,True,0
8793,ＮＥＣキャピタルソリューション,True,26
5388,クニミネ工業,True,26
2882,イートアンドホールディングス,True,0
6298,ワイエイシイホールディングス,True,0
4062,イビデン,True,0
3768,リスクモンスター,True,0
5589,オートサーバー,True,26
4527,ロート製薬,True,26
9130,共栄タンカー,True,25
2798,ワイズテーブルコーポレーション,True,0
2480,システム・ロケーション,True,25
5108,ブリヂストン,True,0
6432,竹内製作所,True,0
4480,メドレー,True,24
9517,イーレックス,True,23
6513,オリジン,True,23
4809,パラカ,True,0
4390,ＩＰＳ,True,23
4718,早稲田アカデミー,True,23
3082,きちりホールディングス,True,23
7219,エッチ・ケー・エス,True,0
5965,フジマック,True,23
3895,ハビックス,True,23
3103,ユニチカ,True,23
9679,ホウライ,True,0
8771,イー・ギャランティ,True,0
3663,セルシス,True,0
5408,中山製鋼所,True,22
4286,ＣＬホールディングス,True,22
4979,ＯＡＴアグリオ,True,22
5915,駒井ハルテック,True,23
4712,ＫｅｙＨｏｌｄｅｒ,True,23
9042,阪急阪神ホールディングス,True,24
9319,中央倉庫,True,0
3123,サイボー,True,24
7885,タカノ,True,24
6861,キーエンス,True,0
1960,サンテック,True,24
6465,ホシザキ,True,0
9513,電源開発,True,24
3710,ジョルダン,True,24
4565,ネクセラファーマ,True,24
8361,大垣共立銀行,True,24
4385,メルカリ,True,0
9632,スバル興業,True,0
6338,タカトリ,True,0
3067,東京一番フーズ,True,24
8537,大光銀行,True,24
6752,パナソニック　ホールディングス,True,0
6176,ブランジスタ,True,24
1773,ワイ・ティー・エル・コーポレーション・バーハッド,True,24
6837,京写,True,0
5542,新報国マテリアル,True,26
5301,東海カーボン,True,11
9895,コンセック,True,11
7085,カーブスホールディングス,True,0
9842,アークランズ,True,1
6096,レアジョブ,True,0
8018,三共生興,True,1
4612,日本ペイントホールディングス,True,1
8919,カチタス,True,1
7442,中山福,True,0
4376,くふうカンパニーホールディングス,True,1
3151,バイタルケーエスケー・ホールディングス,True,1
6091,ウエスコホールディングス,True,1
4272,日本化薬,True,1
3048,ビックカメラ,True,1
4242,タカギセイコー,True,0
3723,日本ファルコム,True,1
4544,Ｈ．Ｕ．グループホールディングス,True,1
7570,橋本総業ホールディングス,True,1
6457,グローリー,True,1
3148,クリエイトＳＤホールディングス,True,1
3800,ユニリタ,True,1
8923,トーセイ,True,0
2154,オープンアップグループ,True,1
2410,キャリアデザインセンター,True,1
4680,ラウンドワン,True,1
6522,アスタリスク,True,1
7521,ムサシ,True,0
6798,ＳＭＫ,True,1
9048,名古屋鉄道,True,1
9076,セイノーホールディングス,True,1
8005,スクロール,True,1
3191,ジョイフル本田,True,1
6947,図研,True,1
156A,マテリアルグループ,True,1
8095,アステナホールディングス,True,1
6326,クボタ,True,0
3182,オイシックス・ラ・大地,True,1
2917,大森屋,True,0
1946,トーエネック,True,1
4728,トーセ,True,1
9478,ＳＥホールディングス・アンド・インキュベーションズ,True,1
9726,ＫＮＴ－ＣＴホールディングス,True,1
9835,ジュンテンドー,True,0
8081,カナデン,True,1
6336,石井表記,True,0
4925,ハーバー研究所,True,1
7199,プレミアグループ,True,1
4461,第一工業製薬,True,0
5532,リアルゲイト,True,1
8117,中央自動車工業,True,1
6952,カシオ計算機,True,1
5951,ダイニチ工業,True,1
2814,佐藤食品工業,True,0
3405,クラレ,True,1
4676,フジ・メディア・ホールディングス,True,1
4493,サイバーセキュリティクラウド,True,1
7806,ＭＴＧ,True,1
8113,ユニ・チャーム,True,1
5184,ニチリン,True,1
5973,トーアミ,True,1
5805,ＳＷＣＣ,True,0
8139,ナガホリ,True,0
2795,日本プリメックス,True,0
4051,ＧＭＯフィナンシャルゲート,True,0
7215,ファルテック,True,0
6317,北川鉄工所,True,1
3439,三ツ知,True,1
6473,ジェイテクト,True,0
4012,アクシス,True,1
6445,ジャノメ,True,1
6135,牧野フライス製作所,True,1
3467,アグレ都市デザイン,True,1
8898,センチュリー２１・ジャパン,True,1
3976,シャノン,True,1
9341,ＧＥＮＯＶＡ,True,1
6727,ワコム,True,1
4490,ビザスク,True,1
421A,ムービン・ストラテジック・キャリア,True,1
3923,ラクス,True,1
2471,エスプール,True,1
2483,翻訳センター,True,1
4088,エア・ウォーター,True,11
9867,ソレキア,True,2
5237,ノザワ,True,2
6203,豊和工業,True,6
5252,日本ナレッジ,True,6
5660,神鋼鋼線工業,True,0
7309,シマノ,True,0
8132,シナネンホールディングス,True,5
7812,クレステック,True,0
4092,日本化学工業,True,4
8697,日本取引所グループ,True,7
9313,丸八倉庫,True,4
3839,ＯＤＫソリューションズ,True,0
5187,クリエートメディック,True,4
4045,東亞合成,True,4
5587,インバウンドプラットフォーム,True,0
9363,大運,True,4
4203,住友ベークライト,True,4
2698,キャンドゥ,True,0
589A,ネイス,True,4
5254,Ａｒｅｎｔ,True,7
135A,ＶＲＡＩＮ　Ｓｏｌｕｔｉｏｎ,True,7
6579,ログリー,True,7
7131,のむら産業,True,11
8058,三菱商事,True,11
2531,宝ホールディングス,True,10
8013,ナイガイ,True,10
215A,タイミー,True,0
2923,サトウ食品,True,0
7162,アストマックス,True,10
3513,イチカワ,True,10
6118,アイダエンジニアリング,True,10
2876,デルソーレ,True,9
6037,楽待,True,8
7256,河西工業,True,8
2162,ｎｍｓ　ホールディングス,True,0
3944,古林紙工,True,0
9982,タキヒヨー,True,7
138A,光フードサービス,True,0
6943,ＮＫＫスイッチズ,True,0
6191,エアトリ,True,3
6062,チャーム・ケア・コーポレーション,True,2
9343,アイビス,True,3
7860,エイベックス,True,3
4958,長谷川香料,True,2
4761,さくらケーシーエス,True,2
7453,良品計画,True,2
5974,中国工業,True,2
3774,インターネットイニシアティブ,True,2
6371,椿本チエイン,True,2
9075,福山通運,True,2
4044,セントラル硝子,True,0
9147,ＮＩＰＰＯＮ　ＥＸＰＲＥＳＳホールディングス,True,2
5903,シンポ,True,0
7911,ＴＯＰＰＡＮホールディングス,True,0
5015,ビーピー・カストロール,True,2
9041,近鉄グループホールディングス,True,2
7282,豊田合成,True,2
4188,三菱ケミカルグループ,True,0
7060,ギークス,True,0
9001,東武鉄道,True,2
2916,仙波糖化工業,True,2
7240,ＮＯＫ,True,2
5714,ＤＯＷＡホールディングス,True,0
8795,Ｔ＆Ｄホールディングス,True,3
4053,Ｓｕｎ　Ａｓｔｅｒｉｓｋ,True,3
6890,フェローテック,True,0
4441,トビラシステムズ,True,3
6770,アルプスアルパイン,True,3
1904,大成温調,True,3
3393,スターティアホールディングス,True,3
7981,タカラスタンダード,True,3
9702,アイ・エス・ビー,True,3
5970,ジーテクト,True,3
7752,リコー,True,3
1377,サカタのタネ,True,3
8750,第一ライフグループ,True,3
7182,ゆうちょ銀行,True,3
7031,インバウンドテック,True,3
2760,東京エレクトロン　デバイス,True,3
2222,寿スピリッツ,True,3
6794,フォスター電機,True,3
9820,エムティジェネックス,True,49
3608,ＴＳＩホールディングス,True,26
6189,グローバルキッズＣＯＭＰＡＮＹ,True,26
3333,あさひ,True,0
7956,ピジョン,True,0
9536,西部ガスホールディングス,True,39
1407,ウエストホールディングス,True,0
269A,Ｓａｐｅｅｔ,True,39
4997,日本農薬,True,39
8542,トマト銀行,True,39
4847,インテリジェント　ウェイブ,True,39
8088,岩谷産業,True,39
3352,バッファロー,True,39
296A,令和アカウンティング・ホールディングス,True,39
7433,伯東,True,39
5580,プロディライト,True,0
9248,人・夢・技術グループ,True,39
6250,やまびこ,True,39
7510,たけびし,True,39
5905,日本製罐,True,39
7769,リズム,True,0
8015,豊田通商,True,39
8349,東北銀行,True,39
7239,タチエス,True,42
4937,Ｗａｑｏｏ,True,42
7604,梅の花グループ,True,41
6033,エクストリーム,True,41
8167,リテールパートナーズ,True,41
2871,ニチレイ,True,41
7807,幸和製作所,True,41
4768,大塚商会,True,41
4502,武田薬品工業,True,41
5658,日亜鋼業,True,41
2681,ゲオホールディングス,True,41
2354,ＹＥ　ＤＩＧＩＴＡＬ,True,41
2788,アップルインターナショナル,True,0
2484,出前館,True,40
9101,日本郵船,True,40
5233,太平洋セメント,True,0
3841,ジーダット,True,39
3248,アールエイジ,True,39
4463,日華化学,True,42
3863,日本製紙,True,0
166A,タスキホールディングス,True,0
9843,ニトリホールディングス,True,35
3932,アカツキ,True,35
7871,フクビ化学工業,True,35
4028,石原産業,True,0
300A,ＭＩＣ,True,35
8233,高島屋,True,0
299A,クラシル,True,35
4434,サーバーワークス,True,35
6923,スタンレー電気,True,0
6501,日立製作所,True,35
9059,カンダホールディングス,True,35
3359,ｃｏｔｔａ,True,35
8918,ランド,True,0
5122,オカモト,True,35
7822,永大産業,True,35
4180,Ａｐｐｉｅｒ　Ｇｒｏｕｐ,True,35
8218,コメリ,True,35
5884,クラダシ,True,35
2204,中村屋,True,0
1914,日本基礎技術,True,36
3086,Ｊ．フロント　リテイリング,True,0
3907,シリコンスタジオ,True,38
3036,アルコニックス,True,38
9104,商船三井,True,38
4114,日本触媒,True,38
4623,アサヒペン,True,38
196A,ＭＦＳ,True,37
6301,小松製作所,True,37
8154,加賀電子,True,37
9110,ＮＳユナイテッド海運,True,37
7952,河合楽器製作所,True,0
9507,四国電力,True,36
9432,ＮＴＴ,True,36
142A,ジンジブ,True,36
9605,東映,True,36
3401,帝人,True,0
8283,ＰＡＬＴＡＣ,True,0
1939,四電工,True,38
5257,ノバシステム,True,35
4896,ケイファーマ,True,42
9991,ジェコス,True,42
4102,丸尾カルシウム,True,47
8996,ハウスフリーダム,True,47
6497,ハマイ,True,47
6325,タカキタ,True,47
4933,Ｉ－ｎｅ,True,47
9308,乾汽船,True,47
9475,昭文社ホールディングス,True,47
4848,フルキャストホールディングス,True,47
4015,ペイクラウドホールディングス,True,0
4657,環境管理センター,True,0
9340,アソインターナショナル,True,46
6363,酉島製作所,True,0
4093,東邦アセチレン,True,46
9742,アイネス,True,0
4014,カラダノート,True,0
2437,Ｓｈｉｎｗａ　Ｗｉｓｅ　Ｈｏｌｄｉｎｇｓ,True,46
4391,ロジザード,True,47
6630,ヤーマン,True,47
2588,プレミアムウォーターホールディングス,True,0
150A,ＪＳＨ,True,47
2185,シイエム・シイ,True,49
6460,セガサミーホールディングス,True,49
4849,エン,True,49
2179,成学社,True,49
8079,正栄食品工業,True,48
2730,エディオン,True,48
7551,ウェッズ,True,48
7625,グローバルダイニング,True,0
7581,サイゼリヤ,True,48
7616,コロワイド,True,48
9330,揚羽,True,48
2782,セリア,True,48
4616,川上塗料,True,48
4027,テイカ,True,0
3851,日本一ソフトウェア,True,48
7067,ブランディングテクノロジー,True,48
6045,レントラックス,True,48
7928,旭化学工業,True,0
5242,アイズ,True,42
9202,ＡＮＡホールディングス,True,0
9930,北沢産業,True,46
9508,九州電力,True,43
2831,はごろもフーズ,True,43
7513,コジマ,True,43
2937,サンクゼール,True,43
1515,日鉄鉱業,True,43
2109,ＤＭ三井製糖,True,43
9303,住友倉庫,True,43
3087,ドトール・日レスホールディングス,True,44
9934,因幡電機産業,True,43
8098,稲畑産業,True,43
9107,川崎汽船,True,43
4911,資生堂,True,43
9434,ソフトバンク,True,43
7716,ナカニシ,True,0
9037,ハマキョウレックス,True,0
2975,スター・マイカ・ホールディングス,True,0
7292,村上開明堂,True,0
7265,エイケン工業,True,0
2212,山崎製パン,True,44
5192,三ツ星ベルト,True,44
2997,ストレージ王,True,46
5726,大阪チタニウムテクノロジーズ,True,0
1447,ＳＡＡＦホールディングス,True,0
8563,大東銀行,True,45
7670,オーウエル,True,45
7246,プレス工業,True,45
2656,ベクターホールディングス,True,0
7613,シークス,True,45
7621,うかい,True,45
5575,Ｇｌｏｂｅｅ,True,45
3760,ケイブ,True,45
2670,エービーシー・マート,True,0
3628,データホライゾン,True,45
3058,三洋堂ホールディングス,True,44
6523,ＰＨＣホールディングス,True,44
7989,立川ブラインド工業,True,44
5941,中西製作所,True,44
3793,ドリコム,True,46
8897,ＭＩＲＡＲＴＨホールディングス,True,26
6395,タダノ,True,35
3156,レスター,True,35
7762,シチズン時計,True,0
3169,ミサワ,True,28
6645,オムロン,True,28
3106,倉敷紡績,True,28
6305,日立建機,True,28
3623,ビリングシステム,True,28
8157,都築電気,True,28
9959,アシードホールディングス,True,0
4471,三洋化成工業,True,28
7637,白銅,True,0
4167,ココペリ,True,28
3632,グリーホールディングス,True,28
4732,ユー・エス・エス,True,0
9824,泉州電業,True,28
7912,大日本印刷,True,28
4401,ＡＤＥＫＡ,True,28
6998,日本タングステン,True,28
5702,大紀アルミニウム工業所,True,28
9468,ＫＡＤＯＫＡＷＡ,True,28
8714,池田泉州ホールディングス,True,28
2674,ハードオフコーポレーション,True,0
4629,大伸化学,True,29
7955,クリナップ,True,29
5844,京都フィナンシャルグループ,True,29
7276,小糸製作所,True,0
5243,ｎｏｔｅ,True,29
2152,幼児活動研究会,True,28
6258,平田機工,True,28
7727,オーバル,True,28
8562,福島銀行,True,28
4040,南海化学,True,28
7702,ＪＭＳ,True,28
6357,三精テクノロジーズ,True,28
7035,ａｎｄ　ｆａｃｔｏｒｙ,True,0
9143,ＳＧホールディングス,True,0
7515,マルヨシセンター,True,0
8364,清水銀行,True,28
3053,ペッパーフードサービス,True,27
7192,日本モーゲージサービス,True,29
6291,日本エアーテック,True,0
2267,ヤクルト本社,True,27
9355,リンコーコーポレーション,True,0
4171,グローバルインフォメーション,True,0
3167,ＴＯＫＡＩホールディングス,True,26
6027,弁護士ドットコム,True,26
9635,武蔵野興業,True,26
559A,梅乃宿酒造,True,26
6964,サンコー,True,26
4627,ナトコ,True,27
417A,ブルーゾーンホールディングス,True,26
6092,エンバイオ・ホールディングス,True,26
3168,ＭＥＲＦ,True,0
2408,ＫＧ情報,True,0
6694,ズーム,True,26
9344,アクシスコンサルティング,True,26
4631,ＤＩＣ,True,0
5391,エーアンドエーマテリアル,True,26
9039,サカイ引越センター,True,26
5218,オハラ,True,0
9780,ハリマビステム,True,27
2475,ＷＤＢホールディングス,True,0
4998,フマキラー,True,0
9007,小田急電鉄,True,27
7514,ヒマラヤ,True,0
7516,コーナン商事,True,27
3040,ソリトンシステムズ,True,27
9268,オプティマスグループ,True,0
7438,コンドーテック,True,27
2613,Ｊ－オイルミルズ,True,27
2269,明治ホールディングス,True,27
9031,西日本鉄道,True,27
5713,住友金属鉱山,True,27
8194,ライフコーポレーション,True,27
7953,菊水化学工業,True,27
4651,サニックスホールディングス,True,0
6958,日本シイエムケイ,True,27
5885,ジーデップ・アドバンス,True,27
6237,イワキポンプ,True,0
8742,小林洋行,True,27
7033,マネジメントソリューションズ,True,35
6138,ダイジェット工業,True,29
4588,オンコリスバイオファーマ,True,29
7567,栄電子,True,32
6337,テセック,True,32
6652,ＩＤＥＣ,True,32
6776,天昇電気工業,True,32
3132,マクニカホールディングス,True,32
8050,セイコーグループ,True,32
7435,ナ・デックス,True,32
4409,東邦化学工業,True,32
2737,トーメンデバイス,True,32
3131,シンデン・ハイテックス,True,32
4248,竹本容器,True,31
6741,日本信号,True,31
4228,積水化成品工業,True,0
6444,サンデン,True,31
8368,百五銀行,True,31
8995,誠建設工業,True,31
4367,広栄化学,True,0
6517,デンヨー,True,32
7280,ミツバ,True,32
6742,京三製作所,True,32
8032,日本紙パルプ商事,True,35
3076,あい　ホールディングス,True,35
3480,ジェイ・エス・ビー,True,0
3241,ウィル,True,0
6578,コレックホールディングス,True,0
2659,サンエー,True,34
9441,ベルパーク,True,34
4578,大塚ホールディングス,True,0
2186,ソーバル,True,0
5922,那須電機鉄工,True,0
3361,トーエル,True,33
7509,アイエーグループ,True,0
9236,ジャパンＭ＆Ａソリューション,True,33
4599,ステムリム,True,0
7774,ジャパン・ティッシュエンジニアリング,True,32
8285,三谷産業,True,32
3121,マーチャント・バンカーズ,True,32
6351,鶴見製作所,True,31
8550,栃木銀行,True,29
6647,森尾電機,True,31
3778,さくらインターネット,True,31
8338,筑波銀行,True,30
8137,サンワテクノス,True,30
7609,ダイトロン,True,30
5482,愛知製鋼,True,30
9346,ココルポート,True,30
4060,ｒａｋｕｍｏ,True,30
5121,藤倉コンポジット,True,30
6018,阪神内燃機工業,True,0
6292,カワタ,True,30
4406,新日本理化,True,29
2669,カネ美食品,True,0
3402,東レ,True,29
4125,三和油化工業,True,29
367A,プリモグローバルホールディングス,True,0
2962,テクニスコ,True,29
6149,小田原エンジニアリング,True,0
5302,日本カーボン,True,30
1879,新日本建設,True,30
6023,ダイハツインフィニアース,True,30
6302,住友重機械工業,True,30
4052,フィーチャ,True,31
7747,朝日インテック,True,0
6508,明電舎,True,31
6165,パンチ工業,True,31
6857,アドバンテスト,True,31
7942,ＪＳＰ,True,31
319A,技術承継機構,True,31
3374,内外テック,True,31
7161,じもとホールディングス,True,31
6391,加地テック,True,31
4025,多木化学,True,31
5537,ＡｌｂａＬｉｎｋ,True,31
6912,菊水ホールディングス,True,31
2764,ひらまつ,True,31
6668,アドテック　プラズマ　テクノロジー,True,30
3600,フジックス,True,0
6810,マクセル,True,30
3063,ジェイグループホールディングス,True,0
8359,八十二長野銀行,True,341
