Ticker,銘柄名,終値,RCI,75SMA越
6523,ＰＨＣホールディングス,1250.0,-100.0,42
7309,シマノ,18145.0,-100.0,0
9268,オプティマスグループ,388.0,-100.0,0
8919,カチタス,3445.0,-100.0,24
3561,力の源ホールディングス,1483.0,-98.75,0
9644,タナベコンサルティンググループ,749.0,-98.75,63
4998,フマキラー,1166.0,-98.33333333333334,0
3467,アグレ都市デザイン,2699.0,-98.33333333333334,52
2475,ＷＤＢホールディングス,1746.0,-98.33333333333334,0
8935,ＦＪネクストホールディングス,1940.0,-98.33333333333334,85
7733,オリンパス,1923.5,-98.33333333333334,85
6457,グローリー,4237.0,-98.33333333333334,0
2503,キリンホールディングス,2791.0,-98.33333333333334,0
4543,テルモ,2235.0,-98.33333333333334,0
8242,エイチ・ツー・オー　リテイリング,2842.0,-98.33333333333334,85
9739,ＮＳＷ,2635.0,-98.33333333333334,23
2154,オープンアップグループ,1936.0,-98.33333333333334,0
7085,カーブスホールディングス,885.0,-98.33333333333334,0
9159,Ｗ　ＴＯＫＹＯ,1956.0,-98.33333333333334,15
7956,ピジョン,1937.5,-98.33333333333334,0
8596,九州リースサービス,1538.0,-98.33333333333334,59
7769,リズム,3790.0,-98.33333333333334,0
9632,スバル興業,3505.0,-97.5,0
3723,日本ファルコム,2640.0,-97.08333333333334,193
6533,Ｏｒｃｈｅｓｔｒａ　Ｈｏｌｄｉｎｇｓ,1117.0,-97.08333333333334,0
8897,ＭＩＲＡＲＴＨホールディングス,442.0,-97.08333333333334,24
4674,クレスコ,1759.0,-97.08333333333334,48
8281,ゼビオホールディングス,1101.0,-97.08333333333334,56
300A,ＭＩＣ,3155.0,-97.08333333333334,33
6092,エンバイオ・ホールディングス,812.0,-97.08333333333334,24
5976,高周波熱錬,1458.0,-97.08333333333334,48
5909,コロナ,941.0,-97.08333333333334,0
4912,ライオン,1744.0,-96.66666666666666,65
3086,Ｊ．フロント　リテイリング,2604.0,-96.66666666666666,0
3608,ＴＳＩホールディングス,1231.0,-96.66666666666666,24
581A,ＧＯ,3330.0,-96.66666666666666,48
7747,朝日インテック,3235.0,-96.66666666666666,0
9742,アイネス,2049.0,-96.66666666666666,0
9692,シーイーシー,2277.0,-96.66666666666666,63
5261,リソルホールディングス,7540.0,-96.66666666666666,52
287A,黒田グループ,1128.0,-96.66666666666666,60
3663,セルシス,1761.0,-96.66666666666666,0
2801,キッコーマン,1682.5,-96.66666666666666,67
5458,高砂鐵工,1310.0,-96.66666666666666,85
4911,資生堂,3330.0,-96.66666666666666,41
5192,三ツ星ベルト,4160.0,-96.66666666666666,42
6287,サトー,2640.0,-96.66666666666666,70
7868,広済堂ホールディングス,517.0,-96.66666666666666,0
8113,ユニ・チャーム,945.2000122070312,-96.66666666666666,0
7867,タカラトミー,3513.0,-96.66666666666666,83
4205,日本ゼオン,2352.5,-96.66666666666666,89
7616,コロワイド,2048.0,-96.66666666666666,46
9889,ＪＢＣＣホールディングス,1583.0,-96.66666666666666,52
4732,ユー・エス・エス,1905.5,-96.66666666666666,0
4619,日本特殊塗料,2601.0,-96.66666666666666,63
9441,ベルパーク,2921.0,-96.25,32
4928,ノエビアホールディングス,4745.0,-96.25,49
6099,エラン,712.0,-96.25,0
4051,ＧＭＯフィナンシャルゲート,5830.0,-96.25,0
1773,ワイ・ティー・エル・コーポレーション・バーハッド,86.0,-95.83333333333331,22
4406,新日本理化,238.0,-95.83333333333331,27
4097,高圧ガス工業,1181.0,-95.83333333333331,23
5941,中西製作所,2693.0,-95.41666666666666,42
3932,アカツキ,3380.0,-95.41666666666666,33
5288,アジアパイルホールディングス,1455.0,-95.41666666666666,0
4958,長谷川香料,3225.0,-95.41666666666666,0
4246,ダイキョーニシカワ,1052.0,-95.41666666666666,89
5943,ノーリツ,2246.0,-95.0,0
7988,ニフコ,4898.0,-95.0,59
6532,ベイカレント,7376.0,-95.0,90
559A,梅乃宿酒造,1149.0,-95.0,24
4028,石原産業,2937.0,-95.0,0
9076,セイノーホールディングス,2662.0,-95.0,0
5580,プロディライト,1549.0,-95.0,0
5702,大紀アルミニウム工業所,1768.0,-95.0,26
4665,ダスキン,4609.0,-95.0,58
6465,ホシザキ,5286.0,-95.0,0
9706,日本空港ビルデング,5562.0,-95.0,49
4848,フルキャストホールディングス,1802.0,-95.0,45
3151,バイタルケーエスケー・ホールディングス,1580.0,-95.0,0
5757,ＣＫサンエツ,4805.0,-95.0,0
6445,ジャノメ,1348.0,-95.0,62
3048,ビックカメラ,1706.5,-95.0,0
4578,大塚ホールディングス,11465.0,-95.0,34
3034,クオールホールディングス,2218.0,-95.0,52
6588,東芝テック,2787.0,-95.0,0
4041,日本曹達,3810.0,-95.0,49
4326,インテージホールディングス,1937.0,-95.0,88
5184,ニチリン,4045.0,-95.0,0
6045,レントラックス,2112.0,-95.0,46
8059,第一実業,3620.0,-95.0,48
4076,シイエヌエス,1962.0,-95.0,47
8233,高島屋,2118.5,-95.0,0
4611,大日本塗料,1519.0,-94.58333333333331,63
3177,ありがとうサービス,4160.0,-94.58333333333331,48
2674,ハードオフコーポレーション,2524.0,-94.58333333333331,0
4919,ミルボン,3075.0,-93.75,54
8095,アステナホールディングス,515.0,-93.75,68
3173,Ｃｏｍｉｎｉｘ,1416.0,-93.75,82
4189,ＫＨネオケム,3175.0,-93.75,60
5355,日本坩堝,662.0,-93.75,0
5480,日本冶金工業,5340.0,-93.75,57
3941,レンゴー,1517.5,-93.33333333333331,84
3983,オロ,1846.0,-93.33333333333331,0
4045,東亞合成,1805.5,-93.33333333333331,2
2286,林兼産業,894.0,-93.33333333333331,19
7780,メニコン,1698.0,-93.33333333333331,0
3182,オイシックス・ラ・大地,1577.0,-93.33333333333331,0
5830,いよぎんホールディングス,3830.0,-93.33333333333331,63
4373,シンプレクス・ホールディングス,1127.0,-93.33333333333331,52
2705,大戸屋ホールディングス,8840.0,-93.33333333333331,56
7990,グローブライド,2385.0,-93.33333333333331,0
6448,ブラザー工業,4381.0,-93.33333333333331,89
4114,日本触媒,2519.5,-93.33333333333331,36
7453,良品計画,3972.0,-93.33333333333331,0
6098,リクルートホールディングス,15850.0,-93.33333333333331,92
6820,アイコム,3450.0,-93.33333333333331,53
4471,三洋化成工業,5940.0,-93.33333333333331,26
8923,トーセイ,1680.0,-93.33333333333331,0
9271,和心,923.0,-93.33333333333331,0
7951,ヤマハ,1221.0,-93.33333333333331,54
7637,白銅,3515.0,-93.33333333333331,0
2975,スター・マイカ・ホールディングス,1383.0,-93.33333333333331,0
4220,リケンテクノス,2371.0,-93.33333333333331,52
3632,グリーホールディングス,410.0,-93.33333333333331,26
7942,ＪＳＰ,2864.0,-93.33333333333331,29
7625,グローバルダイニング,466.0,-92.91666666666669,0
3768,リスクモンスター,552.0,-92.91666666666669,0
6964,サンコー,690.0,-92.5,24
4060,ｒａｋｕｍｏ,1198.0,-92.08333333333334,28
3121,マーチャント・バンカーズ,260.0,-92.08333333333334,30
5542,新報国マテリアル,901.0,-92.08333333333334,24
7060,ギークス,580.0,-92.08333333333334,0
7213,レシップホールディングス,661.0,-92.08333333333334,166
9278,ブックオフグループホールディングス,2727.0,-92.08333333333334,48
4443,Ｓａｎｓａｎ,1976.0,-92.08333333333334,85
3475,グッドコムアセット,1427.0,-92.08333333333334,0
5970,ジーテクト,2174.0,-92.08333333333334,1
7278,エクセディ,5870.0,-92.08333333333334,0
6915,千代田インテグレ,3350.0,-92.08333333333334,50
8018,三共生興,830.0,-92.08333333333334,0
6306,日工,979.0,-92.08333333333334,84
7860,エイベックス,1246.0,-92.08333333333334,1
7832,バンダイナムコホールディングス,5236.0,-91.66666666666669,50
166A,タスキホールディングス,1079.0,-91.66666666666669,0
4118,カネカ,5931.0,-91.66666666666669,92
7266,今仙電機製作所,965.0,-91.66666666666669,54
4631,ＤＩＣ,4645.0,-91.66666666666669,0
4293,セプテーニ・ホールディングス,509.0,-91.66666666666669,49
4733,オービックビジネスコンサルタント,8128.0,-91.66666666666669,49
3697,ＳＨＩＦＴ,835.5999755859375,-91.66666666666669,49
4202,ダイセル,1398.5,-91.66666666666669,0
3976,シャノン,585.0,-91.66666666666669,1
2681,ゲオホールディングス,2242.0,-91.66666666666669,39
7955,クリナップ,949.0,-91.66666666666669,27
9310,日本トランスシティ,1361.0,-91.66666666666669,48
4401,ＡＤＥＫＡ,4435.0,-91.66666666666669,26
6050,イー・ガーディアン,1762.0,-91.66666666666669,62
8368,百五銀行,2372.0,-91.66666666666669,29
9449,ＧＭＯインターネットグループ,3836.0,-91.66666666666669,57
8381,山陰合同銀行,2572.0,-91.66666666666669,126
4633,サカタインクス,2531.0,-91.66666666666669,62
4776,サイボウズ,2980.0,-91.66666666666669,52
9769,学究社,2550.0,-91.66666666666669,0
6977,日本抵抗器製作所,1386.0,-91.66666666666669,0
9997,ベルーナ,1035.0,-91.25,81
6209,リケンＮＰＲ,3800.0,-91.25,0
7807,幸和製作所,846.0,-91.25,39
2471,エスプール,271.0,-91.25,58
4221,大倉工業,5380.0,-91.25,48
5957,日東精工,760.0,-90.83333333333334,0
4612,日本ペイントホールディングス,1114.5,-90.41666666666666,0
8617,光世証券,606.0,-90.41666666666666,56
8065,佐藤商事,3425.0,-90.41666666666666,30
5122,オカモト,6170.0,-90.41666666666666,33
4224,ロンシール工業,2099.0,-89.99999999999999,52
6737,ＥＩＺＯ,2988.0,-89.99999999999999,88
4415,ブロードエンタープライズ,1398.0,-89.99999999999999,12
4680,ラウンドワン,1224.0,-89.99999999999999,69
4689,ＬＩＮＥヤフー,526.2999877929688,-89.99999999999999,54
7272,ヤマハ発動機,1761.0,-89.99999999999999,85
3763,プロシップ,2022.0,-89.99999999999999,94
6349,小森コーポレーション,1936.0,-89.99999999999999,47
3028,アルペン,2296.0,-89.99999999999999,49
6869,シスメックス,1779.0,-89.99999999999999,54
9552,クオンツ総研ホールディングス,1034.0,-89.99999999999999,81
9882,イエローハット,1718.0,-89.99999999999999,0
3839,ＯＤＫソリューションズ,635.0,-89.99999999999999,1
4208,ＵＢＥ,3408.0,-89.99999999999999,80
3657,ポールトゥウィンホールディングス,359.0,-89.99999999999999,62
7752,リコー,1557.5,-89.99999999999999,1
9563,Ａｔｌａｓ　Ｔｅｃｈｎｏｌｏｇｉｅｓ,334.0,-89.99999999999999,57
7504,高速,4520.0,-89.99999999999999,62
3333,あさひ,1278.0,-89.99999999999999,0
4527,ロート製薬,2802.5,-89.99999999999999,24
4431,スマレジ,3355.0,-89.99999999999999,63
4902,コニカミノルタ,588.2000122070312,-89.99999999999999,0
7762,シチズン時計,2293.0,-89.99999999999999,0
3923,ラクス,1039.0,-89.99999999999999,1
215A,タイミー,1559.0,-89.99999999999999,62
2607,不二製油,4381.0,-89.99999999999999,59
2588,プレミアムウォーターホールディングス,3650.0,-89.58333333333333,0
2170,リンクアンドモチベーション,652.0,-89.58333333333333,49
5363,東京窯業,679.0,-89.58333333333333,0
9959,アシードホールディングス,954.0,-89.58333333333333,0
5391,エーアンドエーマテリアル,1484.0,-89.16666666666666,24
6517,デンヨー,3995.0,-88.75,30
9726,ＫＮＴ－ＣＴホールディングス,1898.0,-88.75,0
5951,ダイニチ工業,1100.0,-88.75,0
3937,Ｕｂｉｃｏｍホールディングス,1170.0,-88.75,50
6080,Ｍ＆Ａキャピタルパートナーズ,4070.0,-88.75,69
4722,フューチャー,2422.0,-88.33333333333333,49
5845,全保連,1184.0,-88.33333333333333,53
4849,エン,1572.0,-88.33333333333333,47
1518,三井松島ホールディングス,2275.0,-88.33333333333333,66
7283,愛三工業,2137.0,-88.33333333333333,0
8101,ＧＳＩクレオス,2589.0,-88.33333333333333,48
3769,ＧＭＯペイメントゲートウェイ,8442.0,-88.33333333333333,0
6861,キーエンス,76500.0,-88.33333333333333,0
3402,東レ,1229.0,-88.33333333333333,27
7417,南陽,1844.0,-88.33333333333333,53
6391,加地テック,4715.0,-88.33333333333333,29
8103,明和産業,964.0,-88.33333333333333,89
6652,ＩＤＥＣ,3580.0,-88.33333333333333,30
2594,キーコーヒー,2016.0,-88.33333333333333,24
2914,日本たばこ産業,6614.0,-88.33333333333333,49
8061,西華産業,2947.0,-88.33333333333333,16
3843,フリービット,1680.0,-88.33333333333333,52
4228,積水化成品工業,575.0,-88.33333333333333,2
2222,寿スピリッツ,2540.0,-88.33333333333333,1
2809,キユーピー,4590.0,-88.33333333333333,58
8117,中央自動車工業,2095.0,-88.33333333333333,0
3708,特種東海製紙,2127.0,-88.33333333333333,84
7458,第一興商,1839.0,-88.33333333333333,52
3710,ジョルダン,637.0,-87.08333333333333,22
9075,福山通運,6060.0,-87.08333333333333,0
2656,ベクターホールディングス,157.0,-87.08333333333333,0
6706,電気興業,3275.0,-87.08333333333333,23
4044,セントラル硝子,4210.0,-87.08333333333333,0
6282,オイレス工業,2834.0,-86.66666666666667,79
5195,バンドー化学,2379.0,-86.66666666666667,79
4997,日本農薬,1168.0,-86.66666666666667,37
2767,円谷フィールズホールディングス,2478.0,-86.66666666666667,47
2269,明治ホールディングス,4302.0,-86.66666666666667,25
7366,ＬＩＴＡＬＩＣＯ,1779.0,-86.66666666666667,86
2181,パーソルホールディングス,289.20001220703125,-86.66666666666667,55
7510,たけびし,2632.0,-86.66666666666667,37
8163,ＳＲＳホールディングス,1525.0,-86.66666666666667,54
5831,しずおかフィナンシャルグループ,3535.0,-86.66666666666667,70
6418,日本金銭機械,1183.0,-86.66666666666667,49
7812,クレステック,2051.0,-86.66666666666667,0
9468,ＫＡＤＯＫＡＷＡ,3599.0,-86.66666666666667,26
4676,フジ・メディア・ホールディングス,4049.0,-86.66666666666667,0
4410,ハリマ化成グループ,1083.0,-86.66666666666667,0
9934,因幡電機産業,3031.0,-86.66666666666667,41
4463,日華化学,1933.0,-86.66666666666667,40
2139,中広,520.0,-86.25,54
4385,メルカリ,3921.0,-86.25,0
6444,サンデン,178.0,-86.25,29
7621,うかい,3430.0,-85.83333333333334,43
9303,住友倉庫,4105.0,-85.83333333333334,41
2652,まんだらけ,431.0,-85.83333333333334,83
7570,橋本総業ホールディングス,1377.0,-85.41666666666667,0
2788,アップルインターナショナル,391.0,-85.41666666666667,81
3611,マツオカコーポレーション,2380.0,-85.00000000000001,0
4768,大塚商会,3489.0,-85.00000000000001,39
421A,ムービン・ストラテジック・キャリア,3705.0,-85.00000000000001,88
9616,共立メンテナンス,3134.0,-85.00000000000001,70
6316,丸山製作所,2948.0,-85.00000000000001,90
3010,ポラリス・ホールディングス,189.0,-85.00000000000001,54
7806,ＭＴＧ,7950.0,-85.00000000000001,143
3106,倉敷紡績,10750.0,-85.00000000000001,26
9143,ＳＧホールディングス,1464.0,-85.00000000000001,0
7476,アズワン,2463.5,-85.00000000000001,55
8050,セイコーグループ,9350.0,-85.00000000000001,30
3181,買取王国,1033.0,-85.00000000000001,111
9001,東武鉄道,2933.0,-85.00000000000001,0
4623,アサヒペン,1835.0,-85.00000000000001,36
7957,フジコピアン,2561.0,-85.00000000000001,82
8051,山善,1919.0,-85.00000000000001,111
7702,ＪＭＳ,451.0,-85.00000000000001,26
3087,ドトール・日レスホールディングス,3310.0,-84.58333333333334,42
4012,アクシス,1716.0,-84.58333333333334,60
7265,エイケン工業,3735.0,-84.58333333333334,0
5942,日本フイルコン,635.0,-84.58333333333334,58
7606,ユナイテッドアローズ,2320.0,-84.58333333333334,0
3987,エコモット,626.0,-84.58333333333334,51
3569,セーレン,3250.0,-84.16666666666666,0
2108,日本甜菜製糖,5250.0,-83.74999999999999,70
9888,ＵＥＸ,1230.0,-83.74999999999999,84
2489,アドウェイズ,408.0,-83.74999999999999,61
3968,セグエグループ,613.0,-83.33333333333333,88
5832,ちゅうぎんフィナンシャルグループ,3522.0,-83.33333333333333,66
6960,フクダ電子,11670.0,-83.33333333333333,54
7433,伯東,5250.0,-83.33333333333333,37
545A,トランヴィア,982.0,-83.33333333333333,53
4025,多木化学,5680.0,-83.33333333333333,29
2810,ハウス食品グループ本社,3867.0,-83.33333333333333,87
7864,フジシールインターナショナル,3255.0,-83.33333333333333,64
7182,ゆうちょ銀行,3299.0,-83.33333333333333,1
6727,ワコム,790.0,-83.33333333333333,0
4286,ＣＬホールディングス,1240.0,-83.33333333333333,20
3405,クラレ,1776.0,-83.33333333333333,2
4528,小野薬品工業,2343.5,-83.33333333333333,0
8358,スルガ銀行,2804.0,-83.33333333333333,117
6645,オムロン,6030.0,-83.33333333333333,26
8244,近鉄百貨店,1873.0,-83.33333333333333,68
4248,竹本容器,877.0,-83.33333333333333,29
460A,ＢＲＡＮＵ,985.0,-83.33333333333333,64
4272,日本化薬,2039.0,-83.33333333333333,0
3762,テクマトリックス,2366.0,-83.33333333333333,48
8803,平和不動産,2325.0,-82.91666666666666,0
9679,ホウライ,2320.0,-82.5,0
5269,日本コンクリート工業,362.0,-82.5,62
5974,中国工業,833.0,-82.5,0
6396,宇野澤組鐵工所,4565.0,-82.5,54
3454,ファーストブラザーズ,1262.0,-82.08333333333333,53
4478,フリー,3840.0,-82.08333333333333,47
3232,三重交通グループホールディングス,591.0,-82.08333333333333,49
2613,Ｊ－オイルミルズ,2234.0,-82.08333333333333,25
4424,Ａｍａｚｉａ,327.0,-82.08333333333333,49
6798,ＳＭＫ,3195.0,-82.08333333333333,0
4095,日本パーカライジング,1741.0,-82.08333333333333,70
5902,ホッカンホールディングス,2665.0,-82.08333333333333,63
8008,ヨンドシーホールディングス,2068.0,-82.08333333333333,65
9037,ハマキョウレックス,1803.0,-82.08333333333333,0
4996,クミアイ化学工業,759.0,-81.66666666666667,26
8377,ほくほくフィナンシャルグループ,8219.0,-81.66666666666667,92
8511,日本証券金融,2440.0,-81.66666666666667,83
7167,めぶきフィナンシャルグループ,1664.5,-81.66666666666667,92
9619,イチネンホールディングス,2680.0,-81.66666666666667,66
3401,帝人,1652.5,-81.66666666666667,0
8084,ＲＹＯＤＥＮ,4680.0,-81.66666666666667,91
2410,キャリアデザインセンター,2824.0,-81.66666666666667,76
7065,ユーピーアール,963.0,-81.66666666666667,0
4992,北興化学工業,1887.0,-81.66666666666667,0
5844,京都フィナンシャルグループ,4893.0,-81.66666666666667,27
6136,オーエスジー,3422.0,-81.66666666666667,0
6103,オークマ,4305.0,-81.66666666666667,0
6501,日立製作所,5182.0,-81.66666666666667,33
7240,ＮＯＫ,2952.5,-81.66666666666667,0
8714,池田泉州ホールディングス,1075.0,-81.66666666666667,26
6138,ダイジェット工業,1965.0,-81.66666666666667,27
9147,ＮＩＰＰＯＮ　ＥＸＰＲＥＳＳホールディングス,5328.0,-81.66666666666667,0
3107,ダイワボウホールディングス,3730.0,-81.66666666666667,112
5703,日本軽金属ホールディングス,2976.0,-81.25,26
6071,ＩＢＪ,864.0,-81.25,88
7927,ムトー精工,2257.0,-80.41666666666667,16
1447,ＳＡＡＦホールディングス,370.0,-80.41666666666667,48
7482,シモジマ,1497.0,-80.41666666666667,49
7219,エッチ・ケー・エス,2465.0,-80.41666666666667,52
3760,ケイブ,699.0,-80.41666666666667,43
8154,加賀電子,4785.0,-80.0,35
9651,日本プロセス,1966.0,-80.0,48
5444,大和工業,12125.0,-80.0,0
4771,エフアンドエム,2662.0,-80.0,84
6412,平和,2149.0,-80.0,80
1879,新日本建設,2249.0,-80.0,28
5915,駒井ハルテック,2419.0,-80.0,21
2483,翻訳センター,2171.0,-80.0,0
7282,豊田合成,5053.0,-79.58333333333334,0
5482,愛知製鋼,3115.0,-79.58333333333334,28
7516,コーナン商事,4380.0,-79.16666666666667,25
5697,サンユウ,809.0,-79.16666666666667,48
1848,富士ピー・エス,764.0,-78.75000000000001,67
8399,琉球銀行,3225.0,-78.75000000000001,324
9308,乾汽船,2100.0,-78.75000000000001,45
8713,フィデアホールディングス,2738.0,-78.33333333333334,50
2408,ＫＧ情報,825.0,-78.33333333333334,0
5015,ビーピー・カストロール,999.0,-78.33333333333334,0
8360,山梨中央銀行,7200.0,-78.33333333333334,330
8383,鳥取銀行,1919.0,-78.33333333333334,49
7296,エフ・シー・シー,4065.0,-78.33333333333334,49
6364,ＡＩＲＭＡＮ,2459.0,-78.33333333333334,49
1904,大成温調,5060.0,-78.33333333333334,1
3551,ダイニック,1564.0,-78.33333333333334,83
6291,日本エアーテック,1334.0,-78.33333333333334,37
2488,ＪＴＰ,1420.0,-78.33333333333334,86
6724,セイコーエプソン,3024.0,-78.33333333333334,93
8037,カメイ,4540.0,-78.33333333333334,89
3863,日本製紙,1307.0,-78.33333333333334,0
9343,アイビス,778.0,-78.33333333333334,1
4324,電通グループ,3587.0,-78.33333333333334,88
9867,ソレキア,10220.0,-77.91666666666666,0
9861,吉野家ホールディングス,3786.0,-77.91666666666666,47
6470,大豊工業,1052.0,-77.08333333333333,0
4093,東邦アセチレン,421.0,-77.08333333333333,44
8253,クレディセゾン,4581.0,-77.08333333333333,53
2484,出前館,156.0,-77.08333333333333,38
7337,ひろぎんホールディングス,2351.0,-77.08333333333333,92
2185,シイエム・シイ,1984.0,-77.08333333333333,47
7508,Ｇ‐７ホールディングス,1412.0,-77.08333333333333,53
2121,ＭＩＸＩ,3605.0,-76.66666666666666,53
7267,本田技研工業,1634.5,-76.66666666666666,78
6237,イワキポンプ,3865.0,-76.66666666666666,0
8630,ＳＯＭＰＯホールディングス,6648.0,-76.66666666666666,67
5537,ＡｌｂａＬｉｎｋ,3275.0,-76.66666666666666,29
7358,ポピンズ,1796.0,-76.66666666666666,50
2433,博報堂ＤＹホールディングス,1308.0,-76.66666666666666,54
6463,ＴＰＲ,1518.0,-76.66666666666666,76
8041,ＯＵＧホールディングス,4600.0,-76.66666666666666,54
4015,ペイクラウドホールディングス,509.0,-76.66666666666666,0
6837,京写,364.0,-76.66666666666666,1
6165,パンチ工業,530.0,-76.25,29
4615,神東塗料,130.0,-75.83333333333333,51
7670,オーウエル,1228.0,-75.41666666666667,43
3753,フライトソリューションズ,223.0,-75.41666666666667,49
6545,インターネットインフィニティー,802.0,-75.41666666666667,51
9381,エーアイテイー,2300.0,-75.41666666666667,54
5928,アルメタックス,289.0,-75.0,47
6379,レイズネクスト,2935.0,-75.0,49
6923,スタンレー電気,3412.0,-75.0,0
7280,ミツバ,1264.0,-75.0,30
6741,日本信号,1750.0,-75.0,29
8157,都築電気,4130.0,-75.0,26
2053,中部飼料,2002.0,-75.0,60
9908,日本電計,2818.0,-75.0,58
1376,カネコ種苗,1551.0,-75.0,56
8043,スターゼン,1513.0,-75.0,52
7486,サンリン,783.0,-75.0,63
9274,ＫＰＰグループホールディングス,1085.0,-74.58333333333333,65
6334,明治機械,486.0,-74.16666666666667,82
9355,リンコーコーポレーション,2210.0,-73.75,11
6578,コレックホールディングス,466.0,-73.75,0
6149,小田原エンジニアリング,2227.0,-73.75,76
4175,ｃｏｌｙ,2882.0,-73.33333333333334,57
4243,ニックス,1019.0,-73.33333333333334,70
6958,日本シイエムケイ,732.0,-73.33333333333334,25
6309,巴工業,2013.0,-73.33333333333334,49
7952,河合楽器製作所,3235.0,-73.33333333333334,0
7033,マネジメントソリューションズ,1558.0,-73.33333333333334,33
9048,名古屋鉄道,1873.0,-73.33333333333334,3
8708,アイザワ証券グループ,1732.0,-73.33333333333334,52
8841,テーオーシー,999.0,-73.33333333333334,18
2393,日本ケアサプライ,4270.0,-72.50000000000001,72
3965,キャピタル・アセット・プランニング,887.0,-72.08333333333334,49
7552,ハピネット,3690.0,-71.66666666666666,54
3195,ジェネレーションパス,696.0,-71.66666666666666,61
9478,ＳＥホールディングス・アンド・インキュベーションズ,513.0,-71.66666666666666,0
6743,大同信号,1010.0,-71.66666666666666,49
4526,理研ビタミン,3285.0,-71.66666666666666,68
8354,ふくおかフィナンシャルグループ,7768.0,-71.66666666666666,70
8439,東京センチュリー,2641.5,-71.66666666666666,92
7276,小糸製作所,2588.0,-71.66666666666666,0
6178,日本郵政,2432.5,-71.66666666666666,86
2384,ＳＢＳホールディングス,4840.0,-71.66666666666666,24
3877,中越パルプ工業,2200.0,-71.24999999999999,78
9928,ミロク情報サービス,2005.0,-71.24999999999999,49
5632,三菱製鋼,2358.0,-71.24999999999999,85
7287,日本精機,2576.0,-71.24999999999999,16
8285,三谷産業,775.0,-70.41666666666666,30
2659,サンエー,3320.0,-70.41666666666666,32
4613,関西ペイント,2802.5,-70.41666666666666,63
4434,サーバーワークス,2450.0,-70.0,33
9678,カナモト,5460.0,-70.0,149
4634,ａｒｔｉｅｎｃｅ,5000.0,-70.0,111
7613,シークス,1488.0,-70.0,43
3994,マネーフォワード,6051.0,-70.0,49
8118,キング,1180.0,-70.0,0
3623,ビリングシステム,1207.0,-70.0,26
6770,アルプスアルパイン,2174.0,-70.0,1
4502,武田薬品工業,5657.0,-70.0,39
4816,東映アニメーション,2974.0,-69.58333333333333,47
8255,アクシアル　リテイリング,1273.0,-68.75,48
7681,レオクラン,981.0,-68.75,63
7208,カネミツ,1302.0,-68.33333333333333,63
9039,サカイ引越センター,2965.0,-68.33333333333333,24
6750,エレコム,1955.0,-68.33333333333333,75
3156,レスター,5310.0,-68.33333333333333,33
4627,ナトコ,1910.0,-68.33333333333333,25
8331,千葉銀行,2728.0,-68.33333333333333,92
6062,チャーム・ケア・コーポレーション,1360.0,-68.33333333333333,0
7716,ナカニシ,2986.0,-67.91666666666667,0
8793,ＮＥＣキャピタルソリューション,4175.0,-67.91666666666667,24
3241,ウィル,594.0,-67.91666666666667,25
9450,ファイバーゲート,770.0,-67.08333333333334,18
6432,竹内製作所,7260.0,-67.08333333333334,0
6018,阪神内燃機工業,5890.0,-67.08333333333334,0
6345,アイチ　コーポレーション,1449.0,-67.08333333333334,49
5186,ニッタ,6500.0,-67.08333333333334,117
7871,フクビ化学工業,1019.0,-67.08333333333334,33
254A,ＡＩフュージョンキャピタルグループ,1211.0,-66.66666666666667,48
8418,山口フィナンシャルグループ,3204.0,-66.66666666666667,111
2267,ヤクルト本社,2829.0,-66.66666666666667,25
4933,Ｉ－ｎｅ,1416.0,-66.66666666666667,45
5711,三菱マテリアル,5255.0,-66.66666666666667,24
8158,ソーダニッカ,1322.0,-66.66666666666667,70
7072,インティメート・マージャー,1097.0,-66.66666666666667,79
4493,サイバーセキュリティクラウド,1763.0,-66.66666666666667,0
8088,岩谷産業,2153.5,-66.66666666666667,37
7091,リビングプラットフォーム,1257.0,-66.66666666666667,19
7480,スズデン,3405.0,-65.83333333333334,89
142A,ジンジブ,846.0,-65.41666666666666,34
7186,横浜フィナンシャルグループ,1892.0,-64.99999999999999,87
5246,ＥＬＥＭＥＮＴＳ,824.0,-64.99999999999999,49
6189,グローバルキッズＣＯＭＰＡＮＹ,1001.0,-64.99999999999999,24
2226,湖池屋,4905.0,-64.99999999999999,67
8706,極東証券,1894.0,-64.99999999999999,47
8522,名古屋銀行,7150.0,-64.99999999999999,68
8361,大垣共立銀行,8160.0,-64.99999999999999,22
6326,クボタ,2794.5,-64.99999999999999,14
8795,Ｔ＆Ｄホールディングス,4842.0,-64.99999999999999,1
8898,センチュリー２１・ジャパン,1130.0,-64.99999999999999,1
8159,立花エレテック,4015.0,-64.99999999999999,59
6371,椿本チエイン,2641.0,-64.99999999999999,0
2795,日本プリメックス,954.0,-64.58333333333333,54
8173,Ｊｏｓｈｉｎ,4190.0,-64.58333333333333,117
7362,Ｔ．Ｓ．Ｉ,869.0,-64.16666666666666,16
3841,ジーダット,1341.0,-63.74999999999999,37
6570,共和コーポレーション,3585.0,-63.33333333333333,85
8410,セブン銀行,336.8999938964844,-63.33333333333333,68
5889,Ｊａｐａｎ　Ｅｙｅｗｅａｒ　Ｈｏｌｄｉｎｇｓ,2516.0,-63.33333333333333,66
7239,タチエス,2297.0,-63.33333333333333,40
7740,タムロン,1340.0,-63.33333333333333,60
6158,和井田製作所,1024.0,-63.33333333333333,23
4544,Ｈ．Ｕ．グループホールディングス,3388.0,-63.33333333333333,0
6643,戸上電機製作所,5470.0,-63.33333333333333,16
4212,積水樹脂,2867.0,-62.91666666666666,63
6166,中村超硬,655.0,-62.91666666666666,16
7928,旭化学工業,612.0,-62.5,0
4657,環境管理センター,464.0,-62.5,24
5965,フジマック,1200.0,-62.083333333333336,21
6135,牧野フライス製作所,14600.0,-62.083333333333336,0
6998,日本タングステン,3430.0,-61.66666666666667,26
7435,ナ・デックス,1262.0,-61.66666666666667,30
6630,ヤーマン,792.0,-61.66666666666667,45
2882,イートアンドホールディングス,2011.0,-61.66666666666667,0
5258,トランザクション・メディア・ネットワークス,420.0,-61.66666666666667,65
8616,東海東京フィナンシャル・ホールディングス,893.0,-61.66666666666667,62
4188,三菱ケミカルグループ,1184.5,-61.66666666666667,85
5946,長府製作所,2013.0,-61.66666666666667,0
3361,トーエル,883.0,-61.25000000000001,31
2984,ヤマイチエステート,758.0,-61.25000000000001,52
7177,ＧＭＯフィナンシャルホールディングス,1166.0,-60.41666666666667,48
8075,神鋼商事,3075.0,-60.41666666666667,54
4040,南海化学,3835.0,-60.41666666666667,26
4417,グローバルセキュリティエキスパート,4415.0,-60.00000000000001,90
5714,ＤＯＷＡホールディングス,9263.0,-60.00000000000001,2
5218,オハラ,1595.0,-60.00000000000001,28
6752,パナソニック　ホールディングス,4292.0,-60.00000000000001,1
4021,日産化学,7946.0,-60.00000000000001,2
9702,アイ・エス・ビー,2385.0,-60.00000000000001,1
6339,新東工業,1151.0,-59.58333333333334,0
3696,セレス,2128.0,-59.58333333333334,91
3698,ＣＲＩ・ミドルウェア,1203.0,-59.16666666666666,92
2760,東京エレクトロン　デバイス,4110.0,-58.74999999999999,1
4490,ビザスク,647.0,-58.74999999999999,33
9031,西日本鉄道,3098.0,-58.74999999999999,25
6238,フリュー,1395.0,-58.74999999999999,68
3864,三菱製紙,1181.0,-58.74999999999999,174
5187,クリエートメディック,1136.0,-58.33333333333333,2
7047,ポート,2071.0,-58.33333333333333,0
4956,コニシ,1455.0,-58.33333333333333,14
5233,太平洋セメント,4058.0,-58.33333333333333,0
5726,大阪チタニウムテクノロジーズ,2545.0,-58.33333333333333,0
9831,ヤマダホールディングス,712.0999755859375,-58.33333333333333,87
9081,神奈川中央交通,4000.0,-58.33333333333333,65
8316,三井住友フィナンシャルグループ,6901.0,-58.33333333333333,92
1377,サカタのタネ,4360.0,-58.33333333333333,1
2120,ＬＩＦＵＬＬ,233.0,-57.91666666666666,49
9385,ショーエイコーポレーション,748.0,-57.91666666666666,49
7184,富山第一銀行,3345.0,-57.49999999999999,51
9993,ヤマザワ,1155.0,-57.08333333333333,0
4102,丸尾カルシウム,1446.0,-57.08333333333333,46
8022,美津濃,3910.0,-57.08333333333333,47
8927,明豊エンタープライズ,479.0,-56.66666666666666,49
4005,住友化学,567.2000122070312,-56.66666666666666,15
6395,タダノ,1358.0,-56.66666666666666,33
546A,ＭＩＲＡＩＮＩホールディングス,2324.0,-56.66666666666666,51
6794,フォスター電機,2965.0,-56.66666666666666,1
4053,Ｓｕｎ　Ａｓｔｅｒｉｓｋ,453.0,-55.41666666666667,1
5302,日本カーボン,5020.0,-55.41666666666667,28
3276,ＪＰＭＣ,2246.0,-55.00000000000001,48
2270,雪印メグミルク,3700.0,-55.00000000000001,76
7947,エフピコ,2766.0,-55.00000000000001,65
9010,富士急行,2648.0,-55.00000000000001,63
7442,中山福,472.0,-55.00000000000001,0
4800,オリコン,1357.0,-55.00000000000001,95
2204,中村屋,3130.0,-54.58333333333334,0
9633,東京テアトル,1905.0,-54.58333333333334,47
6504,富士電機,12855.0,-53.75000000000001,0
8133,伊藤忠エネクス,2253.0,-53.33333333333334,54
9041,近鉄グループホールディングス,3473.0,-53.33333333333334,0
2179,成学社,826.0,-53.33333333333334,47
1438,岐阜造園,2275.0,-53.33333333333334,60
5975,東プレ,3200.0,-53.33333333333334,83
150A,ＪＳＨ,785.0,-53.33333333333334,45
8725,ＭＳ＆ＡＤインシュアランスグループホールディングス,4964.0,-53.33333333333334,86
9536,西部ガスホールディングス,2537.0,-53.33333333333334,37
8005,スクロール,1747.0,-53.33333333333334,88
446A,ノースサンド,1937.0,-53.33333333333334,49
3248,アールエイジ,886.0,-52.49999999999999,37
7035,ａｎｄ　ｆａｃｔｏｒｙ,228.0,-52.49999999999999,0
6194,アトラエ,853.0,-52.08333333333333,65
1375,ユキグニファクトリー,1165.0,-52.08333333333333,65
6508,明電舎,10670.0,-51.66666666666666,29
8750,第一ライフグループ,1833.0,-51.66666666666666,1
3237,イントランス,96.0,-51.66666666666666,90
5010,日本精蝋,286.0,-51.66666666666666,24
5572,Ｒｉｄｇｅ－ｉ,2893.0,-51.66666666666666,20
4599,ステムリム,239.0,-51.66666666666666,0
3774,インターネットイニシアティブ,3299.0,-51.66666666666666,0
9902,日伝,3040.0,-51.66666666666666,88
3422,Ｊ－ＭＡＸ,606.0,-51.24999999999999,84
6490,ＰＩＬＬＡＲ,9300.0,-51.24999999999999,0
9304,澁澤倉庫,2080.0,-50.41666666666666,87
8308,りそなホールディングス,2488.5,-50.41666666666666,93
3793,ドリコム,515.0,-50.41666666666666,44
5076,インフロニア・ホールディングス,2766.0,-50.0,87
6381,アネスト岩田,1900.0,-50.0,60
367A,プリモグローバルホールディングス,2840.0,-50.0,11
8771,イー・ギャランティ,1730.0,-50.0,0
7562,安楽亭,3840.0,-50.0,52
6473,ジェイテクト,2009.5,-50.0,0
7189,西日本フィナンシャルホールディングス,4853.0,-50.0,66
8562,福島銀行,380.0,-50.0,26
9069,センコーグループホールディングス,2234.0,-50.0,57
5658,日亜鋼業,402.0,-49.583333333333336,39
3374,内外テック,4045.0,-49.583333333333336,29
5973,トーアミ,610.0,-49.583333333333336,5
3979,うるる,440.0,-48.75000000000001,52
7551,ウェッズ,711.0,-48.75000000000001,46
8524,北洋銀行,1293.0,-48.33333333333334,66
2871,ニチレイ,2152.5,-48.33333333333334,39
2698,キャンドゥ,3280.0,-48.33333333333334,0
7811,中本パックス,1951.0,-48.33333333333334,23
365A,伊澤タオル,779.0,-48.33333333333334,102
4671,ファルコホールディングス,2867.0,-48.33333333333334,49
8876,リログループ,2141.0,-48.33333333333334,52
8066,三谷商事,3515.0,-47.08333333333334,53
6058,ベクトル,1887.0,-47.08333333333334,76
9820,エムティジェネックス,3725.0,-47.08333333333334,47
5388,クニミネ工業,1319.0,-47.08333333333334,24
6161,エスティック,1048.0,-46.66666666666666,0
5136,ｔｒｉｐｌａ,1967.0,-46.66666666666666,60
6810,マクセル,2521.0,-46.66666666666666,28
7246,プレス工業,990.0,-46.66666666666666,43
7357,ジオコード,1695.0,-46.66666666666666,63
3989,シェアリングテクノロジー,1545.0,-46.66666666666666,52
8338,筑波銀行,728.0,-46.66666666666666,28
7643,ダイイチ,1724.0,-46.66666666666666,65
7217,テイン,451.0,-46.24999999999999,23
6091,ウエスコホールディングス,880.0,-46.24999999999999,0
8365,富山銀行,2337.0,-45.41666666666666,50
5189,櫻護謨,3435.0,-45.41666666666666,23
9872,北恵,948.0,-45.41666666666666,54
2934,ジェイフロンティア,1977.0,-44.99999999999999,57
3148,クリエイトＳＤホールディングス,3315.0,-44.99999999999999,0
6144,西部電機,2854.0,-44.99999999999999,0
3103,ユニチカ,1493.0,-44.99999999999999,21
8104,クワザワホールディングス,708.0,-44.99999999999999,82
7719,東京衡機,486.0,-44.99999999999999,15
7931,未来工業,3650.0,-44.58333333333333,49
3393,スターティアホールディングス,3020.0,-44.58333333333333,1
4444,インフォネット,945.0,-44.58333333333333,51
5901,東洋製罐グループホールディングス,4510.0,-44.58333333333333,83
1793,大本組,2088.0,-44.16666666666666,87
2207,ｍｅｉｔｏ,3410.0,-44.16666666666666,56
8550,栃木銀行,1074.0,-43.333333333333336,27
9344,アクシスコンサルティング,1299.0,-43.333333333333336,24
8364,清水銀行,3140.0,-43.333333333333336,26
2670,エービーシー・マート,2657.0,-43.333333333333336,0
8411,みずほフィナンシャルグループ,8606.0,-43.333333333333336,81
5884,クラダシ,601.0,-43.333333333333336,33
8306,三菱ＵＦＪフィナンシャル・グループ,3662.0,-43.333333333333336,87
6301,小松製作所,7389.0,-43.333333333333336,35
4668,明光ネットワークジャパン,766.0,-43.333333333333336,49
8132,シナネンホールディングス,7420.0,-42.91666666666667,3
8566,リコーリース,6810.0,-42.50000000000001,49
7244,市光工業,557.0,-42.08333333333334,23
6193,バーチャレクス・ホールディングス,1177.0,-41.66666666666667,55
196A,ＭＦＳ,322.0,-41.66666666666667,35
5121,藤倉コンポジット,2678.0,-41.66666666666667,28
5337,ダントーホールディングス,820.0,-41.25000000000001,0
5237,ノザワ,1193.0,-40.41666666666666,0
4475,ＨＥＮＮＧＥ,1660.0,-39.99999999999999,55
3040,ソリトンシステムズ,2354.0,-39.99999999999999,25
3691,デジタルプラス,1850.0,-39.99999999999999,19
5018,ＭＯＲＥＳＣＯ,2353.0,-39.99999999999999,52
5208,有沢製作所,2589.0,-39.99999999999999,2
4651,サニックスホールディングス,270.0,-39.99999999999999,49
7727,オーバル,823.0,-39.99999999999999,26
3169,ミサワ,672.0,-39.58333333333333,26
3934,ベネフィットジャパン,2298.0,-38.74999999999999,22
2122,インタースペース,1456.0,-38.74999999999999,57
7803,ブシロード,432.0,-38.74999999999999,54
7989,立川ブラインド工業,2654.0,-38.33333333333333,42
9517,イーレックス,832.0,-38.33333333333333,21
6522,アスタリスク,1501.0,-38.33333333333333,6
8996,ハウスフリーダム,1098.0,-37.91666666666666,45
558A,ＳＱＵＥＥＺＥ,5760.0,-37.91666666666666,49
2933,紀文食品,1125.0,-37.5,60
9854,愛眼,281.0,-37.083333333333336,55
8015,豊田通商,7430.0,-36.66666666666667,37
4972,綜研化学,3850.0,-36.66666666666667,11
1721,コムシスホールディングス,5357.0,-36.66666666666667,12
4027,テイカ,2392.0,-36.66666666666667,2
4968,荒川化学工業,2127.0,-36.66666666666667,2
6340,澁谷工業,5280.0,-36.25000000000001,89
9605,東映,5930.0,-35.41666666666667,34
9828,Ｇｅｎｋｉ　Ｇｌｏｂａｌ　Ｄｉｎｉｎｇ　Ｃｏｎｃｅｐｔｓ,3390.0,-35.41666666666667,58
8098,稲畑産業,4450.0,-35.41666666666667,41
8600,トモニホールディングス,1132.0,-35.00000000000001,50
5713,住友金属鉱山,10190.0,-35.00000000000001,25
6363,酉島製作所,2846.0,-35.00000000000001,0
5891,魁力屋,1684.0,-35.00000000000001,79
6488,ヨシタケ,1043.0,-34.58333333333334,49
2152,幼児活動研究会,1513.0,-33.74999999999999,26
8349,東北銀行,1658.0,-33.74999999999999,37
7885,タカノ,1128.0,-33.74999999999999,22
7939,研創,602.0,-33.33333333333333,49
9353,櫻島埠頭,2979.0,-33.33333333333333,79
5575,Ｇｌｏｂｅｅ,1105.0,-33.33333333333333,43
6273,ＳＭＣ,67680.0,-33.33333333333333,0
6897,ツインバード,661.0,-33.33333333333333,57
7215,ファルテック,427.0,-33.33333333333333,0
8304,あおぞら銀行,3457.0,-33.33333333333333,67
2060,フィード・ワン,1444.0,-32.91666666666666,59
9432,ＮＴＴ,175.1999969482422,-32.91666666666666,34
7877,永大化工,2181.0,-32.91666666666666,52
3076,あい　ホールディングス,2981.0,-32.49999999999999,33
7041,ＣＲＧホールディングス,351.0,-32.49999999999999,50
9236,ジャパンＭ＆Ａソリューション,1420.0,-32.08333333333333,31
575A,前澤ホールディングス,1874.0,-31.666666666666664,49
6351,鶴見製作所,2535.0,-31.666666666666664,29
6668,アドテック　プラズマ　テクノロジー,4200.0,-31.666666666666664,28
8194,ライフコーポレーション,2660.0,-31.666666666666664,25
212A,フィットイージー,2896.0,-31.666666666666664,62
4249,森六,2835.0,-31.666666666666664,48
8337,千葉興業銀行,2672.0,-31.666666666666664,92
8739,スパークス・グループ,2588.0,-31.666666666666664,89
3053,ペッパーフードサービス,201.0,-30.41666666666667,25
4461,第一工業製薬,13220.0,-30.41666666666667,30
8601,大和証券グループ本社,1837.0,-30.000000000000004,70
3082,きちりホールディングス,979.0,-30.000000000000004,21
5587,インバウンドプラットフォーム,817.0,-29.58333333333334,0
8918,ランド,10.0,-28.750000000000007,0
7774,ジャパン・ティッシュエンジニアリング,817.0,-28.333333333333343,30
290A,Ｓｙｎｓｐｅｃｔｉｖｅ,1443.0,-28.333333333333343,13
8622,水戸証券,949.0,-27.916666666666657,47
9313,丸八倉庫,1058.0,-26.66666666666666,2
8624,いちよし証券,1709.0,-26.66666666666666,52
3560,ほぼ日,4305.0,-26.66666666666666,1
8370,紀陽銀行,5060.0,-26.66666666666666,92
6742,京三製作所,1024.0,-26.66666666666666,30
3132,マクニカホールディングス,3674.0,-26.66666666666666,30
4206,アイカ工業,4112.0,-26.66666666666666,59
8628,松井証券,1195.0,-26.25,51
1994,高橋カーテンウォール工業,630.0,-25.83333333333333,16
1914,日本基礎技術,812.0,-25.0,34
6305,日立建機,5681.0,-25.0,26
8359,八十二長野銀行,2719.5,-25.0,339
8334,群馬銀行,2855.5,-25.0,70
7199,プレミアグループ,2031.0,-24.583333333333336,0
6292,カワタ,841.0,-24.16666666666667,28
5589,オートサーバー,2830.0,-23.750000000000004,24
6310,井関農機,1845.0,-23.33333333333334,16
5027,ＡｎｙＭｉｎｄ　Ｇｒｏｕｐ,750.0,-23.33333333333334,51
2752,フジオフードグループ本社,1149.0,-22.083333333333343,15
9366,サンリツ,1124.0,-22.083333333333343,99
2437,Ｓｈｉｎｗａ　Ｗｉｓｅ　Ｈｏｌｄｉｎｇｓ,621.0,-22.083333333333343,44
3168,ＭＥＲＦ,1307.0,-22.083333333333343,0
2186,ソーバル,900.0,-22.083333333333343,0
4238,ミライアル,1951.0,-21.666666666666657,16
4441,トビラシステムズ,1568.0,-21.666666666666657,1
6564,ミダックホールディングス,1995.0,-21.666666666666657,0
8707,岩井コスモホールディングス,4650.0,-21.666666666666657,79
6875,メガチップス,10620.0,-21.666666666666657,0
9110,ＮＳユナイテッド海運,10480.0,-21.666666666666657,35
6994,指月電機製作所,1177.0,-21.666666666666657,1
7713,シグマ光機,2395.0,-21.666666666666657,16
7839,ＳＨＯＥＩ,2072.0,-20.41666666666666,74
7481,尾家産業,2610.0,-19.58333333333333,63
5243,ｎｏｔｅ,2861.0,-18.333333333333336,27
8395,佐賀銀行,6580.0,-18.333333333333336,54
1515,日鉄鉱業,3655.0,-17.91666666666667,41
7371,Ｚｅｎｋｅｎ,792.0,-17.91666666666667,49
6302,住友重機械工業,5611.0,-17.91666666666667,28
4255,ＴＨＥＣＯＯ,3520.0,-17.500000000000004,83
5900,ダイケン,875.0,-17.500000000000004,72
9895,コンセック,1276.0,-17.08333333333334,9
2001,ニップン,2955.0,-16.666666666666675,58
3097,物語コーポレーション,5630.0,-16.666666666666675,52
8700,丸八証券,2099.0,-16.666666666666675,50
9130,共栄タンカー,1572.0,-16.666666666666675,23
7630,壱番屋,1095.0,-16.666666666666675,49
3512,日本フエルト,1027.0,-15.416666666666655,52
4390,ＩＰＳ,4120.0,-14.999999999999991,21
5232,住友大阪セメント,5552.0,-14.999999999999991,0
8542,トマト銀行,1907.0,-14.999999999999991,37
4979,ＯＡＴアグリオ,2907.0,-14.999999999999991,20
3461,パルマ,620.0,-14.583333333333323,53
9639,三協フロンテア,2366.0,-14.583333333333323,62
9419,ワイヤレスゲート,292.0,-14.16666666666666,16
8697,日本取引所グループ,2226.0,-13.33333333333333,5
4718,早稲田アカデミー,2504.0,-12.916666666666664,21
7715,長野計器,3915.0,-12.083333333333336,0
7381,ＣＣＩグループ,1294.0,-12.083333333333336,52
8207,テンアライド,301.0,-11.66666666666667,51
8032,日本紙パルプ商事,1220.0,-11.250000000000004,33
8613,丸三証券,1294.0,-10.000000000000009,54
6357,三精テクノロジーズ,2710.0,-10.000000000000009,26
8388,阿波銀行,9940.0,-10.000000000000009,298
4092,日本化学工業,5600.0,-10.000000000000009,2
9380,東海運,438.0,-9.583333333333345,50
7214,ＧＭＢ,1109.0,-8.749999999999991,54
9082,大和自動車交通,2537.0,-8.333333333333325,63
8346,東邦銀行,1002.0,-8.333333333333325,92
8544,京葉銀行,2862.0,-8.333333333333325,330
7550,ゼンショーホールディングス,11395.0,-8.333333333333325,47
7327,第四北越フィナンシャルグループ,2619.0,-8.333333333333325,70
5805,ＳＷＣＣ,13870.0,-8.333333333333325,23
7514,ヒマラヤ,853.0,-7.916666666666661,0
6325,タカキタ,416.0,-6.666666666666665,45
3907,シリコンスタジオ,2238.0,-6.666666666666665,36
9042,阪急阪神ホールディングス,4648.0,-5.833333333333335,22
9635,武蔵野興業,2596.0,-5.833333333333335,24
9698,クレオ,1297.0,-5.41666666666667,57
5922,那須電機鉄工,20200.0,-5.41666666666667,37
156A,マテリアルグループ,849.0,-5.000000000000004,16
9513,電源開発,4132.0,-5.000000000000004,22
5408,中山製鋼所,636.0,-5.000000000000004,20
6027,弁護士ドットコム,5350.0,-5.000000000000004,24
6392,ヤマダコーポレーション,7930.0,-4.583333333333339,85
7883,サンメッセ,400.0,-4.166666666666674,80
3359,ｃｏｔｔａ,527.0,-3.750000000000009,33
7350,おきなわフィナンシャルグループ,7800.0,-3.750000000000009,92
9104,商船三井,6980.0,-3.333333333333344,36
6360,東京自働機械製作所,4620.0,-2.9166666666666563,95
5982,マルゼン,4145.0,-2.499999999999991,52
1992,神田通信機,2986.0,-2.499999999999991,63
9346,ココルポート,1851.0,-2.083333333333326,28
2764,ひらまつ,161.0,-1.6666666666666607,29
6460,セガサミーホールディングス,3152.0,-1.6666666666666607,47
8137,サンワテクノス,4315.0,-1.6666666666666607,28
9780,ハリマビステム,1129.0,-1.6666666666666607,25
4712,ＫｅｙＨｏｌｄｅｒ,808.0,-1.2499999999999956,21
2162,ｎｍｓ　ホールディングス,0.0,0.0,0
4367,広栄化学,0.0,0.0,0
4761,さくらケーシーエス,1425.0,0.0,0
2926,篠崎屋,125.0,0.0,1
6947,図研,4715.0,0.0,0
6952,カシオ計算機,2061.0,0.0,1
7523,アールビバン,1878.0,0.0,1
2922,なとり,1975.0,0.0,1
9249,日本エコシステム,1659.0,0.0,1
7539,アイナボホールディングス,810.0,0.0,1
3950,ザ・パック,1469.0,0.0,1
5660,神鋼鋼線工業,0.0,0.0,0
5997,協立エアテック,0.0,0.0,0
2730,エディオン,2465.0,0.0,1
2371,カカクコム,3695.0,0.0,1
6191,エアトリ,923.0,0.0,1
6247,日阪製作所,1696.0,0.0,1
5903,シンポ,0.0,0.0,0
9204,スカイマーク,431.0,0.0,1
7979,松風,2177.0,0.0,1
2737,トーメンデバイス,35750.0,0.0,1
6096,レアジョブ,0.0,0.0,0
7902,ソノコム,1112.0,0.0,1
7515,マルヨシセンター,0.0,0.0,0
1407,ウエストホールディングス,2263.0,0.0,0
6250,やまびこ,4235.0,0.0,1
9215,ＣａＳｙ,993.0,0.0,1
4171,グローバルインフォメーション,0.0,0.0,0
9341,ＧＥＮＯＶＡ,605.0,0.0,0
3435,サンコーテクノ,1553.0,0.0,1
7537,丸文,1783.0,0.0,1
7986,日本アイ・エス・ケイ,0.0,0.0,0
2916,仙波糖化工業,0.0,0.0,0
138A,光フードサービス,3095.0,0.0,1
9202,ＡＮＡホールディングス,2963.5,0.0,0
8283,ＰＡＬＴＡＣ,0.0,0.0,0
7354,ダイレクトマーケティングミックス,395.0,0.0,65
9007,小田急電鉄,1796.0,0.0,25
9340,アソインターナショナル,789.0,0.0,1
6942,ソフィアホールディングス,1435.0,0.0,1
6258,平田機工,3530.0,0.0,1
5695,パウダーテック,0.0,0.0,0
2349,エヌアイデイ,0.0,0.0,0
4760,アルファ,1500.0,0.0,0
2917,大森屋,922.0,0.0,0
2354,ＹＥ　ＤＩＧＩＴＡＬ,1372.0,0.0,1
9330,揚羽,889.0,0.0,1
7912,大日本印刷,3082.0,0.0,1
9201,日本航空,2992.0,0.0,1
2735,ワッツ,736.0,0.0,1
3439,三ツ知,0.0,0.0,0
4746,東計電算,7130.0,0.0,1
2734,サーラコーポレーション,1224.0,0.0,1
7981,タカラスタンダード,3065.0,0.0,1
7911,ＴＯＰＰＡＮホールディングス,5078.0,0.0,1
9107,川崎汽船,3300.0,0.0,41
6943,ＮＫＫスイッチズ,0.0,0.0,0
3600,フジックス,0.0,0.0,0
9251,ＡＢ＆Ｃｏｍｐａｎｙ,1510.0,0.0,1
9339,コーチ・エィ,1440.0,0.0,1
3480,ジェイ・エス・ビー,0.0,0.0,0
8139,ナガホリ,2207.0,0.0,1
8147,トミタ,1400.0,0.0,1
274A,ガーデン,2263.0,0.0,0
3944,古林紙工,0.0,0.0,0
2923,サトウ食品,7770.0,0.0,0
7914,共同印刷,1741.0,0.0,1
7976,三菱鉛筆,3150.0,0.0,1
9697,カプコン,4196.0,0.0,48
9326,関通ホールディングス,470.0,0.0,1
3946,トーモク,4310.0,0.0,1
6951,日本電子,7231.0,0.0,0
9248,人・夢・技術グループ,1654.0,0.0,1
5918,瀧上工業,0.0,0.0,0
3123,サイボー,649.0,0.8333333333333304,22
4728,トーセ,650.0,1.6666666666666718,37
8766,東京海上ホールディングス,7794.0,1.6666666666666718,12
3778,さくらインターネット,3885.0,1.6666666666666718,29
2702,日本マクドナルドホールディングス,8100.0,2.500000000000002,18
2669,カネ美食品,3865.0,2.9166666666666674,0
3075,銚子丸,1645.0,3.3333333333333326,0
7822,永大産業,256.0,3.3333333333333326,33
8609,岡三証券グループ,1228.0,4.583333333333329,79
7180,九州フィナンシャルグループ,1618.0,5.000000000000004,111
7567,栄電子,605.0,5.000000000000004,30
7609,ダイトロン,4040.0,5.41666666666667,28
5971,共和工業所,8700.0,5.833333333333335,60
7399,ナンシン,616.0,5.833333333333335,51
8563,大東銀行,1160.0,6.25,43
7161,じもとホールディングス,593.0,6.666666666666665,29
4203,住友ベークライト,7508.0,6.666666666666665,2
3159,丸善ＣＨＩホールディングス,402.0,6.666666666666665,54
6912,菊水ホールディングス,2499.0,8.333333333333337,29
9846,天満屋ストア,984.0,8.750000000000002,0
7565,萬世電機,8500.0,9.999999999999998,49
8218,コメリ,3855.0,9.999999999999998,33
4413,ボードルア,2963.0,10.833333333333329,83
6850,チノー,1714.0,11.250000000000004,16
8508,Ｊトラスト,766.0,11.250000000000004,0
4847,インテリジェント　ウェイブ,1391.0,11.66666666666667,37
2874,横浜冷凍,2277.0,11.66666666666667,12
3800,ユニリタ,1978.0,13.33333333333333,79
4180,Ａｐｐｉｅｒ　Ｇｒｏｕｐ,1435.0,13.33333333333333,33
4125,三和油化工業,3630.0,15.000000000000002,27
319A,技術承継機構,19970.0,15.000000000000002,29
3167,ＴＯＫＡＩホールディングス,1325.0,15.000000000000002,24
9368,キムラユニティー,954.0,15.416666666666668,48
3036,アルコニックス,3385.0,15.416666666666668,36
7509,アイエーグループ,4700.0,16.666666666666664,0
6037,楽待,1078.0,16.666666666666664,6
8558,東和銀行,1470.0,16.666666666666664,85
7127,一家ホールディングス,707.0,17.08333333333333,54
7292,村上開明堂,6820.0,17.91666666666667,13
7175,今村証券,1975.0,17.91666666666667,57
3851,日本一ソフトウェア,1408.0,18.333333333333336,46
4371,コアコンセプト・テクノロジー,1459.0,18.333333333333336,12
8537,大光銀行,3120.0,18.75,22
6408,小倉クラッチ,4245.0,19.166666666666664,12
7521,ムサシ,2799.0,19.58333333333333,15
3974,ＳＣＡＴ,668.0,19.58333333333333,50
9363,大運,533.0,19.58333333333333,2
7162,アストマックス,293.0,20.0,8
6276,シリウスビジョン,369.0,20.0,64
7031,インバウンドテック,720.0,21.250000000000004,1
3058,三洋堂ホールディングス,711.0,21.250000000000004,42
2340,極楽湯ホールディングス,521.0,22.08333333333333,54
2224,コモ,3700.0,22.916666666666664,54
5885,ジーデップ・アドバンス,3335.0,23.33333333333333,25
4124,大阪油化工業,3010.0,23.33333333333333,47
4391,ロジザード,1163.0,23.750000000000004,45
3544,サツドラホールディングス,1249.0,23.750000000000004,57
2597,ユニカフェ,1241.0,25.0,117
3080,ジェーソン,816.0,25.0,50
9115,明海グループ,1041.0,25.0,19
7619,田中商事,969.0,25.416666666666664,61
6063,日本エマージェンシーアシスタンス,1004.0,25.83333333333333,63
2004,昭和産業,3860.0,26.25,67
9433,ＫＤＤＩ,3008.0,26.66666666666667,49
7513,コジマ,1407.0,26.66666666666667,41
4119,日本ピグメントホールディングス,5970.0,27.500000000000004,47
6333,ＴＥＩＫＯＫＵ,3415.0,27.500000000000004,63
9244,デジタリフト,1415.0,27.916666666666668,58
2892,日本食品化工,4595.0,28.33333333333333,89
9929,平和紙業,476.0,28.75,17
4120,スガイ化学工業,3000.0,29.58333333333333,75
6890,フェローテック,9200.0,30.000000000000004,12
4376,くふうカンパニーホールディングス,165.0,30.000000000000004,23
7878,光・彩,1499.0,30.000000000000004,63
7997,くろがね工作所,1087.0,30.41666666666667,67
3191,ジョイフル本田,2252.0,31.25,0
4769,ＩＣ,1146.0,31.25,66
7581,サイゼリヤ,6960.0,32.08333333333333,46
296A,令和アカウンティング・ホールディングス,1150.0,32.91666666666667,37
3201,日本毛織,1995.0,33.333333333333336,47
4925,ハーバー研究所,1728.0,33.333333333333336,12
6857,アドバンテスト,33920.0,33.333333333333336,29
6337,テセック,3430.0,33.333333333333336,30
9087,タカセ,2250.0,34.166666666666664,17
9059,カンダホールディングス,921.0,34.583333333333336,33
6513,オリジン,1272.0,34.583333333333336,21
9508,九州電力,2185.0,35.0,41
8604,野村ホールディングス,1666.0,35.0,72
1960,サンテック,1659.0,35.0,22
3190,ホットマン,582.0,36.25000000000001,56
3352,バッファロー,1798.0,36.25000000000001,37
9434,ソフトバンク,243.1999969482422,36.25000000000001,41
3067,東京一番フーズ,466.0,37.083333333333336,22
6904,原田工業,604.0,37.5,23
9976,セキチュー,1072.0,37.91666666666666,15
6769,ザインエレクトロニクス,1155.0,38.33333333333333,12
4967,小林製薬,5777.0,38.33333333333333,16
5162,朝日ラバー,804.0,38.33333333333333,60
336A,ダイナミックマッププラットフォーム,1599.0,38.33333333333333,13
6647,森尾電機,3585.0,39.583333333333336,29
6776,天昇電気工業,285.0,40.41666666666666,30
6087,アビスト,3550.0,41.25,47
3131,シンデン・ハイテックス,6530.0,41.25,30
4346,ＮＥＸＹＺ．Ｇｒｏｕｐ,1014.0,41.66666666666666,59
7134,アップガレージグループ,1409.0,43.333333333333336,90
1795,マサル,5700.0,43.75,78
5576,オービーシステム,2972.0,43.75,63
1946,トーエネック,2239.0,44.99999999999999,12
1939,四電工,2290.0,44.99999999999999,36
2590,ダイドーグループホールディングス,3045.0,44.99999999999999,49
6579,ログリー,354.0,45.41666666666667,5
8167,リテールパートナーズ,1400.0,46.25,39
7256,河西工業,427.0,46.25,6
2997,ストレージ王,1324.0,46.25,44
2109,ＤＭ三井製糖,3795.0,46.25,41
2831,はごろもフーズ,3660.0,46.66666666666666,41
4667,アイサンテクノロジー,3330.0,46.66666666666666,23
5962,浅香工業,2074.0,47.083333333333336,51
5533,エリッツホールディングス,2166.0,47.5,16
3895,ハビックス,484.0,49.583333333333336,21
278A,Ｔｅｒｒａ　Ｄｒｏｎｅ,19240.0,49.583333333333336,126
6338,タカトリ,1661.0,50.0,5
4616,川上塗料,2473.0,50.0,46
3537,昭栄薬品,1761.0,50.0,98
3766,システムズ・デザイン,1420.0,50.0,68
3558,ジェイドグループ,1850.0,50.41666666666666,16
2970,ＧＬＣ　ＧＲＯＵＰ,1089.0,51.66666666666666,17
6023,ダイハツインフィニアース,3115.0,51.66666666666666,28
3187,ミラタップ,364.0,51.66666666666666,50
8058,三菱商事,4987.0,51.66666666666666,9
2664,カワチ薬品,3725.0,52.08333333333333,81
3477,フォーライフ,892.0,52.08333333333333,60
6176,ブランジスタ,1089.0,53.333333333333336,22
428A,サイプレス・ホールディングス,1568.0,53.333333333333336,117
5986,モリテック　スチール,258.0,54.16666666666667,49
8362,福井銀行,7320.0,54.58333333333334,316
4196,ネオマーケティング,2175.0,55.00000000000001,168
5242,アイズ,2373.0,55.00000000000001,40
8704,トレイダーズホールディングス,1403.0,55.00000000000001,90
6497,ハマイ,1480.0,56.66666666666666,45
2654,アスモ,433.0,57.91666666666666,49
3926,オープンドア,457.0,57.91666666666666,52
7438,コンドーテック,1731.0,57.91666666666666,25
7131,のむら産業,3725.0,58.33333333333333,9
7185,ヒロセ通商,3930.0,58.33333333333333,52
4258,網屋,5180.0,58.33333333333333,78
7314,小田原機器,1323.0,58.33333333333333,62
4937,Ｗａｑｏｏ,2438.0,58.75,40
5966,京都機械工具,2705.0,58.75,60
3083,スターシーズ,1283.0,58.75,13
3077,ホリイフードサービス,1265.0,60.0,57
9842,アークランズ,1883.0,60.0,0
2962,テクニスコ,1790.0,60.0,27
4174,アピリッツ,1018.0,60.0,58
7087,ウイルテック,1430.0,60.0,53
5254,Ａｒｅｎｔ,4175.0,60.0,5
8344,山形銀行,4860.0,60.0,92
5301,東海カーボン,2000.0,60.41666666666667,9
6918,アバールデータ,3595.0,60.41666666666667,23
3490,アズ企画設計,3060.0,61.25000000000001,59
8343,秋田銀行,9380.0,61.66666666666667,330
3399,丸千代山岡家,4050.0,61.66666666666667,52
8013,ナイガイ,370.0,61.66666666666667,8
6155,高松機械工業,542.0,62.5,57
9835,ジュンテンドー,509.0,63.74999999999999,0
9991,ジェコス,1785.0,64.58333333333333,40
4062,イビデン,20680.0,65.0,5
9890,マキヤ,1440.0,65.0,75
5985,サンコール,2196.0,65.0,23
269A,Ｓａｐｅｅｔ,2887.0,65.0,37
2212,山崎製パン,3877.0,65.41666666666667,42
4389,プロパティデータバンク,1083.0,66.25,84
9034,南総通運,1668.0,66.66666666666667,62
5256,Ｆｕｓｉｃ,2707.0,66.66666666666667,23
9101,日本郵船,7198.0,66.66666666666667,38
7624,ＮａＩＴＯ,155.0,67.08333333333334,59
7133,ＨＹＵＧＡ　ＰＲＩＭＡＲＹ　ＣＡＲＥ,1309.0,67.08333333333334,55
9365,トレーディア,1662.0,67.5,52
9220,エフビー介護サービス,1310.0,67.91666666666667,19
7604,梅の花グループ,908.0,68.33333333333333,39
4572,カルナバイオサイエンス,439.0,68.33333333333333,18
4365,松本油脂製薬,25200.0,69.16666666666667,19
5905,日本製罐,1373.0,69.58333333333333,36
9436,沖縄セルラー電話,4240.0,69.58333333333333,84
8541,愛媛銀行,3265.0,70.41666666666666,94
7856,萩原工業,1997.0,71.25,55
2814,佐藤食品工業,3925.0,71.25,28
6203,豊和工業,2344.0,71.66666666666667,4
9843,ニトリホールディングス,3267.0,71.66666666666667,33
135A,ＶＲＡＩＮ　Ｓｏｌｕｔｉｏｎ,4450.0,71.66666666666667,5
9824,泉州電業,7700.0,71.66666666666667,26
3020,アプライド,4640.0,71.66666666666667,57
5252,日本ナレッジ,880.0,72.91666666666667,4
4088,エア・ウォーター,2980.0,72.91666666666667,9
2883,大冷,2040.0,73.33333333333334,48
6033,エクストリーム,1720.0,73.33333333333334,39
9324,安田倉庫,2633.0,74.58333333333333,57
7128,ユニソルホールディングス,2784.0,74.58333333333333,49
2876,デルソーレ,474.0,75.0,7
2907,あじかん,1539.0,75.41666666666667,59
2175,エス・エム・エス,2538.0,76.66666666666666,157
4588,オンコリスバイオファーマ,5790.0,76.66666666666666,27
6336,石井表記,1913.0,76.66666666666666,29
6118,アイダエンジニアリング,1247.0,76.66666666666666,8
8045,横浜丸魚,2085.0,76.66666666666666,63
4014,カラダノート,557.0,77.08333333333334,67
2208,ブルボン,3145.0,77.5,51
5020,ＥＮＥＯＳホールディングス,1472.0,78.33333333333333,16
6599,エブレン,3835.0,78.33333333333333,12
276A,ククレブ・アドバイザーズ,4160.0,78.33333333333333,50
9506,東北電力,1423.5,78.33333333333333,47
4491,コンピューターマネージメント,3320.0,79.16666666666666,54
2798,ワイズテーブルコーポレーション,3005.0,79.16666666666666,0
3113,ＵＮＩＶＡ・Ｏａｋホールディングス,87.0,79.58333333333334,23
2666,オートウェーブ,187.0,79.58333333333334,58
9535,広島ガス,439.0,80.0,48
417A,ブルーゾーンホールディングス,1893.5,80.0,24
7859,アルメディオ,274.0,80.41666666666667,10
8079,正栄食品工業,4520.0,80.41666666666667,46
8387,四国銀行,4050.0,80.83333333333333,289
4341,西菱電機,920.0,81.66666666666667,58
7067,ブランディングテクノロジー,1050.0,82.08333333333333,46
2820,やまみ,6440.0,82.08333333333333,66
7083,ＡＨＣグループ,1115.0,82.5,62
2531,宝ホールディングス,2508.5,83.33333333333334,8
4052,フィーチャ,1340.0,83.33333333333334,29
9475,昭文社ホールディングス,540.0,84.16666666666667,45
8551,北日本銀行,8280.0,84.58333333333333,85
4762,エックスネット,2199.0,86.25,82
6694,ズーム,834.0,86.66666666666667,24
3063,ジェイグループホールディングス,1178.0,86.66666666666667,5
7075,ＱＬＳホールディングス,1046.0,86.66666666666667,55
7384,プロクレアホールディングス,5030.0,86.66666666666667,188
9930,北沢産業,404.0,87.5,44
6218,エンシュウ,663.0,87.91666666666667,86
7119,ハルメクホールディングス,2029.0,88.33333333333333,164
153A,カウリス,1600.0,88.33333333333333,12
3628,データホライゾン,664.0,88.33333333333333,43
4565,ネクセラファーマ,1246.0,88.33333333333333,22
2480,システム・ロケーション,1799.0,88.33333333333333,23
2805,ヱスビー食品,7340.0,88.75,85
3802,エコミック,506.0,88.75,57
1770,藤田エンジニアリング,2228.0,88.75,69
3513,イチカワ,3485.0,89.58333333333334,8
189A,Ｄ＆Ｍカンパニー,1035.0,89.58333333333334,61
6862,ミナトホールディングス,4615.0,90.0,23
7192,日本モーゲージサービス,714.0,90.0,27
2782,セリア,4815.0,90.0,46
1840,土屋ホールディングス,260.0,90.41666666666669,55
9537,北陸瓦斯,4305.0,90.41666666666669,2
5033,ヌーラボ,1188.0,91.66666666666666,61
7698,アイスコ,2748.0,92.5,53
6898,トミタ電機,5250.0,93.33333333333331,16
9507,四国電力,2179.5,93.33333333333331,34
7826,フルヤ金属,11140.0,93.75,14
8742,小林洋行,628.0,94.58333333333331,25
2937,サンクゼール,1767.0,95.41666666666669,41
2492,インフォマート,714.0,96.25,48
4629,大伸化学,2531.0,96.66666666666669,27
3494,マリオン,456.0,98.33333333333331,51
