Ticker,銘柄名,終値,DR25,75SMA越
4196,ネオマーケティング,1286.0,-33.61152936115293,0
3195,ジェネレーションパス,459.0,-24.14226218020758,0
6522,アスタリスク,1269.0,-22.861050605339138,0
4875,メディシノバ・インク,249.0,-13.541666666666666,1
1447,ＳＡＡＦホールディングス,324.0,-12.990936555891238,0
3976,シャノン,525.0,-12.63347663292192,0
9244,デジタリフト,1241.0,-12.52863436123348,0
8065,佐藤商事,2950.0,-12.425010823180155,0
278A,Ｔｅｒｒａ　Ｄｒｏｎｅ,9800.0,-12.142293624040734,0
9237,笑美面,829.0,-10.820259973106234,0
3083,スターシーズ,1068.0,-9.64772765727048,24
5889,Ｊａｐａｎ　Ｅｙｅｗｅａｒ　Ｈｏｌｄｉｎｇｓ,2255.0,-9.290515059584672,0
4058,トヨクモ,2146.0,-9.056557131001366,0
4478,フリー,3560.0,-8.96110815130527,1
6897,ツインバード,599.0,-8.949268478054341,0
4997,日本農薬,1105.0,-8.690263049166786,0
4023,クレハ,4025.0,-8.488063660477447,0
9166,ＧＥＮＤＡ,658.0,-8.425630617570306,1
3895,ハビックス,435.0,-8.324552160168599,0
3907,シリコンスタジオ,1929.0,-8.062594328381914,1
6193,バーチャレクス・ホールディングス,1092.0,-8.051784022734449,1
2705,大戸屋ホールディングス,8430.0,-7.888986013986014,67
545A,トランヴィア,911.0,-7.840161861406171,0
215A,タイミー,1405.0,-7.793878301044783,0
2122,インタースペース,1348.0,-7.661113546690043,0
2874,横浜冷凍,2005.0,-7.576428070951807,0
4480,メドレー,2317.0,-7.5541960367070144,1
3923,ラクス,1002.0,-7.507692307692301,0
7421,カッパ・クリエイト,1502.0,-7.303024069121576,0
1515,日鉄鉱業,3275.0,-7.160675813584303,52
7957,フジコピアン,2379.0,-7.159466007577365,1
4928,ノエビアホールディングス,4480.0,-7.086069823712416,0
2354,ＹＥ　ＤＩＧＩＴＡＬ,1263.0,-7.085895889121027,50
8628,松井証券,1092.0,-6.99787083037616,1
3461,パルマ,577.0,-6.985491671144552,0
8789,フィンテック　グローバル,152.0,-6.938775510204087,1
9644,タナベコンサルティンググループ,705.0,-6.910211267605638,0
4424,Ａｍａｚｉａ,309.0,-6.88096433952787,0
2926,篠崎屋,116.0,-6.87219010918433,62
8163,ＳＲＳホールディングス,1429.0,-6.852440316141123,1
2222,寿スピリッツ,2419.5,-6.828351599263721,0
300A,ＭＩＣ,2982.0,-6.820653192845631,0
2410,キャリアデザインセンター,2669.0,-6.766990833892236,0
3494,マリオン,418.0,-6.713780918727911,1
7762,シチズン時計,2326.0,-6.692518553185805,0
2654,アスモ,401.0,-6.683421763008476,0
4220,リケンテクノス,2301.0,-6.61683886568476,1
7551,ウェッズ,668.0,-6.486234251049935,0
9552,クオンツ総研ホールディングス,1021.0,-6.3768005196194615,1
9031,西日本鉄道,2903.0,-6.368682049696958,0
4491,コンピューターマネージメント,3085.0,-6.319984816853292,0
4671,ファルコホールディングス,2700.0,-6.244574338792759,0
3660,アイスタイル,475.0,-6.242289661978781,1
6166,中村超硬,618.0,-6.209687618565822,0
3653,モルフォ,1021.0,-6.1544942744437146,1
7185,ヒロセ通商,3670.0,-6.098081023454161,0
7091,リビングプラットフォーム,1200.0,-6.097163351809591,0
8242,エイチ・ツー・オー　リテイリング,2727.0,-6.062019620648323,0
7581,サイゼリヤ,6480.0,-6.013174593581914,0
9843,ニトリホールディングス,2940.0,-5.935677387102154,1
7885,タカノ,1065.0,-5.929115601192448,0
6050,イー・ガーディアン,1690.0,-5.7839721254355405,0
8706,極東証券,1792.0,-5.760676643951184,1
3232,三重交通グループホールディングス,565.0,-5.7453623381823125,60
6092,エンバイオ・ホールディングス,781.0,-5.7095427335379,1
9042,阪急阪神ホールディングス,4387.0,-5.6922511935365465,0
6087,アビスト,3340.0,-5.688569915877409,0
2270,雪印メグミルク,3505.0,-5.652759084791386,0
8088,岩谷産業,2035.0,-5.613156953879163,0
4526,理研ビタミン,3145.0,-5.585089749202572,0
2702,日本マクドナルドホールディングス,7550.0,-5.539985987388652,0
7550,ゼンショーホールディングス,10705.0,-5.526751241036956,1
6176,ブランジスタ,990.0,-5.2707120644286665,1
7780,メニコン,1716.0,-5.256619659987574,0
5482,愛知製鋼,3040.0,-5.252905655476912,0
4041,日本曹達,3695.0,-5.236161572985678,0
4373,シンプレクス・ホールディングス,1108.0,-5.228269004597455,1
7643,ダイイチ,1639.0,-5.2281597841276,0
6247,日阪製作所,1644.0,-5.219918806601172,0
4651,サニックスホールディングス,250.0,-5.213270142180095,0
7621,うかい,3265.0,-5.1962978646179945,0
7309,シマノ,17825.0,-5.156741896865168,0
6457,グローリー,4343.0,-5.054608720999074,0
9506,東北電力,1297.0,-5.048348229265163,1
6316,丸山製作所,2843.0,-5.019627495197527,1
581A,ＧＯ,3435.0,-5.006625568934719,1
2607,不二製油,4275.0,-4.981418588523976,70
2801,キッコーマン,1649.0,-4.934855298051419,0
4443,Ｓａｎｓａｎ,2011.0,-4.906017259723371,1
8041,ＯＵＧホールディングス,4385.0,-4.902182261781057,0
9692,シーイーシー,2225.0,-4.897595725734646,0
2269,明治ホールディングス,4156.0,-4.863934366186856,36
9001,東武鉄道,2821.0,-4.85799806073551,0
3447,信和,965.0,-4.855804781858516,0
9503,関西電力,2705.5,-4.833650886706723,1
9475,昭文社ホールディングス,509.0,-4.8004987531172,0
9828,Ｇｅｎｋｉ　Ｇｌｏｂａｌ　Ｄｉｎｉｎｇ　Ｃｏｎｃｅｐｔｓ,3250.0,-4.796777737092641,0
2498,オリエンタルコンサルタンツホールディングス,3010.0,-4.793835954402256,0
7951,ヤマハ,1221.0,-4.789135096497503,0
9854,愛眼,268.0,-4.711111111111111,0
4689,ＬＩＮＥヤフー,512.9000244140625,-4.696423295522199,1
9248,人・夢・技術グループ,1618.0,-4.685697454652566,1
4994,大成ラミックグループ,2670.0,-4.678319077724056,1
8622,水戸証券,900.0,-4.67363961339865,1
299A,クラシル,1206.0,-4.636892712550615,44
3697,ＳＨＩＦＴ,850.4000244140625,-4.631599764592206,1
8237,松屋,2254.0,-4.629596981770735,1
2114,フジ日本,640.0,-4.597221394073107,0
2809,キユーピー,4402.0,-4.561616512011093,0
7859,アルメディオ,254.0,-4.541183839649226,1
8708,アイザワ証券グループ,1697.0,-4.5265946224712215,1
5711,三菱マテリアル,5120.0,-4.524370061303933,1
6412,平和,2102.0,-4.519645696116284,0
1795,マサル,5400.0,-4.48563746993067,89
4661,オリエンタルランド,2908.5,-4.465764298520541,1
7695,交換できるくん,877.0,-4.461894603059329,1
7354,ダイレクトマーケティングミックス,368.0,-4.384540435206236,1
4421,ディ・アイ・システム,904.0,-4.351276286205528,0
3937,Ｕｂｉｃｏｍホールディングス,1141.0,-4.342054703601502,1
5885,ジーデップ・アドバンス,3095.0,-4.303014686936352,1
150A,ＪＳＨ,734.0,-4.262534564616261,56
3915,テラスカイ,2224.0,-4.247990815154988,0
6419,マースグループホールディングス,3050.0,-4.226089231976977,0
254A,ＡＩフュージョンキャピタルグループ,1148.0,-4.170423052522625,0
8218,コメリ,3720.0,-4.170020930606987,1
7417,南陽,1804.0,-4.163623082542001,1
3151,バイタルケーエスケー・ホールディングス,1557.0,-4.158664499926131,0
1438,岐阜造園,2204.0,-4.113115199854974,1
3121,マーチャント・バンカーズ,250.0,-4.111690702669541,41
6579,ログリー,335.0,-4.103053435114499,0
8604,野村ホールディングス,1551.0,-4.089046919687718,1
3987,エコモット,624.0,-4.079933388842625,1
290A,Ｓｙｎｓｐｅｃｔｉｖｅ,1402.0,-4.06196967208627,24
9007,小田急電鉄,1718.5,-4.059177929237708,0
2484,出前館,153.0,-4.0391369794279965,49
8059,第一実業,3520.0,-4.032716119504711,1
9075,福山通運,6010.0,-4.031936127744511,0
7860,エイベックス,1219.0,-4.031490897162533,0
3965,キャピタル・アセット・プランニング,858.0,-4.017898760137966,0
7521,ムサシ,2648.0,-4.01014998414065,0
7698,アイスコ,2640.0,-3.989817101813834,1
5401,日本製鉄,656.0,-3.985363622503425,1
4733,オービックビジネスコンサルタント,8013.0,-3.962606181366013,1
8050,セイコーグループ,9840.0,-3.9570539672211096,1
5976,高周波熱錬,1435.0,-3.9464509831264767,1
2588,プレミアムウォーターホールディングス,3550.0,-3.924221921515562,0
9249,日本エコシステム,1593.0,-3.920386007237636,0
2001,ニップン,2835.0,-3.909162806462552,0
4676,フジ・メディア・ホールディングス,3946.0,-3.908437842444904,0
7616,コロワイド,1985.0,-3.904146201248608,1
4923,コタ,1185.0,-3.8994390754882686,0
2335,キューブシステム,1055.0,-3.88119533527696,0
8725,ＭＳ＆ＡＤインシュアランスグループホールディングス,4902.0,-3.8265660636480368,1
7278,エクセディ,5800.0,-3.8209078974642487,0
2652,まんだらけ,419.0,-3.748966277680785,0
417A,ブルーゾーンホールディングス,1815.0,-3.735870321874896,1
7087,ウイルテック,1364.0,-3.70915080742419,0
7033,マネジメントソリューションズ,1545.0,-3.698317057967999,1
4912,ライオン,1737.0,-3.690612329764008,0
7955,クリナップ,937.0,-3.683399006338876,0
4343,イオンファンタジー,2687.0,-3.65578546350938,0
9517,イーレックス,822.0,-3.6530572377417423,0
9633,東京テアトル,1841.0,-3.6461967899511554,1
1433,ベステラ,1189.0,-3.634182714128244,73
1773,ワイ・ティー・エル・コーポレーション・バーハッド,87.0,-3.633141338059372,33
2497,ユナイテッド,510.0,-3.628117913832208,0
9706,日本空港ビルデング,5448.0,-3.627813729970365,1
4346,ＮＥＸＹＺ．Ｇｒｏｕｐ,968.0,-3.6096589494647744,1
2170,リンクアンドモチベーション,654.0,-3.5853284585446468,60
4543,テルモ,2297.0,-3.583608793745737,0
7041,ＣＲＧホールディングス,335.0,-3.573998560805954,1
9861,吉野家ホールディングス,3641.0,-3.5720197305260366,1
9301,三菱倉庫,1481.0,-3.5715739070278527,0
4718,早稲田アカデミー,2447.0,-3.56491896418661,0
8015,豊田通商,7226.0,-3.557962874398012,1
3657,ポールトゥウィンホールディングス,354.0,-3.55318424338745,1
5902,ホッカンホールディングス,2641.0,-3.5412640197227305,1
2181,パーソルホールディングス,283.1000061035156,-3.539494634359888,66
9159,Ｗ　ＴＯＫＹＯ,1905.0,-3.5320926699582227,0
4527,ロート製薬,2809.0,-3.5274251942588166,1
8207,テンアライド,290.0,-3.5209315220404704,0
6952,カシオ計算機,2165.5,-3.5152370255543963,1
7458,第一興商,1804.5,-3.5112735050352053,1
8101,ＧＳＩクレオス,2561.0,-3.48141517878174,0
5946,長府製作所,1977.0,-3.468760808089021,0
2212,山崎製パン,3606.0,-3.4569170468418653,53
7358,ポピンズ,1762.0,-3.443236825280844,1
2207,ｍｅｉｔｏ,3335.0,-3.383741815864192,67
6276,シリウスビジョン,352.0,-3.363074811256005,1
7213,レシップホールディングス,649.0,-3.3567041012595342,1
3399,丸千代山岡家,3780.0,-3.340258910020777,1
9076,セイノーホールディングス,2642.0,-3.337042852569483,0
3359,ｃｏｔｔａ,505.0,-3.2953004069257235,0
3994,マネーフォワード,5953.0,-3.288431598185884,1
8018,三共生興,831.0,-3.2877509455920864,0
5713,住友金属鉱山,9911.0,-3.2542248795070465,1
8919,カチタス,3490.0,-3.223570190641248,1
8113,ユニ・チャーム,938.0999755859376,-3.221316268725208,0
2002,日清製粉グループ本社,1977.5,-3.2188994361573013,0
8043,スターゼン,1487.0,-3.2163584097195907,1
2267,ヤクルト本社,2744.0,-3.164105785450614,0
6309,巴工業,1956.0,-3.158329035585357,1
2004,昭和産業,3730.0,-3.1483284647841607,1
9041,近鉄グループホールディングス,3395.0,-3.1441307578008955,0
7482,シモジマ,1474.0,-3.1404868165265767,1
3802,エコミック,486.0,-3.114876650884625,0
3148,クリエイトＳＤホールディングス,3255.0,-3.107697803179142,0
8244,近鉄百貨店,1852.0,-3.1064024589627888,0
7129,ミアヘルサホールディングス,1136.0,-3.0992323002558937,0
7912,大日本印刷,2952.0,-3.09794427803537,0
3723,日本ファルコム,2681.0,-3.0949261284055485,0
8613,丸三証券,1252.0,-3.092850001612533,1
6381,アネスト岩田,1880.0,-3.0907021198908877,1
9739,ＮＳＷ,2620.0,-3.090082453571698,1
6305,日立建機,5607.0,-3.05527739555792,1
5703,日本軽金属ホールディングス,2908.0,-3.043774224469661,1
5192,三ツ星ベルト,4200.0,-3.0396306271643008,1
7539,アイナボホールディングス,785.0,-3.036541430777153,0
1379,ホクト,2046.0,-3.0350135542454155,36
2883,大冷,1970.0,-3.014907150312125,0
3608,ＴＳＩホールディングス,1208.0,-3.004349280695891,0
4792,山田コンサルティンググループ,1720.0,-2.9892836999435985,1
5269,日本コンクリート工業,358.0,-2.9810298102981028,1
8566,リコーリース,6630.0,-2.96377607025247,1
3159,丸善ＣＨＩホールディングス,382.0,-2.927424273226261,7
2053,中部飼料,1966.0,-2.921250666614,71
9948,アークス,3620.0,-2.911102419399896,1
2659,サンエー,3265.0,-2.9025159103074976,0
4635,東京インキ,2038.0,-2.8965079112981607,1
8253,クレディセゾン,4515.0,-2.8788584949628877,0
2208,ブルボン,3010.0,-2.853085463465017,0
8281,ゼビオホールディングス,1107.0,-2.852128126371216,0
4776,サイボウズ,2967.0,-2.824858757062147,1
2471,エスプール,273.0,-2.819307988039305,1
9535,広島ガス,424.0,-2.8080229226361038,1
5480,日本冶金工業,5280.0,-2.792267566738269,1
5884,クラダシ,599.0,-2.786042737354606,1
2475,ＷＤＢホールディングス,1737.0,-2.7805762643562395,0
3496,アズーム,4690.0,-2.768539714075936,1
6358,酒井重工業,2097.0,-2.7684936535229294,0
4528,小野薬品工業,2346.5,-2.7643006371186414,0
4255,ＴＨＥＣＯＯ,3425.0,-2.750665483584738,1
3087,ドトール・日レスホールディングス,3215.0,-2.723146747352496,53
4249,森六,2823.0,-2.706894323420016,1
8624,いちよし証券,1663.0,-2.6845146660814865,1
6545,インターネットインフィニティー,781.0,-2.6690206667358973,0
6339,新東工業,1161.0,-2.6653159604569177,0
2139,中広,508.0,-2.6596152372192834,0
6282,オイレス工業,2835.0,-2.635871898342921,0
7562,安楽亭,3730.0,-2.6215598825193043,0
9363,大運,518.0,-2.608695652173913,0
2334,イオレ,553.0,-2.6065516026769915,0
2933,紀文食品,1098.0,-2.5939462758596226,1
9678,カナモト,5330.0,-2.589095339628394,0
2226,湖池屋,4760.0,-2.5708203700671435,0
8194,ライフコーポレーション,2637.0,-2.549889135254989,1
6058,ベクトル,1931.0,-2.548574312389604,1
6149,小田原エンジニアリング,2183.0,-2.5464556090846457,1
7575,日本ライフライン,1513.0,-2.5442834138486314,1
1879,新日本建設,2242.0,-2.5403835787936244,39
5951,ダイニチ工業,1144.0,-2.538071065989854,1
8897,ＭＩＲＡＲＴＨホールディングス,442.0,-2.526876780299545,1
5900,ダイケン,857.0,-2.5213270142180053,0
6326,クボタ,2763.5,-2.517031299376065,0
7215,ファルテック,418.0,-2.497813198561566,0
2590,ダイドーグループホールディングス,2933.0,-2.4933510638297878,60
9930,北沢産業,390.0,-2.4898426919470733,1
9536,西部ガスホールディングス,2495.0,-2.469216235585374,1
9769,学究社,2534.0,-2.466561888571709,0
6272,レオン自動機,1497.0,-2.454387489139884,0
9343,アイビス,775.0,-2.454373820012586,0
8079,正栄食品工業,4375.0,-2.4254251463618623,1
2185,シイエム・シイ,1940.0,-2.4223402543054924,58
3190,ホットマン,569.0,-2.4080680570801256,0
7979,松風,2216.0,-2.403934378096678,1
5242,アイズ,2305.0,-2.390824878694316,1
3843,フリービット,1682.0,-2.3890124770287304,1
8841,テーオーシー,991.0,-2.3885742427973407,1
6395,タダノ,1346.0,-2.3841900099718973,1
2910,ロック・フィールド,1376.0,-2.383654937570936,61
9436,沖縄セルラー電話,4130.0,-2.383297222769345,1
6463,ＴＰＲ,1536.0,-2.3547797526024468,1
8729,ソニーフィナンシャルグループ,157.89999389648438,-2.3475190894794795,1
7266,今仙電機製作所,975.0,-2.3413046200075125,1
6960,フクダ電子,11650.0,-2.333379907782595,1
3841,ジーダット,1301.0,-2.324271905402441,1
6349,小森コーポレーション,1952.0,-2.322672115424715,1
7981,タカラスタンダード,3035.0,-2.3003152035410146,0
7272,ヤマハ発動機,1803.0,-2.29848724317002,1
3941,レンゴー,1519.5,-2.29604822505023,1
8596,九州リースサービス,1541.0,-2.28281547241598,1
3771,システムリサーチ,1870.0,-2.2818324333739803,1
6869,シスメックス,1845.0,-2.272150432028599,1
4326,インテージホールディングス,1945.0,-2.269491667364546,1
5933,アルインコ,1096.0,-2.2555832187581357,1
9365,トレーディア,1605.0,-2.2459078797106966,0
3772,ウェルス・マネジメント,1074.0,-2.245145631067968,1
6072,地盤ネットホールディングス,1042.0,-2.243765147369251,1
4208,ＵＢＥ,3400.0,-2.2239263803681024,1
7554,幸楽苑,1156.0,-2.2237885462555127,1
2730,エディオン,2445.0,-2.2078233741300624,57
4444,インフォネット,934.0,-2.194685632008381,1
8074,ＹＵＡＳＡ,6250.0,-2.190923317683881,1
4114,日本触媒,2537.5,-2.178888951354483,1
5408,中山製鋼所,629.0,-2.1709545719655297,0
6630,ヤーマン,776.0,-2.169459473656568,1
6737,ＥＩＺＯ,3025.0,-2.1629270264806952,1
5458,高砂鐵工,1325.0,-2.1628772728671253,1
7508,Ｇ‐７ホールディングス,1406.0,-2.1601090202673365,0
4816,東映アニメーション,2964.0,-2.158035898493914,1
6078,バリューＨＲ,1543.0,-2.155992390615092,1
9686,東洋テック,1670.0,-2.126932187248179,1
9081,神奈川中央交通,3930.0,-2.1170610211706102,1
4390,ＩＰＳ,3990.0,-2.1159153633854646,1
3753,フライトソリューションズ,218.0,-2.11412535079514,1
6071,ＩＢＪ,886.0,-2.0994475138121547,1
7516,コーナン商事,4400.0,-2.09077001529831,1
9009,京成電鉄,1335.5,-2.084956238830592,1
8617,光世証券,603.0,-2.0640184069838323,1
5076,インフロニア・ホールディングス,2765.0,-2.053106227214364,1
4180,Ａｐｐｉｅｒ　Ｇｒｏｕｐ,1396.0,-2.0436803789141305,1
4194,ビジョナル,8679.0,-2.0419680395789963,1
3950,ザ・パック,1446.0,-2.0352858151023336,1
5901,東洋製罐グループホールディングス,4429.0,-2.0313364055299474,1
9107,川崎汽船,3326.0,-2.029995827094426,1
6118,アイダエンジニアリング,1214.0,-2.0177562550443904,1
9433,ＫＤＤＩ,2928.0,-2.005299121461437,1
4027,テイカ,2327.0,-1.9815013075451435,0
9039,サカイ引越センター,2941.0,-1.9802805165949129,0
8200,リンガーハット,2271.0,-1.9712230215827276,1
7769,リズム,3815.0,-1.9700214132762277,0
3944,古林紙工,3100.0,-1.96078431372549,53
2503,キリンホールディングス,2854.0,-1.9547219073138924,0
2480,システム・ロケーション,1751.0,-1.950902656452981,34
3435,サンコーテクノ,1481.0,-1.9502910264544375,1
1376,カネコ種苗,1573.0,-1.9400044884422545,67
6334,明治機械,480.0,-1.932408274453048,1
6741,日本信号,1782.0,-1.92850099750052,1
2613,Ｊ－オイルミルズ,2227.0,-1.9271081047755032,36
7127,一家ホールディングス,694.0,-1.913903774807132,0
6942,ソフィアホールディングス,1407.0,-1.902797548150951,1
1377,サカタのタネ,4295.0,-1.8823959427970864,0
505A,ギークリー,1371.0,-1.881616221857766,1
2433,博報堂ＤＹホールディングス,1303.0,-1.881052425488337,65
9385,ショーエイコーポレーション,738.0,-1.8780122984876184,0
9006,京浜急行電鉄,1534.0,-1.8671784414857464,0
2179,成学社,818.0,-1.8666922597053537,58
9033,広島電鉄,620.0,-1.866385279957786,0
7803,ブシロード,436.0,-1.866266529119389,1
4668,明光ネットワークジャパン,756.0,-1.860666378191264,1
4212,積水樹脂,2886.0,-1.825603809955772,1
5702,大紀アルミニウム工業所,1805.0,-1.8043340284704,1
4120,スガイ化学工業,2956.0,-1.7926604742590615,0
3951,朝日印刷,890.0,-1.7885879810566043,1
7625,グローバルダイニング,459.0,-1.7744092732946988,0
6371,椿本チエイン,2646.0,-1.771102414577184,0
8117,中央自動車工業,2143.0,-1.7517049036275834,1
8133,伊藤忠エネクス,2259.0,-1.745229163268635,1
4848,フルキャストホールディングス,1826.0,-1.74431639836779,1
6643,戸上電機製作所,5550.0,-1.7409265269991097,1
6189,グローバルキッズＣＯＭＰＡＮＹ,997.0,-1.724987678659438,0
8005,スクロール,1759.0,-1.7249807947482363,1
8630,ＳＯＭＰＯホールディングス,6702.0,-1.7223997507133344,0
7931,未来工業,3600.0,-1.7176657945626168,1
4431,スマレジ,3375.0,-1.7169204635078608,1
2871,ニチレイ,2130.5,-1.7142909865938318,0
6995,東海理化電機製作所,3095.0,-1.7135296063513112,1
3475,グッドコムアセット,1476.0,-1.70921198668147,0
3696,セレス,2152.0,-1.699625054719179,1
3691,デジタルプラス,1844.0,-1.694839956462831,1
4324,電通グループ,3563.0,-1.682092555331996,1
9605,東映,5920.0,-1.681544529790326,1
4293,セプテーニ・ホールディングス,505.0,-1.6792406911657338,1
7813,プラッツ,881.0,-1.6741071428571428,1
3551,ダイニック,1565.0,-1.6650958215519949,1
2340,極楽湯ホールディングス,516.0,-1.6618386949230115,65
3763,プロシップ,2091.0,-1.6520665530013523,1
8793,ＮＥＣキャピタルソリューション,4150.0,-1.6490569763997165,1
7244,市光工業,558.0,-1.6451233842538258,1
3569,セーレン,3295.0,-1.6417910447761193,0
9037,ハマキョウレックス,1813.0,-1.6411230164112305,0
6287,サトー,2697.0,-1.6351589569023213,1
5982,マルゼン,4075.0,-1.614606911121171,1
5122,オカモト,6170.0,-1.6079734219269055,1
4998,フマキラー,1164.0,-1.6026205487654477,0
7919,野崎印刷紙業,223.0,-1.5995587424158852,1
7914,共同印刷,1725.0,-1.594922868484225,1
7296,エフ・シー・シー,4095.0,-1.5871426425674733,1
2937,サンクゼール,1730.0,-1.5748031496063026,1
8616,東海東京フィナンシャル・ホールディングス,878.0,-1.574104348638419,1
9888,ＵＥＸ,1235.0,-1.557673785246942,1
3778,さくらインターネット,3620.0,-1.5524079320113355,1
6448,ブラザー工業,4591.0,-1.54758926337611,1
6033,エクストリーム,1674.0,-1.5438906043228935,1
8935,ＦＪネクストホールディングス,1969.0,-1.5376922115264409,1
9513,電源開発,4060.0,-1.5359741309619976,1
9048,名古屋鉄道,1855.5,-1.5356041258996385,0
4246,ダイキョーニシカワ,1086.0,-1.5300918055083303,1
8051,山善,1933.0,-1.513639741004136,1
3839,ＯＤＫソリューションズ,626.0,-1.5013439979020462,0
3661,エムアップホールディングス,805.0,-1.493907102432065,1
5233,太平洋セメント,4107.0,-1.4891363009454446,0
9639,三協フロンテア,2330.0,-1.4833867728409915,1
2593,伊藤園,3074.0,-1.4775167462581298,36
4658,日本空調サービス,1556.0,-1.4774166314900754,0
6432,竹内製作所,7300.0,-1.473400067483977,0
3067,東京一番フーズ,457.0,-1.4661492022423483,1
1770,藤田エンジニアリング,2158.0,-1.4647866744593774,80
8097,三愛オブリ,2405.0,-1.4647137150466043,1
9449,ＧＭＯインターネットグループ,3938.0,-1.4637808082071813,1
4125,三和油化工業,3625.0,-1.4610941216445803,1
2734,サーラコーポレーション,1206.0,-1.451264953912531,69
6750,エレコム,1974.0,-1.4478282576135797,1
7681,レオクラン,989.0,-1.4449427005480815,1
7637,白銅,3585.0,-1.4263619178553015,1
8601,大和証券グループ本社,1809.0,-1.425846880392339,1
4391,ロジザード,1125.0,-1.4166788374470636,0
7094,ＮｅｘＴｏｎｅ,1822.0,-1.411372142309596,1
7733,オリンパス,2014.5,-1.394001815159646,1
9684,スクウェア・エニックス・ホールディングス,2900.5,-1.3882592928377204,1
7291,日本プラスト,456.0,-1.3876374121463368,0
2488,ＪＴＰ,1427.0,-1.38217000691085,97
9303,住友倉庫,4120.0,-1.3764213046080191,1
8020,兼松,2242.5,-1.372574172149029,1
3097,物語コーポレーション,5490.0,-1.3654329859863457,63
6238,フリュー,1411.0,-1.363159734358616,1
7949,小松ウオール工業,2787.0,-1.3596814629110698,1
3201,日本毛織,1953.0,-1.3596508949856596,58
5108,ブリヂストン,3871.0,-1.3454248123095185,1
5941,中西製作所,2699.0,-1.3252901928525729,1
1762,高松コンストラクショングループ,4085.0,-1.3237354461568236,63
8076,カノークス,2086.0,-1.3225583916428572,1
6250,やまびこ,4300.0,-1.3148458044465765,1
3877,中越パルプ工業,2199.0,-1.3126893301918543,1
3401,帝人,1690.0,-1.3102667980583234,0
1946,トーエネック,2183.0,-1.30567661898476,1
6291,日本エアーテック,1331.0,-1.3007878881507855,1
4769,ＩＣ,1126.0,-1.2894035138985214,1
4623,アサヒペン,1841.0,-1.2581849062506942,1
2594,キーコーヒー,1991.0,-1.2518350989961518,0
7241,フタバ産業,1092.0,-1.2472210708768294,1
8008,ヨンドシーホールディングス,2088.0,-1.2435212738702806,1
4951,エステー,1507.0,-1.2342981977061664,0
5185,フコク,1990.0,-1.2304828869817015,1
4657,環境管理センター,459.0,-1.228369048686448,0
2916,仙波糖化工業,731.0,-1.2268943897957032,0
9616,共立メンテナンス,3223.0,-1.225865767698437,1
5844,京都フィナンシャルグループ,4814.0,-1.22511092682676,1
4680,ラウンドワン,1236.0,-1.2171364824589213,1
8439,東京センチュリー,2640.0,-1.2153197327699723,1
2681,ゲオホールディングス,2322.0,-1.213348535643176,50
1822,大豊建設,818.0,-1.212501811506686,61
4826,ＣＩＪ,533.0,-1.1971885378852314,1
9450,ファイバーゲート,770.0,-1.1711856248997272,1
8255,アクシアル　リテイリング,1284.0,-1.167415009621558,1
5248,テクノロジーズ,504.0,-1.1603203137767646,1
274A,ガーデン,2250.0,-1.1545152617428522,0
4188,三菱ケミカルグループ,1174.0,-1.1541834765830494,1
7122,近畿車輛,2394.0,-1.1509677419354838,1
1375,ユキグニファクトリー,1159.0,-1.1328351588357706,76
7239,タチエス,2326.0,-1.1299635152846226,1
9368,キムラユニティー,942.0,-1.1239886289088166,1
4911,資生堂,3485.0,-1.1230641919848725,1
1518,三井松島ホールディングス,2263.0,-1.1030311505786012,77
8511,日本証券金融,2457.0,-1.0935927541093533,1
212A,フィットイージー,2842.0,-1.0858972574133308,3
7357,ジオコード,1730.0,-1.0816219564492346,1
4979,ＯＡＴアグリオ,2845.0,-1.080752180337849,1
9432,ＮＴＴ,171.60000610351562,-1.076092445375852,1
3974,ＳＣＡＴ,659.0,-1.0758068551413504,1
3467,アグレ都市デザイン,2820.0,-1.0439512237915607,1
2307,クロスキャット,1048.0,-1.04245354283124,61
4619,日本特殊塗料,2650.0,-1.040937310367362,1
6517,デンヨー,4005.0,-1.0398435086996844,1
3920,アイビーシー,980.0,-1.0309278350515505,0
4714,リソー教育グループ,208.0,-1.0309278350515418,1
7504,高速,4545.0,-1.0253153071409062,1
3768,リスクモンスター,556.0,-1.023587004895416,0
6345,アイチ　コーポレーション,1443.0,-1.0231494712775129,1
5928,アルメタックス,287.0,-1.0202615318292794,1
287A,黒田グループ,1150.0,-1.012257264839553,71
8158,ソーダニッカ,1319.0,-1.0069422728125643,1
4183,三井化学,2146.5,-1.0012106770182825,0
4578,大塚ホールディングス,11585.0,-0.981142826617278,1
3396,フェリシモ,859.0,-0.9798270893371758,0
9381,エーアイテイー,2318.0,-0.9701479253075166,1
4544,Ｈ．Ｕ．グループホールディングス,3514.0,-0.960612537285393,1
8061,西華産業,3035.0,-0.950516052706727,1
9010,富士急行,2637.0,-0.940694016184314,1
7570,橋本総業ホールディングス,1397.0,-0.9395497252260238,0
7246,プレス工業,996.0,-0.9324878776575904,1
5237,ノザワ,1206.0,-0.9106470386853756,0
2922,なとり,1977.0,-0.9102026905110407,1
8995,誠建設工業,1834.0,-0.9072694117382242,1
7947,エフピコ,2791.0,-0.9068449783274352,1
4613,関西ペイント,2823.0,-0.9053546094104172,1
3698,ＣＲＩ・ミドルウェア,1201.0,-0.9041839997249568,1
6445,ジャノメ,1372.0,-0.8760046961076493,1
5258,トランザクション・メディア・ネットワークス,425.0,-0.8264462809917399,1
2152,幼児活動研究会,1526.0,-0.8189262966332971,37
4927,ポーラ・オルビスホールディングス,1362.0,-0.8162150681190589,1
6758,ソニーグループ,3759.0,-0.8026741143095864,1
4377,ワンキャリア,2375.0,-0.8005569091541879,1
6292,カワタ,842.0,-0.8001570860536994,1
7921,ＴＡＫＡＲＡ　＆　ＣＯＭＰＡＮＹ,4145.0,-0.787872743592308,1
9326,関通ホールディングス,480.0,-0.7837395573163418,1
8742,小林洋行,580.0,-0.7557393412234358,1
2286,林兼産業,903.0,-0.7517805328409425,30
4728,トーセ,645.0,-0.7501442585112521,0
2816,ダイショー,1405.0,-0.745994518070583,0
6364,ＡＩＲＭＡＮ,2501.0,-0.7457627118644008,1
7476,アズワン,2476.0,-0.7391445967277191,1
4045,東亞合成,1820.0,-0.7340408608503924,1
8001,伊藤忠商事,2207.5,-0.7260973438890779,1
7702,ＪＭＳ,454.0,-0.7198177676537626,0
3123,サイボー,646.0,-0.7131439813107073,33
2876,デルソーレ,469.0,-0.7029132791327899,18
3676,デジタルハーツホールディングス,1049.0,-0.6981422316885576,1
7871,フクビ化学工業,1005.0,-0.6957882168882996,1
5189,櫻護謨,3500.0,-0.6916119879411242,1
9635,武蔵野興業,2550.0,-0.6832086464030062,1
4202,ダイセル,1431.5,-0.6822386679000872,1
8349,東北銀行,1653.0,-0.67598017124831,1
6044,三機サービス,1882.0,-0.6750962067069859,1
7481,尾家産業,2588.0,-0.6700676464473679,1
9991,ジェコス,1775.0,-0.6576185812228907,1
9780,ハリマビステム,1122.0,-0.6383528283089118,1
5533,エリッツホールディングス,2088.0,-0.6364880138004877,1
4665,ダスキン,4645.0,-0.625768839920843,1
7219,エッチ・ケー・エス,2496.0,-0.6221072015129647,1
7902,ソノコム,1107.0,-0.6209321463305222,1
9895,コンセック,1268.0,-0.6139777922926133,1
2818,ピエトロ,1751.0,-0.6107528834801557,0
9434,ソフトバンク,241.1000061035156,-0.6097647322448944,1
2437,Ｓｈｉｎｗａ　Ｗｉｓｅ　Ｈｏｌｄｉｎｇｓ,618.0,-0.6047349459598544,55
5020,ＥＮＥＯＳホールディングス,1385.5,-0.6038141926227112,1
4502,武田薬品工業,5780.0,-0.600467189268983,1
4341,西菱電機,903.0,-0.5962755710485235,1
2767,円谷フィールズホールディングス,2530.0,-0.5925157558897924,58
4441,トビラシステムズ,1482.0,-0.5841741901221404,0
7806,ＭＴＧ,8310.0,-0.5832211754149843,1
5970,ジーテクト,2262.0,-0.5768913795945279,1
3167,ＴＯＫＡＩホールディングス,1325.0,-0.5762823783654037,35
3107,ダイワボウホールディングス,3720.0,-0.5762302355167349,123
5973,トーアミ,610.0,-0.5569895394647405,1
3537,昭栄薬品,1742.0,-0.5471240306389414,1
7939,研創,599.0,-0.5327613644226176,1
6743,大同信号,1034.0,-0.5091608868219614,1
9742,アイネス,2213.0,-0.5039246173732295,1
2907,あじかん,1530.0,-0.4839213237589795,70
6532,ベイカレント,7690.0,-0.4788404296622233,1
2805,ヱスビー食品,7280.0,-0.4757477989828865,96
7267,本田技研工業,1682.0,-0.4745996720947675,1
5391,エーアンドエーマテリアル,1496.0,-0.474012474012474,1
8424,芙蓉総合リース,4447.0,-0.4635113079971954,1
4722,フューチャー,2425.0,-0.4498571746232722,1
4434,サーバーワークス,2440.0,-0.4487964096287229,1
9330,揚羽,884.0,-0.441107461285777,1
9929,平和紙業,471.0,-0.4403734366742958,1
3826,システムインテグレータ,495.0,-0.4358028830036913,1
2060,フィード・ワン,1442.0,-0.4143646408839779,70
3632,グリーホールディングス,418.0,-0.4070286905589154,1
9034,南総通運,1648.0,-0.405408808198822,1
4025,多木化学,5770.0,-0.3812675347097279,1
5186,ニッタ,6700.0,-0.3779195836689221,1
7877,永大化工,2199.0,-0.3697058663621964,62
7872,エステールホールディングス,615.0,-0.3645200486026731,1
7989,立川ブラインド工業,2673.0,-0.3448597259763258,1
4097,高圧ガス工業,1203.0,-0.3348406917739715,1
3490,アズ企画設計,3065.0,-0.3319558295508483,1
3053,ペッパーフードサービス,203.0,-0.3273322422258546,1
9651,日本プロセス,1986.0,-0.313715648136529,1
6964,サンコー,691.0,-0.3125751382543826,1
5261,リソルホールディングス,7640.0,-0.3099005056271407,1
6158,和井田製作所,1024.0,-0.3042472921990994,1
3076,あい　ホールディングス,2972.0,-0.2978986071227325,44
5965,フジマック,1198.0,-0.2947602039047121,1
7864,フジシールインターナショナル,3305.0,-0.2828587591929097,1
7752,リコー,1651.0,-0.281860277833707,1
9104,商船三井,7090.0,-0.2795407795495702,1
3710,ジョルダン,641.0,-0.2787320930835489,1
196A,ＭＦＳ,332.0,-0.2763426649044863,46
4118,カネカ,6078.0,-0.2693722396182347,1
3405,クラレ,1807.5,-0.2643982066904283,1
7072,インティメート・マージャー,1111.0,-0.2618388568863687,1
9101,日本郵船,7212.0,-0.257010153629832,1
7208,カネミツ,1298.0,-0.2529537959079178,1
4684,オービック,4959.0,-0.2505971587813709,1
7515,マルヨシセンター,4600.0,-0.2472134275924803,1
4463,日華化学,1991.0,-0.246336269884351,1
3352,バッファロー,1793.0,-0.2457230284204223,1
1992,神田通信機,2962.0,-0.2399696880394055,1
7670,オーウエル,1221.0,-0.2145265093472264,1
4611,大日本塗料,1559.0,-0.1920614596670934,1
8098,稲畑産業,4440.0,-0.1920104903292345,1
6245,ヒラノテクシード,1823.0,-0.1870693981840621,1
4124,大阪油化工業,2985.0,-0.1825249752685675,1
2464,Ａｏｂａ‐ＢＢＴ,371.0,-0.1722096652674594,47
6357,三精テクノロジーズ,2711.0,-0.1718423959739725,1
6165,パンチ工業,543.0,-0.1608825557343139,1
3058,三洋堂ホールディングス,709.0,-0.1577198220019158,53
7986,日本アイ・エス・ケイ,1914.0,-0.1543243419479605,1
9720,ホテル、ニューグランド,6400.0,-0.1495156991484058,1
4175,ｃｏｌｙ,2888.0,-0.1411900302550117,1
3181,買取王国,1059.0,-0.1320256506978584,122
2121,ＭＩＸＩ,3675.0,-0.1250135884335229,64
3851,日本一ソフトウェア,1389.0,-0.1228390808041411,1
6027,弁護士ドットコム,5210.0,-0.1118389519092448,1
7523,アールビバン,1875.0,-0.1109877913429482,1
7740,タムロン,1357.0,-0.1073520841640284,1
3329,東和フードサービス,2136.0,-0.1052262364082778,1
3800,ユニリタ,1970.0,-0.1035306049145382,1
8132,シナネンホールディングス,7580.0,-0.0988467874794069,1
1793,大本組,2105.0,-0.0987148091197262,98
4248,竹本容器,881.0,-0.0897793318527576,1
4477,ＢＡＳＥ,336.0,-0.0867302688638391,1
479A,ＰＲＯＮＩ,1991.0,-0.0773718659166513,1
9310,日本トランスシティ,1402.0,-0.0712758374910905,1
2997,ストレージ王,1322.0,-0.0665215287856879,55
7177,ＧＭＯフィナンシャルホールディングス,1173.0,-0.0603500301750086,1
9341,ＧＥＮＯＶＡ,625.0,-0.0599640215870477,1
7956,ピジョン,2040.5,-0.0438833722840747,1
3544,サツドラホールディングス,1248.0,-0.0433839479392685,1
4956,コニシ,1479.0,-0.0394255139397301,1
9698,クレオ,1299.0,-0.0338607400110858,67
4247,ポバール興業,1398.0,-0.0327741858594231,1
5658,日亜鋼業,405.0,-0.0205718987862532,1
1721,コムシスホールディングス,5470.0,-0.013892036938199,23
7942,ＪＳＰ,3005.0,-0.0069324090121367,1
9508,九州電力,0.0,0.0,0
4102,丸尾カルシウム,0.0,0.0,0
9867,ソレキア,0.0,0.0,0
4367,広栄化学,0.0,0.0,0
7240,ＮＯＫ,0.0,0.0,0
8283,ＰＡＬＴＡＣ,0.0,0.0,0
2162,ｎｍｓ　ホールディングス,0.0,0.0,0
5922,那須電機鉄工,0.0,0.0,0
6096,レアジョブ,0.0,0.0,0
3480,ジェイ・エス・ビー,0.0,0.0,0
4171,グローバルインフォメーション,0.0,0.0,0
5660,神鋼鋼線工業,0.0,0.0,0
5905,日本製罐,0.0,0.0,0
5903,シンポ,0.0,0.0,0
4365,松本油脂製薬,0.0,0.0,0
9087,タカセ,0.0,0.0,0
1997,暁飯島工業,0.0,0.0,0
3477,フォーライフ,0.0,0.0,0
1909,日本ドライケミカル,0.0,0.0,0
7565,萬世電機,0.0,0.0,0
6392,ヤマダコーポレーション,0.0,0.0,0
4800,オリコン,0.0,0.0,0
7426,山大,0.0,0.0,0
5580,プロディライト,0.0,0.0,0
7082,ジモティー,0.0,0.0,0
2180,サニーサイドアップグループ,0.0,0.0,0
5918,瀧上工業,0.0,0.0,0
4372,ユミルリンク,0.0,0.0,0
9408,ＢＳＮメディアホールディングス,0.0,0.0,0
5966,京都機械工具,0.0,0.0,0
4413,ボードルア,2966.0,0.0028096990812335,1
9976,セキチュー,1092.0,0.0114481969089868,1
5915,駒井ハルテック,2449.0,0.0119110415354972,1
6408,小倉クラッチ,4280.0,0.0243439310579943,1
4678,秀英予備校,332.0,0.025106703489826,1
5015,ビーピー・カストロール,1001.0,0.0291460215680521,1
7792,コラントッテ,1482.0,0.0337495781302733,1
3028,アルペン,2335.0,0.061708291194572,60
3454,ファーストブラザーズ,1270.0,0.0656598818122067,1
2120,ＬＩＦＵＬＬ,234.0,0.0684228532329783,60
6384,昭和真空,1712.0,0.0730673681134005,1
3387,クリエイト・レストランツ・ホールディングス,768.0,0.0760125963731182,1
2831,はごろもフーズ,3690.0,0.0922258992025197,52
9353,櫻島埠頭,2980.0,0.0937679313674672,1
5845,全保連,1217.0,0.0959561343385943,1
3248,アールエイジ,890.0,0.1034777522832545,48
7399,ナンシン,616.0,0.1219016659894351,1
8923,トーセイ,1750.0,0.1311240910716457,1
3989,シェアリングテクノロジー,1546.0,0.1403433013062771,1
3402,東レ,1260.5,0.1489720925613268,1
2483,翻訳センター,2224.0,0.1513077311045521,7
6306,日工,1011.0,0.1692606200718363,1
8045,横浜丸魚,2050.0,0.1751028220059416,1
6063,日本エマージェンシーアシスタンス,1001.0,0.1834862385321139,1
2429,ワールドホールディングス,2842.0,0.1847177766183879,58
7371,Ｚｅｎｋｅｎ,798.0,0.1883239171374764,1
3420,ケー・エフ・シー,1580.0,0.2008244371630954,1
6363,酉島製作所,2957.0,0.2047357496858313,1
2795,日本プリメックス,965.0,0.2118468056824752,9
4634,ａｒｔｉｅｎｃｅ,5090.0,0.2174002215021184,1
6444,サンデン,190.0,0.2197802197802147,1
2154,オープンアップグループ,2016.0,0.2267032573678531,10
3161,アゼアス,672.0,0.2267032573678531,10
3439,三ツ知,679.0,0.2583979328165375,1
5586,Ｌａｂｏｒｏ．ＡＩ,917.0,0.2596692633593002,1
3946,トーモク,4460.0,0.2669664184347337,1
4937,Ｗａｑｏｏ,2390.0,0.2674497876134039,1
9251,ＡＢ＆Ｃｏｍｐａｎｙ,1571.0,0.2739288848700881,1
8032,日本紙パルプ商事,1237.0,0.2803580476270839,1
3926,オープンドア,430.0,0.281799630745307,1
9110,ＮＳユナイテッド海運,10520.0,0.2820034158160283,1
1994,高橋カーテンウォール工業,618.0,0.2839756592292089,1
6770,アルプスアルパイン,2224.5,0.2864629805299027,1
3202,ダイトウボウ,130.0,0.3086419753086464,12
7228,デイトナ,4030.0,0.3163408183373994,1
559A,梅乃宿酒造,1175.0,0.3308784288611378,1
9059,カンダホールディングス,925.0,0.3344481605351211,1
4005,住友化学,580.0999755859375,0.3372786658516029,1
9355,リンコーコーポレーション,2225.0,0.3419895524070871,1
4095,日本パーカライジング,1766.0,0.3432846421553584,1
9890,マキヤ,1432.0,0.3445255474452608,1
6592,マブチモーター,1728.5,0.3459035824000342,1
4044,セントラル硝子,4470.0,0.3460854924703089,1
6325,タカキタ,419.0,0.349266540265438,1
2788,アップルインターナショナル,412.0,0.350740452065471,7
8381,山陰合同銀行,2607.0,0.3609065973726,1
9997,ベルーナ,1068.0,0.3680789411856912,1
3512,日本フエルト,1039.0,0.3783914338620152,1
6310,井関農機,1919.0,0.381421503454593,1
9831,ヤマダホールディングス,713.4000244140625,0.3987456483783426,1
7952,河合楽器製作所,3395.0,0.4004682397880554,1
7868,広済堂ホールディングス,544.0,0.4075982465584934,1
5018,ＭＯＲＥＳＣＯ,2349.0,0.4096462793431476,1
4958,長谷川香料,3365.0,0.4102946661693397,1
6418,日本金銭機械,1245.0,0.4133481197701381,1
575A,前澤ホールディングス,1919.0,0.4295776183519008,1
4896,ケイファーマ,803.0,0.4377736085053158,1
8707,岩井コスモホールディングス,4700.0,0.4407639909175905,1
6062,チャーム・ケア・コーポレーション,1419.0,0.4423995752964077,1
3370,フジタコーポレーション,478.0,0.4465458366167586,1
8173,Ｊｏｓｈｉｎ,4310.0,0.446688677413097,1
2153,Ｅ・Ｊホールディングス,1871.0,0.4509824975840272,52
3276,ＪＰＭＣ,2267.0,0.4537478509012824,59
3934,ベネフィットジャパン,2310.0,0.4620820875237836,1
3010,ポラリス・ホールディングス,191.0,0.4628655585945694,6
3908,コラボス,358.0,0.4677268475210531,1
2664,カワチ薬品,3735.0,0.4680438992898669,92
5187,クリエートメディック,1152.0,0.468767033685817,1
7822,永大産業,258.0,0.4705500567905167,1
6706,電気興業,3325.0,0.5037783375314815,1
8037,カメイ,4725.0,0.5185480654168328,1
4771,エフアンドエム,2734.0,0.5239452155529001,1
1960,サンテック,1685.0,0.5417919709771306,33
9619,イチネンホールディングス,2729.0,0.5480587666374982,1
4633,サカタインクス,2641.0,0.5504703586782423,1
3182,オイシックス・ラ・大地,1664.0,0.5608199574550361,10
8022,美津濃,4085.0,0.5641604267104281,1
7362,Ｔ．Ｓ．Ｉ,880.0,0.5810077150204824,1
7283,愛三工業,2249.0,0.5870185050595405,1
6488,ヨシタケ,1049.0,0.5873187102960565,1
5697,サンユウ,825.0,0.5893111156269097,1
6155,高松機械工業,543.0,0.6021306160259379,1
8157,都築電気,4240.0,0.6329113924050705,1
4205,日本ゼオン,2432.0,0.6474975212312001,1
365A,伊澤タオル,794.0,0.6496593249881161,1
2820,やまみ,6340.0,0.654092843081219,77
7186,横浜フィナンシャルグループ,1923.5,0.6584972308228995,1
6184,鎌倉新書,598.0,0.6663393420775823,1
8750,第一ライフグループ,1876.5,0.6751017123440742,1
7292,村上開明堂,6860.0,0.6787745367822418,1
3241,ウィル,601.0,0.6835086778797897,6
421A,ムービン・ストラテジック・キャリア,3910.0,0.6974997317308763,1
7683,ダブルエー,1421.0,0.7057433928835026,1
3173,Ｃｏｍｉｎｉｘ,1484.0,0.7112221076062774,93
589A,ネイス,1373.0,0.7182810159855789,1
9313,丸八倉庫,1060.0,0.7221588749524809,12
7031,インバウンドテック,695.0,0.7246376811594203,1
1945,東京エネシス,2130.0,0.7397037401388539,1
156A,マテリアルグループ,873.0,0.7431683899556932,10
9274,ＫＰＰグループホールディングス,1116.0,0.7447528774542992,1
5246,ＥＬＥＭＥＮＴＳ,854.0,0.7471490365709836,1
2666,オートウェーブ,188.0,0.7502679528403031,69
2934,ジェイフロンティア,2024.0,0.7586769947629387,68
8066,三谷商事,3560.0,0.7606580576684946,1
6485,前澤給装工業,1672.0,0.765889059086453,1
7199,プレミアグループ,2117.0,0.7735332619302631,1
8609,岡三証券グループ,1237.0,0.7739307535641547,1
8996,ハウスフリーダム,1100.0,0.7748978890712607,1
7839,ＳＨＯＥＩ,2112.0,0.7793860346747329,1
8700,丸八証券,2111.0,0.7797581158497845,1
1840,土屋ホールディングス,257.0,0.8001255098839002,66
8898,センチュリー２１・ジャパン,1150.0,0.8108700416392725,1
4224,ロンシール工業,2140.0,0.8165829145728715,1
4812,電通総研,2862.0,0.8308622765039249,1
9697,カプコン,4340.0,0.8393598791786472,1
7214,ＧＭＢ,1126.0,0.8433465183969022,1
3204,トーア紡コーポレーション,506.0,0.8450255102040835,5
7119,ハルメクホールディングス,1980.0,0.8467562233399121,1
5997,協立エアテック,907.0,0.8524833209784983,1
8095,アステナホールディングス,534.0,0.8657327246970008,1
5162,朝日ラバー,803.0,0.8688370145503983,1
5891,魁力屋,1700.0,0.8702531645569664,1
2892,日本食品化工,4685.0,0.8828596037898364,100
4615,神東塗料,133.0,0.8849557522123821,1
6798,ＳＭＫ,3335.0,0.907715582450832,1
5218,オハラ,1638.0,0.9138515247972024,1
1914,日本基礎技術,814.0,0.9174311926605476,45
3082,きちりホールディングス,990.0,0.9174311926605504,32
8167,リテールパートナーズ,1427.0,0.9193776520509194,1
8075,神鋼商事,3150.0,0.92110532639167,1
3034,クオールホールディングス,2389.0,0.9311521952208724,63
4401,ＡＤＥＫＡ,4605.0,0.9333503808288668,1
9160,オンザページ,334.0,0.9571788413098294,1
6505,東洋電機製造,2451.0,0.9576768612913192,1
9872,北恵,965.0,0.9766306243460104,1
9468,ＫＡＤＯＫＡＷＡ,3698.0,0.9773247016258364,1
6497,ハマイ,1467.0,0.980898296334538,1
6098,リクルートホールディングス,16795.0,0.9921828021647624,1
9268,オプティマスグループ,415.0,1.0039549741405538,1
2752,フジオフードグループ本社,1163.0,1.010978321289614,26
2877,日東ベスト,760.0,1.0584543375352424,7
6396,宇野澤組鐵工所,4670.0,1.073135539724044,1
7314,小田原機器,1330.0,1.089435013934628,1
4712,ＫｅｙＨｏｌｄｅｒ,821.0,1.092812067107896,1
6080,Ｍ＆Ａキャピタルパートナーズ,4235.0,1.099119709553894,1
5975,東プレ,3355.0,1.1049723756906031,1
7953,菊水化学工業,406.0,1.1103040365258852,1
4206,アイカ工業,4224.0,1.1181487207620493,1
4234,サンエー化研,1018.0,1.1300136595057744,1
138A,光フードサービス,3150.0,1.1300886092204898,31
542A,ビタブリッドジャパン,1086.0,1.1369368670210631,1
2782,セリア,4655.0,1.1428819746219443,57
9934,因幡電機産業,3101.0,1.1463635066355946,1
4076,シイエヌエス,2018.0,1.1528822055137844,1
6523,ＰＨＣホールディングス,1430.0,1.1613511760891406,1
8306,三菱ＵＦＪフィナンシャル・グループ,3700.0,1.1712163332270014,1
7604,梅の花グループ,918.0,1.1848994213281896,1
3558,ジェイドグループ,1870.0,1.197321247378746,1
7134,アップガレージグループ,1421.0,1.1988130563798165,1
8150,三信電気,3300.0,1.207590569292697,1
9278,ブックオフグループホールディングス,2894.0,1.2138787287061243,1
7453,良品計画,4192.0,1.230567993157914,1
8739,スパークス・グループ,2645.0,1.2407897674715265,1
4420,イーソル,818.0,1.253287946773944,1
9346,ココルポート,1884.0,1.2585658619608586,1
5195,バンドー化学,2494.0,1.2586276898091755,1
7486,サンリン,820.0,1.2606122974015996,1
8358,スルガ銀行,2940.0,1.2643694656926818,1
1939,四電工,2296.0,1.27564973446019,47
6338,タカトリ,1680.0,1.2912626237250713,1
8131,ミツウロコグループホールディングス,2459.0,1.2924154266000722,1
3623,ビリングシステム,1281.0,1.2981878088962169,1
2109,ＤＭ三井製糖,3840.0,1.30856901646264,52
2349,エヌアイデイ,2523.0,1.3090266623835491,8
2735,ワッツ,726.0,1.3513513513513442,64
4674,クレスコ,1923.0,1.3550016470846562,1
4272,日本化薬,2107.0,1.3650850923086175,1
7509,アイエーグループ,4800.0,1.3816773739329469,1
4093,東邦アセチレン,432.0,1.3886172501466894,1
8410,セブン銀行,345.0,1.4121766583044502,1
416A,富士ユナイトホールディングス,1342.0,1.4137724739443878,1
4919,ミルボン,3260.0,1.4259787399533363,1
7513,コジマ,1463.0,1.4416548695576858,1
9265,ヤマシタヘルスケアホールディングス,3730.0,1.450589301903903,1
3036,アルコニックス,3430.0,1.4612790628882475,47
4286,ＣＬホールディングス,1326.0,1.499011290425458,1
9201,日本航空,3069.0,1.5195683185511382,1
3708,特種東海製紙,2208.0,1.526966184500438,1
7172,ジャパンインベストメントアドバイザー,2145.0,1.5284488709200204,1
4768,大塚商会,3647.0,1.5311804008908687,1
9220,エフビー介護サービス,1309.0,1.5384615384615326,1
7443,横浜魚類,677.0,1.5563472717044815,1
5302,日本カーボン,5130.0,1.5632089090534067,1
8304,あおぞら銀行,3492.0,1.5817606632486092,1
4168,ヤプリ,789.0,1.5934331240946402,1
3113,ＵＮＩＶＡ・Ｏａｋホールディングス,84.0,1.596516690856305,34
3180,ビューティガレージ,1629.0,1.6016765212184758,34
3361,トーエル,910.0,1.6097515585744815,1
8383,鳥取銀行,1976.0,1.6112444292080867,1
2393,日本ケアサプライ,4400.0,1.621322001016209,83
7217,テイン,457.0,1.6214212915778787,1
296A,令和アカウンティング・ホールディングス,1175.0,1.6295322446720106,48
5184,ニチリン,4190.0,1.632219920157671,1
3760,ケイブ,728.0,1.6404886561954626,1
2764,ひらまつ,166.0,1.6409502816556496,40
8542,トマト銀行,1967.0,1.6471804147018927,1
5257,ノバシステム,2895.0,1.647306668227165,1
6218,エンシュウ,660.0,1.649233138676769,1
2479,ジェイテック,264.0,1.6635859519408478,54
8285,三谷産業,811.0,1.6821648730540126,1
4631,ＤＩＣ,4950.0,1.706233359302103,1
3075,銚子丸,1703.0,1.7105043120953738,6
2371,カカクコム,3805.0,1.7227367025258264,114
7807,幸和製作所,881.0,1.72720712051961,1
4761,さくらケーシーエス,1485.0,1.7355560630280833,1
5632,三菱製鋼,2476.0,1.741229647131337,1
5831,しずおかフィナンシャルグループ,3637.0,1.7496823528040335,1
3762,テクマトリックス,2477.0,1.7596713454296538,1
4410,ハリマ化成グループ,1142.0,1.7749721500185736,1
9419,ワイヤレスゲート,301.0,1.7751479289940828,1
6045,レントラックス,2250.0,1.7888446966126863,1
4840,トライアイズ,721.0,1.7942231895993934,1
7167,めぶきフィナンシャルグループ,1718.0,1.8086643044975816,1
6267,ゼネラルパッカー,4120.0,1.82267531665122,1
2914,日本たばこ産業,6986.0,1.8284221696188008,60
7613,シークス,1603.0,1.828961647388904,1
6351,鶴見製作所,2580.0,1.8404302560813144,1
4406,新日本理化,248.0,1.8480492813141685,1
7280,ミツバ,1359.0,1.854974704890388,1
6023,ダイハツインフィニアース,3235.0,1.860355278003731,1
4189,ＫＨネオケム,3370.0,1.8703948611373515,1
4612,日本ペイントホールディングス,1179.5,1.9061504400885576,1
5589,オートサーバー,2970.0,1.9188424032714635,1
7060,ギークス,606.0,1.9272548882192229,1
2894,石井食品,368.0,1.9390581717451525,45
8103,明和産業,999.0,1.9431098260980444,1
4221,大倉工業,5690.0,1.948488241881299,1
9621,建設技術研究所,3290.0,1.9825637713916744,1
9380,東海運,448.0,2.050113895216401,1
7287,日本精機,2760.0,2.069433101684213,1
7827,オービス,1788.0,2.083928061661433,1
4060,ｒａｋｕｍｏ,1230.0,2.120593627841014,1
7276,小糸製作所,2721.5,2.138439525555715,1
6501,日立製作所,5489.0,2.156566244038618,1
6037,楽待,1094.0,2.187281077294317,1
6178,日本郵政,2537.5,2.194925493354813,1
6861,キーエンス,80480.0,2.202232922376852,1
8081,カナデン,2610.0,2.205978331810474,1
7042,アクセスグループ・ホールディングス,701.0,2.211421628189545,1
9130,共栄タンカー,1723.0,2.212225325654403,1
8876,リログループ,2273.0,2.2223887868680365,1
8704,トレイダーズホールディングス,1430.0,2.231092311816741,1
3169,ミサワ,695.0,2.26603884638022,37
3371,ソフトクリエイトホールディングス,2178.0,2.2695257473783137,1
6810,マクセル,2581.0,2.275203909784361,1
173A,ハンモック,1600.0,2.2939416413063007,58
3393,スターティアホールディングス,3150.0,2.317020355132097,1
8308,りそなホールディングス,2549.0,2.336085112789501,1
4360,マナック・ケミカル・パートナーズ,998.0,2.363348861062435,1
8331,千葉銀行,2850.0,2.378350870365664,1
8354,ふくおかフィナンシャルグループ,7988.0,2.382910547396533,1
9889,ＪＢＣＣホールディングス,1728.0,2.3974716673662333,1
2009,鳥越製粉,1131.0,2.4185941214202096,1
4020,ビートレンド,850.0,2.4404941247363663,1
4243,ニックス,1072.0,2.526500358651478,1
6473,ジェイテクト,2143.5,2.561853306485369,1
8697,日本取引所グループ,2297.5,2.564102564102564,1
7537,丸文,1875.0,2.582807121526428,1
2384,ＳＢＳホールディングス,5230.0,2.5973006905210223,35
8399,琉球銀行,3345.0,2.607361963190184,1
9441,ベルパーク,3100.0,2.6263517987199347,1
6513,オリジン,1309.0,2.633126429271474,1
9069,センコーグループホールディングス,2341.0,2.656678238625989,1
4490,ビザスク,677.0,2.679474216380176,1
8365,富山銀行,2424.0,2.691920707489711,1
3103,ユニチカ,1522.0,2.6962835011200803,32
7175,今村証券,2055.0,2.705066533391641,1
7067,ブランディングテクノロジー,1078.0,2.713621465050692,56
4259,エクサウィザーズ,866.0,2.733428896248327,1
9722,藤田観光,2893.0,2.734375,1
7927,ムトー精工,2371.0,2.735200129989709,1
3080,ジェーソン,839.0,2.7380485893416946,61
367A,プリモグローバルホールディングス,2921.0,2.7450865442394163,1
5010,日本精蝋,299.0,2.7491408934707904,1
2224,コモ,3815.0,2.7581748639767305,65
7337,ひろぎんホールディングス,2446.5,2.7716273574585326,1
9960,東テク,4170.0,2.7831981103009102,1
6645,オムロン,6436.0,2.806711614874169,1
9340,アソインターナショナル,804.0,2.8242566343387026,1
9147,ＮＩＰＰＯＮ　ＥＸＰＲＥＳＳホールディングス,5775.0,2.8266191853995104,1
9908,日本電計,2944.0,2.8741154887743514,1
5576,オービーシステム,3095.0,2.875186970250956,1
9064,ヤマトホールディングス,2027.0,2.8879606619785294,1
3444,菊池製作所,1092.0,2.889447236180912,1
9324,安田倉庫,2693.0,2.9008119726158195,1
431A,ユーソナー,2695.0,2.9018709431080563,1
8029,ルックホールディングス,2750.0,2.904719584639132,1
7619,田中商事,1011.0,2.9225874867444364,1
4763,クリーク・アンド・リバー社,1543.0,2.9295680693757347,1
4012,アクシス,1785.0,2.9337562171123768,1
7162,アストマックス,295.0,2.9518685473316784,1
6947,図研,5100.0,2.9739620577966663,1
6820,アイコム,3730.0,2.985332182916307,1
7832,バンダイナムコホールディングス,5719.0,3.0141098769138344,1
4021,日産化学,8336.0,3.019036977152542,1
9726,ＫＮＴ－ＣＴホールディングス,2013.0,3.0194472876151486,1
7192,日本モーゲージサービス,697.0,3.02395762764058,1
2489,アドウェイズ,425.0,3.025307863861151,72
5830,いよぎんホールディングス,4014.0,3.0540965543800382,1
9702,アイ・エス・ビー,2500.0,3.137086377309835,1
9215,ＣａＳｙ,1017.0,3.15273434198293,1
5019,出光興産,1590.5,3.1856947842188545,1
6138,ダイジェット工業,2072.0,3.197957955465163,1
9902,日伝,3225.0,3.213761834911316,1
4167,ココペリ,342.0,3.2193158953722394,1
9204,スカイマーク,437.0,3.258836270552333,1
5971,共和工業所,8850.0,3.2872981910134143,1
3600,フジックス,1800.0,3.2986708904345443,68
9563,Ａｔｌａｓ　Ｔｅｃｈｎｏｌｏｇｉｅｓ,357.0,3.3160496804533888,1
4088,エア・ウォーター,2920.0,3.329303175960608,1
6391,加地テック,4930.0,3.3452703292863943,1
6857,アドバンテスト,34260.0,3.354911696310736,1
5575,Ｇｌｏｂｅｅ,1212.0,3.35785097537576,1
8337,千葉興業銀行,2805.0,3.368854221048424,1
8713,フィデアホールディングス,2894.0,3.3694487438980887,1
8411,みずほフィナンシャルグループ,8855.0,3.389393489756892,1
8013,ナイガイ,380.0,3.3896383629973874,1
7438,コンドーテック,1786.0,3.413833868127091,1
5532,リアルゲイト,3600.0,3.4297001256958164,1
4228,積水化成品工業,618.0,3.430962343096234,1
4361,川口化学工業,1646.0,3.43256617704815,1
3968,セグエグループ,667.0,3.437580770224858,1
2810,ハウス食品グループ本社,4045.0,3.4516270933289697,98
7131,のむら産業,3845.0,3.4761157210136764,1
6360,東京自働機械製作所,4890.0,3.478375876206851,1
3633,ＧＭＯペパボ,2660.0,3.5170501532324754,1
6301,小松製作所,7633.0,3.566178964745253,1
6333,ＴＥＩＫＯＫＵ,3580.0,3.5929587653725537,1
6752,パナソニック　ホールディングス,4490.0,3.6004422439071355,1
7189,西日本フィナンシャルホールディングス,5072.0,3.601824742969967,1
6850,チノー,1780.0,3.608847497089639,1
4016,ＭＩＴホールディングス,1088.0,3.6272720057147314,1
6724,セイコーエプソン,3274.0,3.6827868311671126,1
3498,霞ヶ関キャピタル,7760.0,3.685558401068919,1
8522,名古屋銀行,7420.0,3.7399510660608177,1
5142,アキレス,1921.0,3.742040008100632,1
2146,ＵＴグループ,241.0,3.771960041336544,37
8147,トミタ,1475.0,3.7757973733583543,1
6302,住友重機械工業,5996.0,3.7991301023536233,1
5388,クニミネ工業,1410.0,3.83871858602596,1
7128,ユニソルホールディングス,2925.0,3.84922630847066,1
6470,大豊工業,1155.0,3.8591232671412574,1
9928,ミロク情報サービス,2114.0,3.882063882063882,1
2124,ジェイエイシーリクルートメント,1042.0,3.8841920561493097,58
9820,エムティジェネックス,3945.0,3.901234567901234,1
8159,立花エレテック,4275.0,3.90925663358314,1
4847,インテリジェント　ウェイブ,1462.0,3.915180951252734,1
9339,コーチ・エィ,1489.0,3.938107149089645,1
5363,東京窯業,719.0,3.964333052174955,1
2597,ユニカフェ,1310.0,3.984759485632644,128
5027,ＡｎｙＭｉｎｄ　Ｇｒｏｕｐ,805.0,4.016366964574141,1
9507,四国電力,2182.5,4.020414850413552,1
5962,浅香工業,2160.0,4.073397442332007,1
6958,日本シイエムケイ,792.0,4.1648399824638265,1
6508,明電舎,11540.0,4.167293515871816,1
6776,天昇電気工業,299.0,4.196311891970385,1
7366,ＬＩＴＡＬＩＣＯ,1938.0,4.212224412977232,1
9304,澁澤倉庫,2197.0,4.213771839671128,1
5572,Ｒｉｄｇｅ－ｉ,3070.0,4.238582989078156,1
9913,日邦産業,3735.0,4.244679613908599,1
3864,三菱製紙,1249.0,4.275228719518552,1
3054,ハイパー,385.0,4.300711141212327,1
4902,コニカミノルタ,671.7000122070312,4.313391935961356,1
7713,シグマ光機,2480.0,4.318564217610762,1
7350,おきなわフィナンシャルグループ,8170.0,4.3311695221879365,1
7075,ＱＬＳホールディングス,1006.0,4.334298431355599,1
6340,澁谷工業,5560.0,4.404976136452541,1
7609,ダイトロン,4205.0,4.472049689440994,1
6875,メガチップス,11240.0,4.473103288021378,1
6652,ＩＤＥＣ,3825.0,4.484407011154104,1
6788,日本トリム,5250.0,4.538289222600189,1
4629,大伸化学,2480.0,4.623692203847448,37
9165,クオルテック,1825.0,4.626997587368316,1
8927,明豊エンタープライズ,509.0,4.6338329764454,1
6915,千代田インテグレ,3620.0,4.643179765130984,1
4415,ブロードエンタープライズ,1457.0,4.669540229885057,1
7847,グラファイトデザイン,685.0,4.673373233159308,1
6898,トミタ電機,4860.0,4.6802782140453285,1
3793,ドリコム,548.0,4.688370612114933,1
2175,エス・エム・エス,2675.0,4.704869265695937,168
5985,サンコール,2297.0,4.73440231020595,1
6460,セガサミーホールディングス,3327.0,4.748224089415376,1
7726,黒田精工,1449.0,4.753298391469365,1
8364,清水銀行,3315.0,4.794520547945201,1
4493,サイバーセキュリティクラウド,1967.0,4.799538249789101,1
8544,京葉銀行,2980.0,4.904951889227887,1
4092,日本化学工業,5670.0,4.919043947571312,1
9236,ジャパンＭ＆Ａソリューション,1462.0,4.934505652251929,1
7774,ジャパン・ティッシュエンジニアリング,894.0,4.93470924830048,1
4849,エン,1747.0,4.93805531222625,1
3850,エヌ・ティ・ティ・データ・イントラマート,3940.0,4.950055493895675,1
3766,システムズ・デザイン,1521.0,4.978000172547667,1
7997,くろがね工作所,1143.0,5.014929944108407,1
4565,ネクセラファーマ,1249.0,5.020495392915945,1
7630,壱番屋,1115.0,5.052408432457897,1
3513,イチカワ,3665.0,5.102162743457996,1
189A,Ｄ＆Ｍカンパニー,1090.0,5.155514393763994,72
9824,泉州電業,7990.0,5.16617308325107,1
6091,ウエスコホールディングス,968.0,5.174521254923265,1
8918,ランド,11.0,5.17928286852589,1
4040,南海化学,4110.0,5.182341650671785,1
6794,フォスター電機,3225.0,5.293229400481573,1
4238,ミライアル,1973.0,5.31559983986477,1
9344,アクシスコンサルティング,1388.0,5.334387351778662,1
5337,ダントーホールディングス,880.0,5.336658354114718,1
2984,ヤマイチエステート,809.0,5.387942264603201,63
5820,三ッ星,897.0,5.446708463949848,1
3187,ミラタップ,402.0,5.47858942065491,61
2492,インフォマート,720.0,5.522335561027076,59
7743,シード,793.0,5.5574043261231285,1
5208,有沢製作所,2770.0,5.584143319992377,1
8359,八十二長野銀行,2870.5,5.614790853831466,1
8085,ナラサキ産業,4485.0,5.664081672720141,1
8600,トモニホールディングス,1207.0,5.707196029776681,1
7510,たけびし,2913.0,5.707848859186228,1
1897,金下建設,3620.0,5.730474910917689,35
3979,うるる,472.0,5.74068888266592,1
7182,ゆうちょ銀行,3502.0,5.742036133058221,1
6994,指月電機製作所,1251.0,5.751822760734042,1
8395,佐賀銀行,7000.0,5.800113357264312,1
4475,ＨＥＮＮＧＥ,1775.0,5.827992249217469,1
7856,萩原工業,2079.0,5.916066993568108,1
6570,共和コーポレーション,4000.0,5.931034482758625,1
3628,データホライゾン,693.0,5.936305732484082,1
477A,スタートライン,849.0,5.9374025163772535,1
8714,池田泉州ホールディングス,1154.0,5.964724337146567,1
7567,栄電子,649.0,5.988023952095802,1
8563,大東銀行,1240.0,6.00178094390026,1
8524,北洋銀行,1391.0,6.044915981067952,1
7381,ＣＣＩグループ,1372.0,6.089309878213803,1
4119,日本ピグメントホールディングス,6360.0,6.1031558459613455,1
5254,Ａｒｅｎｔ,4345.0,6.159014557670776,1
5832,ちゅうぎんフィナンシャルグループ,3791.0,6.204111172069248,1
8558,東和銀行,1586.0,6.220175805776475,1
6943,ＮＫＫスイッチズ,6010.0,6.34815306348153,1
9982,タキヒヨー,2807.0,6.379484588175853,1
5031,モイ,385.0,6.562103563602808,1
269A,Ｓａｐｅｅｔ,3025.0,6.611686755480366,48
5029,サークレイス,971.0,6.625183016105423,1
6182,メタリアル,549.0,6.6796210833130925,1
4064,日本カーバイド工業,3715.0,6.714542190305206,1
6742,京三製作所,1106.0,6.752463301829874,1
6018,阪神内燃機工業,6450.0,6.883932886832844,1
5381,マイポックス,1042.0,6.976943149249267,1
5942,日本フイルコン,689.0,7.00834789361289,1
6647,森尾電機,3815.0,7.162921348314606,1
4625,アトミクス,910.0,7.179663345929238,1
2970,ＧＬＣ　ＧＲＯＵＰ,1175.0,7.255002190740472,28
7327,第四北越フィナンシャルグループ,2826.0,7.263842102766048,1
8368,百五銀行,2594.0,7.321277732765612,1
2760,東京エレクトロン　デバイス,4510.0,7.719499379000664,12
6258,平田機工,3835.0,7.76255707762557,1
219A,Ｈｅａｒｔｓｅｅｄ,2615.0,7.810155180659314,38
4371,コアコンセプト・テクノロジー,1557.0,7.865946944548688,1
6912,菊水ホールディングス,2727.0,7.89139644911888,1
7184,富山第一銀行,3690.0,7.914458051544507,1
7435,ナ・デックス,1418.0,7.976394441271655,1
8562,福島銀行,417.0,8.089426503942105,1
6104,芝浦機械,4810.0,8.145580589254774,1
4616,川上塗料,2597.0,8.165142391059119,1
5121,藤倉コンポジット,2975.0,8.219531048698794,1
546A,ＭＩＲＡＩＮＩホールディングス,2622.0,8.246465063474043,1
6194,アトラエ,950.0,8.323831242873432,1
4968,荒川化学工業,2365.0,8.335082930925894,1
4620,藤倉化成,1071.0,8.423672333066188,1
8418,山口フィナンシャルグループ,3535.0,8.454989389716978,1
6694,ズーム,854.0,8.524833209785031,1
3179,シュッピン,1329.0,8.553598849936291,10
3020,アプライド,4985.0,8.563090726948033,68
4627,ナトコ,2090.0,8.625506204387461,1
6638,ミマキエンジニアリング,2174.0,8.634366736763209,1
3422,Ｊ－ＭＡＸ,669.0,8.640638744164022,1
304A,フォルシア,2150.0,8.668182966894111,1
2737,トーメンデバイス,38300.0,8.757383007723762,41
6337,テセック,3685.0,8.849230769230774,1
8550,栃木銀行,1196.0,8.892261001517458,1
7976,三菱鉛筆,3470.0,8.938218635132843,1
5367,ニッカトー,1463.0,9.02316338570452,1
8334,群馬銀行,3168.0,9.081518464319531,1
276A,ククレブ・アドバイザーズ,4370.0,9.108159392789378,61
8137,サンワテクノス,4750.0,9.11179173047474,1
7480,スズデン,3830.0,9.136242208370437,1
6840,ＡＫＩＢＡホールディングス,866.0,9.15393099101938,1
4258,網屋,5330.0,9.267959340565469,1
7180,九州フィナンシャルグループ,1765.0,9.289335517744032,1
3040,ソリトンシステムズ,2634.0,9.39106058246379,1
558A,ＳＱＵＥＥＺＥ,6410.0,9.416785206258895,1
5998,アドバネクス,2994.0,9.508206714723324,1
4461,第一工業製薬,14480.0,9.5448241079309,1
460A,ＢＲＡＮＵ,1213.0,9.62081560417215,1
6668,アドテック　プラズマ　テクノロジー,4405.0,9.91890205864005,1
319A,技術承継機構,22520.0,9.928731816850531,40
6524,湖北工業,5450.0,9.989909182643794,1
9366,サンリツ,1279.0,10.025448940822258,1
6928,エノモト,3290.0,10.03651160846178,1
6837,京写,414.0,10.179640718562874,1
8537,大光銀行,3470.0,10.2287166454892,1
5986,モリテック　スチール,288.0,10.274409700063808,1
7384,プロクレアホールディングス,5500.0,10.363279127126786,1
8541,愛媛銀行,3615.0,10.374658100629723,1
8154,加賀電子,5540.0,10.422722365252062,1
7727,オーバル,949.0,10.445155659004946,1
8338,筑波銀行,824.0,10.49896630720232,1
4409,東邦化学工業,880.0,10.546977231091342,1
8362,福井銀行,8170.0,10.62341325811001,1
6998,日本タングステン,3975.0,10.640765439257752,1
5537,ＡｌｂａＬｉｎｋ,3795.0,10.742294364399052,1
2531,宝ホールディングス,2653.5,10.74985183268362,19
7811,中本パックス,2297.0,10.850156840665978,1
4203,住友ベークライト,8411.0,10.904535864978902,1
7883,サンメッセ,458.0,11.210036422501018,1
3156,レスター,6090.0,11.571156382822814,44
4376,くふうカンパニーホールディングス,190.0,11.792105908310852,1
446A,ノースサンド,2395.0,12.027129743319884,1
3132,マクニカホールディングス,4232.0,12.070335257666445,41
5033,ヌーラボ,1250.0,12.124383315891771,1
7867,タカラトミー,4252.0,12.191207027341983,1
8104,クワザワホールディングス,823.0,12.438094153811118,1
4389,プロパティデータバンク,1197.0,12.4603640634175,1
4417,グローバルセキュリティエキスパート,5470.0,12.469479545941308,1
8346,東邦銀行,1135.0,12.636453853787632,1
4053,Ｓｕｎ　Ａｓｔｅｒｉｓｋ,532.0,12.751677852348998,1
7826,フルヤ金属,11520.0,12.885840274375306,1
7161,じもとホールディングス,691.0,13.070157496420537,1
9308,乾汽船,2479.0,13.345144881979769,1
135A,ＶＲＡＩＮ　Ｓｏｌｕｔｉｏｎ,5040.0,13.39092872570194,16
6769,ザインエレクトロニクス,1323.0,13.464837049742709,1
3177,ありがとうサービス,5060.0,13.468179575727683,59
3560,ほぼ日,5140.0,13.55979011322839,1
4588,オンコリスバイオファーマ,5930.0,13.637815394442676,1
3105,日清紡ホールディングス,2643.0,14.029562261090152,8
1827,ナカノフドー建設,1580.0,14.49939126905907,25
9632,スバル興業,4170.0,14.50145872661747,1
7083,ＡＨＣグループ,1301.0,15.452024403771492,1
6890,フェローテック,10760.0,15.662650602409649,1
428A,サイプレス・ホールディングス,1828.0,16.072704182871654,1
3077,ホリイフードサービス,1475.0,16.086888084369598,68
5256,Ｆｕｓｉｃ,3295.0,16.60964964020291,1
1848,富士ピー・エス,917.0,17.000102072062877,78
5252,日本ナレッジ,1010.0,17.367936861472916,1
4972,綜研化学,4575.0,17.389212594216076,1
9082,大和自動車交通,2623.0,17.526697035322222,1
4967,小林製薬,6945.0,17.841689997454825,1
8344,山形銀行,5740.0,17.950254719808218,1
3374,内外テック,4915.0,18.007202881152462,1
6440,ＪＵＫＩ,867.0,18.834951456310677,1
5136,ｔｒｉｐｌａ,2510.0,19.282404657241297,1
4174,アピリッツ,1130.0,19.418758256274767,1
6918,アバールデータ,4385.0,19.44160708205652,1
3131,シンデン・ハイテックス,7960.0,19.91563724013257,41
7624,ＮａＩＴＯ,192.0,20.093823299452698,1
6599,エブレン,4535.0,20.1457114471796,1
4100,戸田工業,2000.0,20.624230392280044,1
5301,東海カーボン,2335.5,20.70287264740083,1
8387,四国銀行,4775.0,20.72053091751817,1
7475,アルビス,3765.0,21.088672393229977,1
7256,河西工業,548.0,21.12727942530852,1
6862,ミナトホールディングス,5180.0,21.5843520782396,1
5243,ｎｏｔｅ,3570.0,21.631980920473577,1
336A,ダイナミックマッププラットフォーム,1586.0,21.7814179677502,1
6203,豊和工業,2444.0,21.93834064403467,1
3652,ディジタルメディアプロフェッショナル,3250.0,22.96051075904469,1
6317,北川鉄工所,2553.0,24.379846534854444,1
2962,テクニスコ,2225.0,24.44628395006488,38
4933,Ｉ－ｎｅ,2124.0,25.423812218586235,1
142A,ジンジブ,1103.0,25.93049276156551,45
6977,日本抵抗器製作所,1895.0,26.21413109840705,1
4440,ヴィッツ,2497.0,26.451721809588115,1
6191,エアトリ,1422.0,28.344176601105648,1
7552,ハピネット,5190.0,32.50359023456199,1
4052,フィーチャ,1149.0,33.72126854815246,1
5542,新報国マテリアル,1349.0,33.890244406765646,1
8848,レオパレス２１,1022.0,33.96690152384074,1
4436,ミンカブ・ジ・インフォノイド,692.0,45.9017833611526,1
6904,原田工業,954.0,46.020408163265294,1
7133,ＨＹＵＧＡ　ＰＲＩＭＡＲＹ　ＣＡＲＥ,2103.0,54.4761729868699,1
6533,Ｏｒｃｈｅｓｔｒａ　Ｈｏｌｄｉｎｇｓ,1881.0,54.99021526418787,1
