Ticker,銘柄名,終値,DR75,75SMA越
8267,イオン,1784.0,-61.710712701569626,0
7138,ＴＯＲＩＣＯ,448.0,-53.94926195468936,0
7818,トランザクション,1226.0,-50.14963242469585,0
7453,良品計画,3290.0,-49.50125593483658,0
3387,クリエイト・レストランツ・ホールディングス,827.0,-43.53612686506022,0
9556,ＩＮＴＬＯＯＰ,3720.0,-42.03440538519072,0
3498,霞ヶ関キャピタル,9100.0,-41.61926350455498,0
3399,丸千代山岡家,3640.0,-38.362891299685046,0
5290,ベルテクスコーポレーション,1594.0,-35.17865856964702,0
387A,フラー,2577.0,-24.474294785688123,0
4598,Ｄｅｌｔａ－Ｆｌｙ　Ｐｈａｒｍａ,570.0,-12.289700451374642,0
7063,Ｂｉｒｄｍａｎ,255.0,-11.955621029371144,0
2492,インフォマート,363.0,-11.76756546538761,0
7012,川崎重工業,9305.0,-8.99886032604586,0
3913,ＧｒｅｅｎＢｅｅ,1007.0,-8.370134912161507,0
4488,ＡＩ　ｉｎｓｉｄｅ,3180.0,-8.293215620530013,0
3815,メディア工房,525.0,-8.015231509601458,0
2999,ホームポジション,494.0,-7.959457445222839,0
6947,図研,4985.0,-7.818336476940718,0
4418,ＪＤＳＣ,1025.0,-7.787253949404437,0
6507,シンフォニアテクノロジー,7980.0,-7.738554031139208,0
6666,リバーエレテック,435.0,-7.509780574927707,0
4612,日本ペイントホールディングス,1076.0,-6.774178642391761,0
3983,オロ,2689.0,-6.535017796233131,0
4584,キッズウェル・バイオ,242.0,-6.452942995567465,0
6965,浜松ホトニクス,1565.0,-6.318884660030822,0
3686,ディー・エル・イー,143.0,-6.061136901112372,0
4347,ブロードメディア,1721.0,-5.894575678040242,0
3931,バリューゴルフ,1655.0,-5.798201343300567,0
5258,トランザクション・メディア・ネットワークス,424.0,-5.772193907787133,0
6638,ミマキエンジニアリング,1800.0,-5.6049672763886615,0
3010,ポラリス・ホールディングス,208.0,-5.4889131225009145,0
4978,リプロセル,178.0,-5.480033984706878,0
7035,ａｎｄ　ｆａｃｔｏｒｙ,266.0,-5.400919910853999,0
9600,アイネット,1773.0,-5.148616550041728,0
9628,燦ホールディングス,1457.0,-4.994783515910271,0
9327,イー・ロジット,342.0,-4.978884196488113,0
6078,バリューＨＲ,1545.0,-4.973757585697878,0
6103,オークマ,3530.0,-4.868846568451308,0
250A,シマダヤ,1739.0,-4.856911506167795,0
9345,ビズメイツ,2219.0,-4.822226161949481,0
9168,ライズ・コンサルティング・グループ,1080.0,-4.698033955737532,0
5891,魁力屋,1867.0,-4.354508196721311,0
6050,イー・ガーディアン,1984.0,-4.303758392714728,0
3529,アツギ,1130.0,-4.236206058825524,0
3426,アトムリビンテック,1395.0,-4.082732476027648,0
4391,ロジザード,1216.0,-3.995957724535762,0
5574,ＡＢＥＪＡ,3355.0,-3.9899726039941714,0
3421,稲葉製作所,1719.0,-3.8698132199977655,0
3622,ネットイヤーグループ,600.0,-3.85437142124604,0
6544,ジャパンエレベーターサービスホールディングス,3785.0,-3.85266723116003,0
6837,京写,365.0,-3.8495311018229104,0
9435,光通信,39470.0,-3.836783222235223,0
5363,東京窯業,535.0,-3.834631515877777,0
4165,プレイド,1118.0,-3.827405461823437,0
7162,アストマックス,239.0,-3.742884759961332,0
3069,ＪＦＬＡホールディングス,160.0,-3.714996389312372,0
3967,エルテス,683.0,-3.643580000752423,0
4766,ピーエイ,270.0,-3.594382289930968,0
3035,ケイティケイ,633.0,-3.472744647540814,0
4651,サニックスホールディングス,241.0,-3.404232578024799,0
3909,ショーケース,319.0,-3.3918837068443333,0
4593,ヘリオス,490.0,-3.368304803975701,0
4935,リベルタ,2195.0,-3.3255426101663064,0
9127,玉井商船,2225.0,-3.304032402927388,0
7943,ニチハ,2929.0,-3.2954600481596805,0
8209,フレンドリー,366.0,-2.8306963728339323,0
4743,アイティフォー,1449.0,-2.7394930908570165,0
6564,ミダックホールディングス,2011.0,-2.624443153205492,0
4684,オービック,5252.0,-2.605831781801466,0
4553,東和薬品,2975.0,-2.604630454140693,0
3655,ブレインパッド,1274.0,-2.603359699910296,0
2686,ジーフット,278.0,-2.597402597402605,0
5707,東邦亜鉛,673.0,-2.5522713670675907,0
2659,サンエー,2884.0,-2.5394708384399065,0
143A,イシン,1012.0,-2.513582593729522,0
4293,セプテーニ・ホールディングス,403.0,-2.4716853279984456,0
2820,やまみ,4740.0,-2.428983120625772,0
3753,フライトソリューションズ,222.0,-2.3746701846965723,0
8279,ヤオコー,9308.0,-2.3682789909291047,0
3675,クロス・マーケティンググループ,709.0,-2.363115566817226,0
4889,レナサイエンス,2211.0,-2.34674047464813,0
373A,リップス,3435.0,-2.213034195275702,0
2003,日東富士製粉,7060.0,-2.138355480806547,0
7077,ＡＬｉＮＫインターネット,1055.0,-2.0378601230639752,0
5698,エンビプロ・ホールディングス,490.0,-2.0182899192150745,0
2798,ワイズテーブルコーポレーション,2902.0,-1.898919603539116,0
6460,セガサミーホールディングス,3071.0,-1.8517453195011744,0
3349,コスモス薬品,9036.0,-1.8426411672860985,0
2502,アサヒグループホールディングス,1874.0,-1.8149048537178356,0
6071,ＩＢＪ,807.0,-1.7977382246523752,0
7531,清和中央ホールディングス,1662.0,-1.7784676968173496,0
1776,三井住建道路,1473.0,-1.6977656763033593,0
4180,Ａｐｐｉｅｒ　Ｇｒｏｕｐ,1499.0,-1.6946040240287452,0
6315,ＴＯＷＡ,1717.0,-1.6579353321216406,0
2195,アミタホールディングス,366.0,-1.5423242467718834,0
6668,アドテック　プラズマ　テクノロジー,1291.0,-1.521546770272885,0
2181,パーソルホールディングス,276.1000061035156,-1.4876145529622211,0
8014,蝶理,3855.0,-1.482238691541017,0
9908,日本電計,2061.0,-1.459556899459211,0
4178,Ｓｈａｒｉｎｇ　Ｉｎｎｏｖａｔｉｏｎｓ,786.0,-1.4279981272155695,0
3065,ライフフーズ,1640.0,-1.407547532783999,0
6247,日阪製作所,1347.0,-1.3966971187631712,0
3905,データセクション,2322.0,-1.384523910642993,0
3989,シェアリングテクノロジー,1085.0,-1.3397187196896232,0
1491,中外鉱業,55.0,-1.3393924898349732,0
9072,ニッコンホールディングス,3231.0,-1.2184384095485823,0
6237,イワキポンプ,2487.0,-1.180378590009158,0
4393,バンク・オブ・イノベーション,10860.0,-0.9606031128404724,0
6699,ダイヤモンドエレクトリックホールディングス,580.0,-0.9585391953735132,0
4288,アズジェント,543.0,-0.9485589201021608,0
8871,ゴールドクレスト,3385.0,-0.9480891906127492,0
4958,長谷川香料,2958.0,-0.9416902200849224,0
9466,アイドママーケティングコミュニケーション,247.0,-0.941126142987005,0
9661,歌舞伎座,4570.0,-0.8461705359080061,0
4427,ＥｄｕＬａｂ,372.0,-0.831733845169547,0
7522,ワタミ,1010.0,-0.8161369517616639,0
7840,フランスベッドホールディングス,1264.0,-0.7693515465536155,0
4629,大伸化学,1511.0,-0.765906085536528,0
4676,フジ・メディア・ホールディングス,3227.0,-0.7101363658740686,0
3929,ソーシャルワイヤー,249.0,-0.7071458953636779,0
5969,ロブテックス,1218.0,-0.6968072963659454,0
6964,サンコー,568.0,-0.6946085148608511,0
4678,秀英予備校,294.0,-0.6801495428133827,0
3182,オイシックス・ラ・大地,1679.0,-0.5872939670347281,0
2927,ＡＦＣ－ＨＤアムスライフサイエンス,866.0,-0.5801405195242486,0
6750,エレコム,1829.0,-0.5322350245451692,0
2388,ウェッジホールディングス,82.0,-0.4693316070561623,0
9755,応用地質,2943.0,-0.4290044930438964,0
2138,クルーズ,632.0,-0.4013363871320141,0
3548,バロックジャパンリミテッド,782.0,-0.3990829583085666,0
3668,コロプラ,514.0,-0.3798744088689116,0
4307,野村総合研究所,5759.0,-0.3442412272707363,0
4733,オービックビジネスコンサルタント,8369.0,-0.343738092213897,0
3168,ＭＥＲＦ,553.0,-0.3436013263491707,0
8018,三共生興,625.0,-0.3104995640245924,0
4326,インテージホールディングス,1825.0,-0.2957437664352721,0
4403,日油,2740.0,-0.2872503542107443,0
5699,イボキン,1366.0,-0.246341392169646,0
9424,日本通信,160.0,-0.2410840468866839,0
9414,日本ＢＳ放送,922.0,-0.2394829476599955,0
6501,日立製作所,4114.0,-0.1992457126592139,0
2186,ソーバル,931.0,-0.1929674099485371,0
7513,コジマ,1178.0,-0.1763506859354566,0
4777,ガーラ,233.0,-0.1599725761298069,0
9221,フルハシＥＰＯ,1100.0,-0.1379911395163031,0
4615,神東塗料,132.0,-0.1311409260567029,0
7445,ライトオン,306.0,-0.1190948789201989,0
9972,アルテック,241.0,-0.1105277701022436,0
5947,リンナイ,3688.0,-0.1068993412689253,0
8066,三谷商事,2167.0,-0.0313699439031515,0
7937,ツツミ,2235.0,-0.025645919316742,0
5252,日本ナレッジ,0.0,0.0,0
9313,丸八倉庫,0.0,0.0,0
6346,キクカワエンタープライズ,0.0,0.0,0
6755,富士通ゼネラル,0.0,0.0,0
7623,サンオータス,0.0,0.0,0
3347,トラスト,0.0,0.0,0
9537,北陸瓦斯,0.0,0.0,0
8208,エンチョー,0.0,0.0,0
7515,マルヨシセンター,0.0,0.0,0
7677,ヤシマキザイ,0.0,0.0,0
7958,天馬,0.0,0.0,0
7877,永大化工,0.0,0.0,0
4551,鳥居薬品,0.0,0.0,0
9049,京福電気鉄道,0.0,0.0,0
7446,東北化学薬品,0.0,0.0,0
5990,スーパーツール,0.0,0.0,0
6977,日本抵抗器製作所,0.0,0.0,0
7376,ＢＣＣ,0.0,0.0,0
3184,ＩＣＤＡホールディングス,0.0,0.0,0
2196,エスクリ,231.0,0.0115453443398967,5
202A,豆蔵デジタルホールディングス,1721.0,0.0185972987423539,75
3497,ＬｅＴｅｃｈ,1495.0,0.033009778031547,7
9360,鈴与シンワート,3005.0,0.0577149326289081,98
2376,サイネックス,796.0,0.1006036217303765,11
6239,ナガオカ,1398.0,0.1088450962419785,86
3409,北紡,218.0,0.1224739742804714,1
4375,セーフィー,1021.0,0.1530251903005518,70
7183,あんしん保証,165.0,0.1537714470702474,9
6863,ニレコ,1947.0,0.1556948654988396,5
6118,アイダエンジニアリング,924.0,0.2067758867504343,26
1724,シンクレイヤ,653.0,0.2148557397176146,1
5962,浅香工業,1602.0,0.2444579790917563,7
9625,セレスポ,1078.0,0.2616599908232935,47
3903,ｇｕｍｉ,616.0,0.2691205833839701,2
3402,東レ,993.0999755859376,0.2862510778940627,3
6049,イトクロ,289.0,0.3007866728366523,6
1992,神田通信機,2758.0,0.3113361266294207,56
2767,円谷フィールズホールディングス,2128.0,0.3249875850970923,1
5982,マルゼン,3490.0,0.3296408448004915,46
7637,白銅,2311.0,0.3311085769856334,4
2669,カネ美食品,3295.0,0.3349573690621193,59
9362,兵機海運,3555.0,0.3424721976553792,64
9554,ＡＶｉＣ,2091.0,0.3583655969026987,98
7049,識学,870.0,0.3784382499538458,30
7093,アディッシュ,590.0,0.3879398352957144,4
7815,東京ボード工業,606.0,0.3953966115173051,1
3911,Ａｉｍｉｎｇ,264.0,0.4107713372889031,21
6141,ＤＭＧ森精機,3235.0,0.4149034133824495,79
7760,ＩＭＶ,1795.0,0.4207040078770102,26
7078,ＩＮＣＬＵＳＩＶＥ,530.0,0.4218982896698118,75
7980,重松製作所,814.0,0.4243979470983092,1
7928,旭化学工業,606.0,0.428672441223269,48
5035,ＨＯＵＳＥＩ,498.0,0.4302231782737279,4
3396,フェリシモ,843.0,0.45281220209723,87
4091,日本酸素ホールディングス,5412.0,0.4648261728321718,93
3566,ユニフォームネクスト,592.0,0.4729469801543244,2
9029,ヒガシホールディングス,1644.0,0.4734393207245824,94
4951,エステー,1572.0,0.4755330572173681,89
3386,コスモ・バイオ,1174.0,0.5114038492271887,7
7514,ヒマラヤ,865.0,0.5308455836160368,1
1821,三井住友建設,599.0,0.5370929842229012,97
3370,フジタコーポレーション,362.0,0.5518314136513497,96
6459,大和冷機工業,1662.0,0.5550087930172193,8
4569,杏林製薬,1514.0,0.5659324600791762,35
3910,エムケイシステム,321.0,0.5723118054975312,4
4124,大阪油化工業,2463.0,0.5880911541288937,73
7865,ピープル,561.0,0.5881087283941714,33
6494,ＮＦＫホールディングス,96.0,0.6148686416992801,94
6932,遠藤照明,2237.0,0.6165028456283985,90
6233,ＫＬＡＳＳ,434.0,0.6182380216383352,79
7013,ＩＨＩ,15470.0,0.6357769836588851,96
3536,アクサスホールディングス,132.0,0.6506710044733565,94
4634,ａｒｔｉｅｎｃｅ,3090.0,0.6781383993153508,11
4826,ＣＩＪ,490.0,0.6821730911481863,84
6323,ローツェ,1852.5,0.6859142987586087,1
3110,日東紡績,5590.0,0.7086235887581016,4
3319,ゴルフダイジェスト・オンライン,428.0,0.709084549588216,1
9647,協和コンサルタンツ,6250.0,0.711155036094876,6
3662,エイチームホールディングス,1207.0,0.7176234979973222,95
8225,タカチホ,3855.0,0.7202626840377059,1
6445,ジャノメ,1153.0,0.7432692195673188,1
7732,トプコン,3293.0,0.7460860058903706,190
6407,ＣＫＤ,2506.0,0.762352032938756,5
3028,アルペン,2372.0,0.7817811012916422,7
2326,デジタルアーツ,7540.0,0.7877664504170536,17
7524,マルシェ,201.0,0.7956672907194471,9
3141,ウエルシアホールディングス,2580.5,0.8028813100272904,19
4350,メディカルシステムネットワーク,473.0,0.8041600363718981,11
7805,プリントネット,713.0,0.8049313828985143,151
3521,エコナックホールディングス,158.0,0.8167432363450747,54
3183,ウイン・パートナーズ,1334.0,0.8335035750766134,1
7886,ヤマト　モビリティ　＆　Ｍｆｇ．,1005.0,0.8803461700194021,1
319A,技術承継機構,5250.0,0.8878127522195283,3
3054,ハイパー,307.0,0.9116009992549344,2
3177,ありがとうサービス,3390.0,0.9289031797070328,1
2226,湖池屋,4810.0,0.9345009932570528,17
9303,住友倉庫,3075.0,0.9445565442711708,84
6848,東亜ディーケーケー,812.0,0.9514968670225076,43
2373,ケア２１,413.0,0.9714118068911622,8
3082,きちりホールディングス,912.0,0.9758041896101276,20
3565,アセンテック,1609.0,0.9773486071945534,97
2485,ティア,546.0,0.9889269772374212,79
8836,ＲＩＳＥ,38.0,0.9922041105598908,49
3329,東和フードサービス,2117.0,1.00060603716168,1
1446,キャンディル,568.0,1.031661330487363,58
6937,古河電池,1398.0,1.0417369349227668,26
8793,ＮＥＣキャピタルソリューション,3880.0,1.0557021808584517,17
6517,デンヨー,2875.0,1.0625333945762447,76
5301,東海カーボン,1024.0,1.0768368376880766,85
3151,バイタルケーエスケー・ホールディングス,1250.0,1.0814365963319477,20
8141,新光商事,972.0,1.0843340081532993,2
4431,スマレジ,3355.0,1.084664055438385,35
1841,サンユー建設,1123.0,1.0849605741649722,15
3284,フージャースホールディングス,1282.0,1.0892192526862456,96
4709,ＩＤホールディングス,2324.0,1.0962241169305644,96
6707,サンケン電気,8256.0,1.0971786833855846,78
6099,エラン,822.0,1.12857189724746,79
1787,ナカボーテック,5320.0,1.1291487663004152,40
7067,ブランディングテクノロジー,998.0,1.1363482819657105,57
4251,恵和,1098.0,1.1471946546133478,58
6871,日本マイクロニクス,4765.0,1.1491162277287947,1
2894,石井食品,317.0,1.1572990682040585,43
6230,ＳＡＮＥＩ,2044.0,1.17342696110136,84
7004,カナデビア,986.0,1.1738630766705032,5
3674,オークファン,376.0,1.2022250134577357,56
9974,ベルク,7390.0,1.2051492741714598,20
7896,セブン工業,521.0,1.2358153272190298,48
3817,ＳＲＡホールディングス,4645.0,1.2556132013776948,52
9729,トーカイ,2182.0,1.2585387585387533,19
3113,ＵＮＩＶＡ・Ｏａｋホールディングス,80.0,1.2658227848101269,8
3892,岡山製紙,1478.0,1.2948562133908488,15
8144,デンキョーグループホールディングス,1218.0,1.2985284822408678,47
5074,テスホールディングス,366.0,1.2989888552660698,2
2692,伊藤忠食品,10170.0,1.3123115544516342,96
3166,ＯＣＨＩホールディングス,1412.0,1.3164440702613691,62
3932,アカツキ,3025.0,1.3183103120269064,9
7922,三光産業,405.0,1.324304489959308,13
2612,かどや製油,3715.0,1.3273933993999412,38
2004,昭和産業,2987.0,1.335305532561647,28
4761,さくらケーシーエス,1413.0,1.3600757510544916,90
6190,フェニックスバイオ,403.0,1.3615480063047107,63
9347,日本管財ホールディングス,2783.0,1.36168724899355,69
7218,田中精密工業,1042.0,1.3631824018469747,20
3987,エコモット,539.0,1.3640580727664795,93
3607,クラウディアホールディングス,362.0,1.37027218758167,74
3030,ハブ,775.0,1.3760987861029697,57
3198,ＳＦＰホールディングス,2241.0,1.3837532648494062,67
9895,コンセック,1271.0,1.3847675568743736,61
9735,セコム,5482.0,1.3870908082115776,29
4845,スカラ,420.0,1.4068184013134566,41
6960,フクダ電子,6870.0,1.4072033064357363,72
9857,英和,2349.0,1.4131936449458806,51
9432,ＮＴＴ,157.3000030517578,1.4158264281731294,20
2198,アイ・ケイ・ケイホールディングス,801.0,1.4163684246066508,14
1419,タマホーム,3625.0,1.4212970734709915,18
2139,中広,450.0,1.4244500540930385,53
3600,フジックス,1609.0,1.4314292438556997,43
177A,コージンバイオ,1747.0,1.4337361522918906,7
9941,太洋物産,1006.0,1.441286401893029,94
2931,ユーグレナ,451.0,1.4516661167931342,23
4097,高圧ガス工業,1068.0,1.482326111744575,96
2122,インタースペース,947.0,1.497634937193652,7
4437,ｇｏｏｄｄａｙｓホールディングス,721.0,1.497832085139927,10
8276,平和堂,2915.0,1.5005130157433126,154
5974,中国工業,554.0,1.5048614843406525,87
9913,日邦産業,2608.0,1.5084891965243696,1
6776,天昇電気工業,267.0,1.515765994119441,2
6199,セラク,1613.0,1.517198553290754,3
7443,横浜魚類,604.0,1.5195221114316178,1
9006,京浜急行電鉄,1563.5,1.5228975745323765,38
3992,ニーズウェル,529.0,1.527713803162912,37
5616,雨風太陽,1183.0,1.569475925544335,37
3088,マツキヨココカラ＆カンパニー,3076.0,1.5699983269787865,132
2573,北海道コカ・コーラボトリング,3480.0,1.5959517321915098,98
7512,イオン北海道,912.0,1.603360281830087,1
1381,アクシーズ,3070.0,1.6116647101916108,7
2305,スタジオアリス,2149.0,1.6210183854127356,26
3190,ホットマン,604.0,1.6233913873857482,1
2404,鉄人化ホールディングス,540.0,1.6336670932771116,136
2883,大冷,1988.0,1.6380703081862595,75
3958,笹徳印刷,545.0,1.6411786646773507,17
7735,ＳＣＲＥＥＮホールディングス,11465.0,1.645717906313947,1
9948,アークス,3050.0,1.6499508969636103,58
3075,銚子丸,1558.0,1.6555455992761807,38
6155,高松機械工業,490.0,1.656938950513128,46
9684,スクウェア・エニックス・ホールディングス,10165.0,1.6630128656468095,98
4102,丸尾カルシウム,1378.0,1.6664043440623215,6
1438,岐阜造園,1936.0,1.6699926478311078,45
4659,エイジス,2945.0,1.672796571549571,97
2408,ＫＧ情報,644.0,1.6970564702909845,14
1897,金下建設,2811.0,1.726933209808626,50
3193,エターナルホスピタリティグループ,3140.0,1.7450023978121627,17
6081,アライドアーキテクツ,225.0,1.7547033285094045,9
2464,Ａｏｂａ‐ＢＢＴ,351.0,1.754860654787216,84
7486,サンリン,701.0,1.7652865687242274,81
3042,セキュアヴェイル,324.0,1.7715793441387069,74
9563,Ａｔｌａｓ　Ｔｅｃｈｎｏｌｏｇｉｅｓ,323.0,1.7771615830602427,6
2379,ディップ,2360.0,1.784389609941522,46
7570,橋本総業ホールディングス,1311.0,1.8099547511312175,68
4249,森六,2460.0,1.828497629520875,26
3804,システム　ディ,2100.0,1.8290435828306435,5
6307,サンセイ,409.0,1.8460108237325328,84
9932,杉本商事,1826.0,1.8495794382097723,85
4665,ダスキン,3953.0,1.8527425261610155,56
4452,花王,6737.0,1.8578435226454932,36
6566,要興業,1157.0,1.8593513399302648,58
5943,ノーリツ,1954.0,1.8719978867903588,90
9959,アシードホールディングス,684.0,1.888816063874151,24
7596,魚力,2484.0,1.8890213622392595,20
4769,ＩＣ,1042.0,1.8997822487058744,37
6135,牧野フライス製作所,11480.0,1.9031387586990451,65
7792,コラントッテ,1436.0,1.910466403610872,90
9254,ラバブルマーケティンググループ,1449.0,1.914023669748863,56
9769,学究社,2320.0,1.9164987582587456,38
6554,エスユーエス,1156.0,1.9208614487574325,94
7129,ミアヘルサホールディングス,1130.0,1.929136699300036,56
3560,ほぼ日,3210.0,1.932806909837631,24
1966,高田工業所,1574.0,1.941244538090881,86
6393,油研工業,2796.0,1.9421015531951171,75
6481,ＴＨＫ,4038.0,1.94601254254062,4
8217,オークワ,958.0,1.9530014093824608,1
9856,ケーユーホールディングス,1160.0,1.9654723814211787,62
9746,ＴＫＣ,4415.0,1.9881726060307376,94
6392,ヤマダコーポレーション,5120.0,2.0218390499216152,31
1914,日本基礎技術,666.0,2.022058823529419,5
9989,サンドラッグ,4639.0,2.024807929153714,19
6248,横田製作所,1572.0,2.031985599556906,27
7255,桜井製作所,598.0,2.043137968693124,51
9419,ワイヤレスゲート,274.0,2.0509509857476265,75
6703,沖電気工業,1556.0,2.0533090807331718,79
3045,カワサキ,1460.0,2.0636429729880867,90
5956,トーソー,543.0,2.07022732399308,54
9408,ＢＳＮメディアホールディングス,2162.0,2.103142119513883,4
9744,メイテックグループホールディングス,3272.0,2.110024175193169,82
8025,ツカモトコーポレーション,1334.0,2.115802688386057,96
2433,博報堂ＤＹホールディングス,1192.0,2.120660014735531,78
7698,アイスコ,1858.0,2.1223269380157355,9
7134,アップガレージグループ,1163.0,2.129826944242793,16
7073,ジェイック,2324.0,2.1610311054843354,60
5187,クリエートメディック,983.0,2.1673757292720466,38
4886,あすか製薬ホールディングス,2439.0,2.170476823485393,8
5576,オービーシステム,2832.0,2.1797382005012804,90
7447,ナガイレーベン,2148.0,2.182479734116752,1
4430,東海ソフト,1621.0,2.1879097602797324,14
8198,マックスバリュ東海,3265.0,2.201585976627717,81
6180,ＧＭＯメディア,4990.0,2.2415276810228173,35
3559,ピーバンドットコム,534.0,2.251838235294116,56
2292,Ｓ　Ｆｏｏｄｓ,2702.0,2.271522944854629,24
9223,ＡＳＮＯＶＡ,622.0,2.2757169166009,9
2721,ジェイホールディングス,196.0,2.2822154188700257,34
5380,新東,1665.0,2.2945098874453147,5
2340,極楽湯ホールディングス,501.0,2.3005717397222947,7
8135,ゼット,437.0,2.306779872643281,35
4512,わかもと製薬,308.0,2.307453828778951,15
2831,はごろもフーズ,3350.0,2.3109029827954752,35
2281,プリマハム,2366.0,2.3155782603180444,96
9007,小田急電鉄,1694.0,2.341242191496131,21
4917,マンダム,1428.0,2.3489612201601635,74
5283,高見澤,3240.0,2.356732166550828,17
9238,バリュークリエーション,1625.0,2.358336062888965,73
9715,トランス・コスモス,3585.0,2.360331207766247,79
6696,トラース・オン・プロダクト,558.0,2.382816322536454,4
6662,ユビテック,255.0,2.393189849020241,76
6535,アイモバイル,637.0,2.3940160315487136,96
9021,西日本旅客鉄道,3329.0,2.4107554864537954,1
5609,日本鋳造,880.0,2.416088636469437,60
9475,昭文社ホールディングス,420.0,2.422370346285158,41
3628,データホライゾン,550.0,2.425942939438329,61
7739,キヤノン電子,2626.0,2.426086278180818,78
3063,ジェイグループホールディングス,762.0,2.445057899831491,84
4668,明光ネットワークジャパン,763.0,2.4527795183958445,44
2916,仙波糖化工業,770.0,2.4608342352252373,61
9436,沖縄セルラー電話,5120.0,2.4655779699007327,80
7813,プラッツ,740.0,2.468474789062651,14
5162,朝日ラバー,622.0,2.471169686985173,94
6718,アイホン,2797.0,2.484745149959213,78
9355,リンコーコーポレーション,1827.0,2.490743857287114,59
2148,アイティメディア,1658.0,2.490768825003294,11
9173,東海汽船,3055.0,2.491098427239715,17
3851,日本一ソフトウェア,870.0,2.502474197653048,19
4502,武田薬品工業,4431.0,2.5042719752256226,13
5386,鶴弥,409.0,2.5096912177516346,64
8844,コスモスイニシア,1403.0,2.514516191886526,198
4754,トスネット,1471.0,2.5210943017507392,46
8699,ＨＳホールディングス,1070.0,2.521845776483207,103
5271,トーヨーアサノ,2300.0,2.5260029717681958,39
2730,エディオン,2050.0,2.5410164065626226,69
4341,西菱電機,827.0,2.5477812314000343,46
3167,ＴＯＫＡＩホールディングス,1056.0,2.5694156651471243,96
2705,大戸屋ホールディングス,5440.0,2.579574596470059,95
8081,カナデン,1946.0,2.6032183455538545,80
9896,ＪＫホールディングス,1239.0,2.6160607800697844,88
9425,ＲｅＹｕｕ　Ｊａｐａｎ,624.0,2.627077759747384,54
6455,モリタホールディングス,2225.0,2.6285201198024617,48
8818,京阪神ビルディング,1581.0,2.631237287402084,91
7370,Ｅｎｊｉｎ,829.0,2.637964904171544,54
7366,ＬＩＴＡＬＩＣＯ,1358.0,2.63929618768329,26
6333,帝国電機製作所,3320.0,2.6528971615855603,78
7442,中山福,414.0,2.667560321715822,1
3293,アズマハウス,763.0,2.6862618432385923,43
3963,シンクロ・フード,588.0,2.6870954221580567,3
6387,サムコ,2900.0,2.693157566715139,67
4171,グローバルインフォメーション,1414.0,2.697939262472892,35
4507,塩野義製薬,2560.5,2.702088402813065,71
4725,ＣＡＣ　Ｈｏｌｄｉｎｇｓ,2099.0,2.715593456998754,20
3636,三菱総合研究所,4785.0,2.7235516372796,30
9795,ステップ,2351.0,2.730747270417973,41
4722,フューチャー,2295.0,2.7323676341563843,86
7745,Ａ＆Ｄホロンホールディングス,2016.0,2.7348394768133213,67
4151,協和キリン,2544.0,2.750238296543216,73
2693,ＹＫＴ,248.0,2.75107722903546,10
3361,トーエル,811.0,2.76055481407646,38
9692,シーイーシー,2313.0,2.7665057314653096,26
6901,澤藤電機,959.0,2.7690856873419385,77
1770,藤田エンジニアリング,1562.0,2.7856986181180035,42
5660,神鋼鋼線工業,1389.0,2.7893989027903894,39
3435,サンコーテクノ,1277.0,2.82027288751551,1
7679,薬王堂ホールディングス,2281.0,2.824325623888054,89
9765,オオバ,1070.0,2.830563421791114,21
9543,静岡ガス,1141.0,2.8328542894724094,1
9827,リリカラ,642.0,2.842862940259297,69
7435,ナ・デックス,978.0,2.8477684768434823,96
9143,ＳＧホールディングス,1631.5,2.8489657317206456,58
9733,ナガセ,1957.0,2.8520374198521417,58
9367,大東港運,771.0,2.891459074733091,42
2291,福留ハム,1099.0,2.8987678364106246,40
6702,富士通,3490.0,2.9016900644339545,21
9776,札幌臨床検査センター,1059.0,2.9101180372899416,84
8789,フィンテック　グローバル,112.0,2.915951972555745,4
2221,岩塚製菓,3075.0,2.9240470739446565,13
9036,東部ネットワーク,901.0,2.9243774274617342,72
2209,井村屋グループ,2538.0,2.9558915001217025,21
9412,スカパーＪＳＡＴホールディングス,1401.0,2.961206431952022,98
3770,ザッパラス,406.0,2.969024753144862,25
4524,森下仁丹,2212.0,2.9699283120752344,41
7477,ムラキ,1365.0,2.97327472615899,14
9256,サクシード,840.0,3.000081746096628,11
3106,倉敷紡績,7670.0,3.0212400157598776,90
8273,イズミ,3370.0,3.0286972118049875,16
8291,日産東京販売ホールディングス,507.0,3.03761109906785,43
8739,スパークス・グループ,1548.0,3.03971599733748,26
4829,日本エンタープライズ,122.0,3.063753097544491,36
4994,大成ラミックグループ,2581.0,3.077824223222128,44
4690,日本パレットプール,1953.0,3.083895758411748,96
4627,ナトコ,1461.0,3.084506907960605,1
3834,朝日ネット,703.0,3.0872404489109533,20
4392,ＦＩＧ,294.0,3.090373556501005,77
5232,住友大阪セメント,3951.0,3.1111683322662307,15
4893,ノイルイミューン・バイオテック,177.0,3.122815194593344,66
6183,ベルシステム２４ホールディングス,1334.0,3.1262562231361555,65
7475,アルビス,3100.0,3.133026078239148,17
3040,ソリトンシステムズ,1380.0,3.1379856702972573,95
4728,トーセ,684.0,3.146677390167891,60
4206,アイカ工業,3774.0,3.1557157486943828,84
8167,リテールパートナーズ,1452.0,3.1885156583124004,48
3854,アイル,2802.0,3.192257266178565,80
6754,アンリツ,1796.5,3.2000735296933605,84
2371,カカクコム,2737.5,3.2011520829982336,91
2694,焼肉坂井ホールディングス,74.0,3.217407476287901,23
3991,ウォンテッドリー,1363.0,3.2408903611537503,25
4318,クイック,2337.0,3.242014242715192,84
7021,ニッチツ,1930.0,3.245363766048506,68
8742,小林洋行,301.0,3.2471987194145804,41
4208,ＵＢＥ,2348.5,3.2604235062376823,72
3626,ＴＩＳ,4909.0,3.268232344056337,96
137A,Ｃｏｃｏｌｉｖｅ,1420.0,3.279737776139949,13
1766,東建コーポレーション,14440.0,3.283519459835783,98
2597,ユニカフェ,956.0,3.3275208600538937,89
3673,ブロードリーフ,752.0,3.332661548890639,5
3091,ブロンコビリー,3835.0,3.3339919883597635,25
3223,エスエルディー,986.0,3.336966546491158,63
6706,電気興業,2142.0,3.3584250144759653,115
7036,イーエムネットジャパン,994.0,3.362218370883886,63
4107,伊勢化学工業,27110.0,3.3649202362917228,80
8282,ケーズホールディングス,1514.0,3.3959961937889567,66
7919,野崎印刷紙業,194.0,3.396816372939171,14
8130,サンゲツ,3060.0,3.407257882832148,44
4547,キッセイ薬品工業,4295.0,3.409793395152108,1
9215,ＣａＳｙ,974.0,3.417520810917939,59
6579,ログリー,405.0,3.418337816213269,4
4172,東和ハイシステム,2322.0,3.4415167858585485,98
2055,日和産業,326.0,3.4438991369098053,25
9682,ＤＴＳ,5170.0,3.448275862068959,81
5928,アルメタックス,286.0,3.448275862068975,64
7986,日本アイ・エス・ケイ,1663.0,3.4495628950118635,95
6986,双葉電子工業,642.0,3.470506070699469,66
6856,堀場製作所,11140.0,3.4724896930006453,85
7800,アミファ,655.0,3.4755134281200637,98
2907,あじかん,1270.0,3.480868261521416,17
3698,ＣＲＩ・ミドルウェア,1499.0,3.4811262575591666,96
3071,ストリーム,117.0,3.490977709635575,10
4591,リボミック,104.0,3.503184713375792,21
2335,キューブシステム,1161.0,3.5042257539196644,79
3372,関門海,251.0,3.5193841077811374,93
8255,アクシアル　リテイリング,1164.0,3.5255612081539813,140
9202,ＡＮＡホールディングス,2985.0,3.5370235909484022,15
6185,ＳＭＮ,457.0,3.5529774313423386,12
8904,ＡＶＡＮＴＩＡ,843.0,3.5558685753595243,77
4556,カイノス,1292.0,3.5654739002180342,84
5344,ＭＡＲＵＷＡ,41710.0,3.5703762072036627,3
3583,オーベクス,1335.0,3.577229044037771,8
8132,シナネンホールディングス,6690.0,3.581750619322869,36
5368,日本インシュレーション,1043.0,3.583204226750888,76
9262,シルバーライフ,776.0,3.6084951845192497,17
9057,遠州トラック,3120.0,3.61075957887934,1
4848,フルキャストホールディングス,1774.0,3.618267343696461,20
4365,松本油脂製薬,19510.0,3.628869483927172,19
4926,シーボン,1193.0,3.6345946697244447,52
2354,ＹＥ　ＤＩＧＩＴＡＬ,679.0,3.640915011396943,83
6147,ヤマザキ,327.0,3.642817901365002,51
3562,Ｎｏ．１,2199.0,3.661870910565112,84
4685,菱友システムズ,7390.0,3.6640107732016585,21
9101,日本郵船,5369.0,3.670797107232689,56
6027,弁護士ドットコム,3260.0,3.696163878109288,21
6060,こころネット,1050.0,3.6961931975297215,76
9251,ＡＢ＆Ｃｏｍｐａｎｙ,988.0,3.7001791312136136,98
7849,スターツ出版,4260.0,3.7152456541851375,56
7120,ＳＨＩＮＫＯ,2372.0,3.740851969560018,13
3480,ジェイ・エス・ビー,3990.0,3.7603370260571047,98
2424,ブラス,696.0,3.760833267074822,93
4386,ＳＩＧグループ,787.0,3.774745947466507,76
8891,ＡＭＧホールディングス,2188.0,3.781937768783192,96
2436,共同ピーアール,920.0,3.789052511243818,75
5945,天龍製鋸,2008.0,3.7890587310995,59
6349,小森コーポレーション,1538.0,3.791750647854885,84
4996,クミアイ化学工業,837.0,3.79464285714286,46
7427,エコートレーディング,923.0,3.812066043819262,68
2374,セントケア・ホールディング,798.0,3.821534511769911,27
3945,スーパーバッグ,2594.0,3.825894834588349,77
7607,進和,3290.0,3.8274129617006314,44
6087,アビスト,3420.0,3.8335424847184623,84
4189,ＫＨネオケム,2717.0,3.833865814696492,64
9028,ゼロ,3305.0,3.834184572406264,1
2207,名糖産業,2148.0,3.841691375531779,40
3326,ランシステム,619.0,3.8661254846828834,1
8944,ランドビジネス,208.0,3.875349580503392,74
4074,ラキール,1061.0,3.882455842613018,14
1871,ピーエス・コンストラクション,1852.0,3.897852478513566,98
7044,ピアラ,618.0,3.905129124820664,94
1828,田辺工業,2423.0,3.9099532841205966,94
7694,いつも,817.0,3.912291412291411,82
8131,ミツウロコグループホールディングス,2108.0,3.929057407492624,44
8200,リンガーハット,2332.0,3.937007874015755,26
4641,アルプス技研,2903.0,3.944372037066207,20
8207,テンアライド,288.0,3.945764034531538,1
7219,エッチ・ケー・エス,2191.0,3.954477017093267,51
2698,キャンドゥ,3750.0,3.964513446077072,35
5571,エキサイトホールディングス,1277.0,3.971036833592061,9
8179,ロイヤルホールディングス,2733.0,3.972223349429861,48
7090,リグア,1080.0,3.97412199630314,90
7353,ＫＩＹＯラーニング,739.0,3.975162270663714,24
3178,チムニー,1293.0,3.992407669540608,40
9708,帝国ホテル,1015.0,4.04565024260234,75
7562,安楽亭,7570.0,4.048308470476127,84
9831,ヤマダホールディングス,468.7999877929688,4.050140339189722,58
5923,高田機工,1130.0,4.055397988876199,61
3138,富士山マガジンサービス,960.0,4.079331579403857,75
3011,バナーズ,150.0,4.079933388842628,12
5388,クニミネ工業,1107.0,4.08439580277559,46
3543,コメダホールディングス,3100.0,4.084592794212444,58
8040,東京ソワール,936.0,4.087896445887637,96
7481,尾家産業,2185.0,4.090577063550042,66
9083,神姫バス,3755.0,4.145480095408909,69
2722,ＩＫホールディングス,411.0,4.145550375025343,19
3796,いい生活,525.0,4.158400126974046,11
7634,星医療酸器,4720.0,4.168199273176692,41
3148,クリエイトＳＤホールディングス,3440.0,4.1729755920295615,97
1950,日本電設工業,2725.0,4.175162092729267,90
9065,山九,8200.0,4.1968456311025015,96
3375,ＺＯＡ,1653.0,4.214826707912671,84
6378,木村化工機,964.0,4.216216216216216,77
5032,ＡＮＹＣＯＬＯＲ,4790.0,4.234669452060764,98
3355,クリヤマホールディングス,1545.0,4.235069759910763,88
9434,ソフトバンク,232.6999969482422,4.238213173260597,19
3639,ボルテージ,282.0,4.243678840751153,52
3676,デジタルハーツホールディングス,983.0,4.252099889702767,21
7809,壽屋,1647.0,4.252823118343099,96
3181,買取王国,952.0,4.253115103442149,1
7425,初穂商事,2022.0,4.25403198086098,7
9381,エーアイテイー,1901.0,4.255023545584833,93
8005,スクロール,1108.0,4.2659974905897045,79
156A,マテリアルグループ,800.0,4.271662437871465,67
9171,栗林商船,1123.0,4.277578308778006,30
7516,コーナン商事,4005.0,4.278526441715628,1
8595,ジャフコ　グループ,2578.0,4.282401164985712,87
5282,ジオスター,310.0,4.2928273449064696,35
8700,丸八証券,1642.0,4.30341579923604,43
7504,高速,2875.0,4.317347279403584,77
9731,白洋舎,3510.0,4.319397661977417,144
7621,うかい,3750.0,4.334761560291586,40
9816,ストライダーズ,277.0,4.339309929184865,21
4177,ｉ‐ｐｌｕｇ,1348.0,4.363444922733881,50
1301,極洋,4730.0,4.388894610619863,9
3271,ＴＨＥグローバル社,1100.0,4.390737694546373,147
3850,エヌ・ティ・ティ・データ・イントラマート,3945.0,4.39269648055041,85
7523,アールビバン,1100.0,4.397342613097114,19
5933,アルインコ,1078.0,4.3980166313723545,56
3157,ジオリーブグループ,1195.0,4.406933668833443,65
8931,和田興産,1565.0,4.415937942016355,64
7994,オカムラ,2380.0,4.429324456353225,84
3943,大石産業,1274.0,4.43193617137548,15
3191,ジョイフル本田,2168.0,4.449956704883566,1
6390,加藤製作所,1378.0,4.46252590084398,70
7616,コロワイド,1981.5,4.464681114289935,98
7226,極東開発工業,2737.0,4.469902082527529,80
2933,紀文食品,1140.0,4.475970526778833,49
8908,毎日コムネット,801.0,4.476443887932391,33
9651,日本プロセス,1501.0,4.486685662839591,13
2224,コモ,3305.0,4.489408789124249,38
3927,フーバーブレイン,921.0,4.489690955572033,82
7466,ＳＰＫ,2351.0,4.5291519696475735,78
6993,大黒屋ホールディングス,48.0,4.529616724738672,52
5900,ダイケン,850.0,4.566479677197126,9
3944,古林紙工,2151.0,4.578574114169392,86
4380,Ｍマート,1314.0,4.58008786637519,29
7046,ＴＤＳＥ,1610.0,4.592543829256465,68
2332,クエスト,1505.0,4.602025780982126,74
5958,三洋工業,4100.0,4.613186364564202,78
9696,ウィザス,3225.0,4.614047152551602,90
4409,東邦化学工業,804.0,4.634819275017788,76
9063,岡山県貨物運送,3600.0,4.636776056089085,1
9115,明海グループ,705.0,4.63873661712612,21
3248,アールエイジ,873.0,4.644472502357398,95
7837,アールシーコア,398.0,4.6450482033304175,61
2130,メンバーズ,1276.0,4.654214601286033,19
8163,ＳＲＳホールディングス,1300.0,4.65528160321157,52
7624,ＮａＩＴＯ,138.0,4.682916961666845,80
1377,サカタのタネ,3615.0,4.68550909301518,21
6823,リオン,2669.0,4.714301407699183,55
4776,サイボウズ,3830.0,4.73829100654501,95
9193,東京汽船,998.0,4.758572428271523,75
6265,コンバム,2278.0,4.765817584223495,5
8227,しまむら,10960.0,4.772902821220725,103
4481,ベース,3620.0,4.777709169496756,84
7363,ベビーカレンダー,1632.0,4.788240430796095,83
6804,ホシデン,2312.0,4.796842798692162,70
9301,三菱倉庫,1241.0,4.8047473200612645,79
3549,クスリのアオキホールディングス,3968.0,4.804969784051052,90
7374,コンフィデンス・インターワークス,1637.0,4.807799014879245,69
7974,任天堂,13430.0,4.811604457810009,87
9934,因幡電機産業,4174.0,4.82661166101876,55
2742,ハローズ,5120.0,4.829242990909342,98
9973,ＫＯＺＯホールディングス,26.0,4.838709677419352,50
4674,クレスコ,1745.0,4.8451056261866485,90
9869,加藤産業,5850.0,4.856248356953374,128
6335,東京機械製作所,402.0,4.858623447988036,11
3877,中越パルプ工業,1723.0,4.861483032280059,89
9979,大庄,1225.0,4.864574891853942,39
9946,ミニストップ,2013.0,4.867782200087524,96
4750,ダイサン,594.0,4.882757321781708,34
9160,ノバレーゼ,331.0,4.884025518610848,87
2270,雪印メグミルク,2920.0,4.888071496307362,8
7059,コプロ・ホールディングス,2238.0,4.896415961003657,85
3156,レスター,2663.0,4.898134969196272,67
6867,リーダー電子,530.0,4.90064127939197,64
5580,プロディライト,1715.0,4.900665492268539,93
9165,クオルテック,1477.0,4.903548396261255,61
7277,ＴＢＫ,315.0,4.906749555950272,43
7222,日産車体,1151.0,4.92761726489285,17
1921,巴コーポレーション,1510.0,4.929120726396743,169
9640,セゾンテクノロジー,1946.0,4.932058379466534,66
9278,ブックオフグループホールディングス,1511.0,4.948046896705007,19
3205,ダイドーリミテッド,1021.0,4.953331231753945,56
7992,セーラー万年筆,129.0,4.969078875990021,5
9766,コナミグループ,22400.0,4.977692240398924,30
9936,王将フードサービス,3860.0,4.999727979979332,96
6264,マルマエ,1523.0,5.000689433285837,67
3150,グリムス,2560.0,5.013290744609857,88
7551,ウェッズ,643.0,5.015025477984415,55
3864,三菱製紙,677.0,5.017683923142158,12
8160,木曽路,2509.0,5.023608336030897,98
7832,バンダイナムコホールディングス,5127.0,5.026466587640178,26
6059,ウチヤマホールディングス,327.0,5.027621943385713,43
4531,有機合成薬品工業,278.0,5.032492065890884,62
9719,ＳＣＳＫ,4615.0,5.034047873373466,96
6351,鶴見製作所,3940.0,5.040523247547275,90
1949,住友電設,6770.0,5.043755301321968,92
2001,ニップン,2285.0,5.044592233902347,21
9068,丸全昭和運輸,7240.0,5.05339730691843,80
8226,理経,398.0,5.057544081934333,13
9069,センコーグループホールディングス,2034.0,5.05908928128702,92
5018,ＭＯＲＥＳＣＯ,1314.0,5.066206102475524,67
4463,日華化学,1352.0,5.073364834618252,19
4624,イサム塗料,3570.0,5.081442294305996,1
8383,鳥取銀行,1347.0,5.084410788770198,35
8940,インテリックス,941.0,5.098956084049378,9
4719,アルファシステムズ,3725.0,5.111177997667328,64
1882,東亜道路工業,1622.0,5.111721706672204,44
4487,スペースマーケット,396.0,5.1178594181354775,76
5367,ニッカトー,552.0,5.134846868810003,24
6919,ケル,1417.0,5.143654279947757,44
4247,ポバール興業,1254.0,5.144888650389044,38
5393,ニチアス,5662.0,5.149906401354946,84
6305,日立建機,4651.0,5.167553552316214,96
2653,イオン九州,2967.0,5.212765957446808,82
3134,Ｈａｍｅｅ,1364.0,5.214439987658123,21
1807,佐藤渡辺,1768.0,5.250625074413624,69
7851,カワセコンピュータサプライ,267.0,5.261774600504625,89
7163,住信ＳＢＩネット銀行,4880.0,5.276783017646814,64
9361,伏木海陸運送,1750.0,5.295670242039647,16
3678,メディアドゥ,1829.0,5.297296467445537,21
9996,サトー商会,2088.0,5.309169160418277,38
2114,フジ日本,1140.0,5.317615756993454,96
9366,サンリツ,855.0,5.318048187626253,44
9558,ジャパニアス,2285.0,5.328014947205386,27
3179,シュッピン,1228.0,5.332982604618189,9
7963,興研,1797.0,5.342347975613575,14
6379,レイズネクスト,1885.0,5.344142828401756,75
6176,ブランジスタ,717.0,5.352349979429102,55
367A,プリモグローバルホールディングス,2016.0,5.366252712667446,37
8174,日本瓦斯,2841.0,5.3890231205438806,151
2533,オエノンホールディングス,600.0,5.393821579970497,96
6803,ティアック,95.0,5.415002219263199,75
6018,阪神内燃機工業,3195.0,5.422976082187379,1
2212,山崎製パン,3438.0,5.445459527100525,18
255A,ジーエルテクノホールディングス,3105.0,5.450601798603501,51
7864,フジシールインターナショナル,2865.0,5.45546454389744,50
8060,キヤノンマーケティングジャパン,5684.0,5.474635861376193,26
7292,村上開明堂,6640.0,5.48389146597191,83
7581,サイゼリヤ,5430.0,5.495615682515837,84
148A,ハッチ・ワーク,2440.0,5.498002455855133,75
1430,ファーストコーポレーション,942.0,5.510752688172048,17
1925,大和ハウス工業,5285.0,5.510924423433207,21
8139,ナガホリ,1684.0,5.511140071677404,81
7781,平山ホールディングス,1110.0,5.5253450963988175,26
6647,森尾電機,1875.0,5.548175001688768,60
9535,広島ガス,381.0,5.555971546237367,1
1827,ナカノフドー建設,774.0,5.5646481178396,29
2127,日本Ｍ＆Ａセンターホールディングス,754.4000244140625,5.572507304396989,82
6838,多摩川ホールディングス,803.0,5.581949825564074,74
5199,不二ラテックス,1997.0,5.58688755727882,38
7640,トップカルチャー,162.0,5.587903015555741,96
6365,電業社機械製作所,4890.0,5.588184487821735,72
3222,ユナイテッド・スーパーマーケット・ホールディングス,988.0,5.593159957249736,30
5184,ニチリン,3730.0,5.595923374539959,36
7317,松屋アールアンドディ,731.0,5.601248146079316,60
4482,ウィルズ,722.0,5.607020965382746,16
6159,ミクロン精密,1699.0,5.610164434425142,16
9405,朝日放送グループホールディングス,729.0,5.621558968414946,52
6466,ＴＶＥ,2442.0,5.6234465019982816,78
6364,ＡＩＲＭＡＮ,2075.0,5.644559093069032,37
6400,不二精機,288.0,5.649303008070424,75
7875,竹田ｉＰホールディングス,1040.0,5.6533318689766885,1
5957,日東精工,629.0,5.65746153329301,37
7228,デイトナ,3935.0,5.679193597479098,25
3816,大和コンピューター,1225.0,5.681190761019592,78
9982,タキヒヨー,1737.0,5.684362527176563,81
9861,吉野家ホールディングス,3431.0,5.723641503077308,35
9635,武蔵野興業,2283.0,5.723812170047231,42
8056,ＢＩＰＲＯＧＹ,6349.0,5.724803559573796,91
8125,ワキタ,1836.0,5.736005528680022,29
4031,片倉コープアグリ,1016.0,5.755485545362437,61
2359,コア,2009.0,5.757622550395861,67
4990,昭和化学工業,495.0,5.781285616594486,55
2892,日本食品化工,3550.0,5.79288038749002,88
4552,ＪＣＲファーマ,607.0,5.801436815451648,1
7902,ソノコム,909.0,5.820721769499418,37
4998,フマキラー,1181.0,5.823108445538287,35
9678,カナモト,3510.0,5.869578331423053,38
8848,レオパレス２１,698.0,5.875214885226011,43
7608,エスケイジャパン,1082.0,5.877748059234137,91
8023,ＤＡＩＫＯ　ＸＴＥＣＨ,1104.0,5.879645021866444,80
9757,船井総研ホールディングス,2559.0,5.882060872875319,24
6367,ダイキン工業,18750.0,5.885143326130017,43
1418,インターライフホールディングス,425.0,5.886456499352224,30
4625,アトミクス,674.0,5.89159465828751,1
285A,キオクシアホールディングス,2471.0,5.897579483897506,5
2763,エフティグループ,1243.0,5.902941684416553,1
6337,テセック,1770.0,5.903470283207025,75
3640,電算,2780.0,5.918749904749332,73
6744,能美防災,4025.0,5.930344767084836,92
5845,全保連,887.0,5.931528662420377,13
3940,ノムラシステムコーポレーション,145.0,5.932203389830512,74
8252,丸井グループ,3260.0,5.933350808364616,98
8127,ヤマトインターナショナル,411.0,5.935115815519961,83
4444,インフォネット,1110.0,5.938943537406312,74
2602,日清オイリオグループ,5240.0,5.949909686463748,43
3034,クオールホールディングス,2061.0,5.961831119154364,22
6080,Ｍ＆Ａキャピタルパートナーズ,3080.0,5.963788824719385,58
9259,タカヨシホールディングス,745.0,5.974395448079658,89
4611,大日本塗料,1279.0,5.985106288946835,35
4931,新日本製薬,2439.0,5.9992351018705214,17
5986,モリテック　スチール,208.0,6.014271151885837,77
7699,オムニ・プラス・システム・リミテッド　ＪＤＲ,832.0,6.017873526113701,68
2206,江崎グリコ,4947.0,6.025015645494524,26
3763,プロシップ,3040.0,6.032702717785592,131
6146,ディスコ,41350.0,6.03506636487346,57
3079,ディーブイエックス,1049.0,6.042430450722447,26
7371,Ｚｅｎｋｅｎ,688.0,6.048461680744807,84
3139,ラクト・ジャパン,4015.0,6.052335000352184,93
7833,アイフィスジャパン,633.0,6.058575162522613,94
4323,日本システム技術,2041.0,6.061970816069182,16
8077,トルク,263.0,6.0654944345862205,48
4771,エフアンドエム,2770.0,6.0717458566920905,153
9312,ケイヒン,2759.0,6.080024607182216,84
4752,昭和システムエンジニアリング,1545.0,6.089321028345424,61
3132,マクニカホールディングス,2053.0,6.105136942642246,58
7157,ライフネット生命保険,2355.0,6.106572149465336,90
5819,カナレ電気,1691.0,6.107508889353687,85
3826,システムインテグレータ,432.0,6.121646850741873,96
4166,かっこ,824.0,6.14544330321872,77
9832,オートバックスセブン,1560.0,6.145555495073753,24
7039,ブリッジインターナショナル,1985.0,6.163357864110902,29
4220,リケンテクノス,1183.0,6.184999461445488,68
7673,ダイコー通産,1572.0,6.210475109453548,83
8151,東陽テクニカ,1580.0,6.211347136326975,63
5902,ホッカンホールディングス,2079.0,6.217387157863189,88
4671,ファルコホールディングス,2490.0,6.228668941979522,33
7467,萩原電気ホールディングス,3530.0,6.23144209934997,35
8118,キング,865.0,6.240993056465355,140
4801,セントラルスポーツ,2607.0,6.250883046592261,36
3561,力の源ホールディングス,1491.0,6.262175131847761,47
9162,ブリーチ,378.0,6.263353199145387,18
7368,表示灯,1740.0,6.27122370703345,52
2152,幼児活動研究会,1459.0,6.29152581886,38
5078,セレコーポレーション,5530.0,6.29164531009738,95
9225,ブリッジコンサルティンググループ,1379.0,6.291686792801876,90
8344,山形銀行,1613.0,6.310526038279699,77
5936,東洋シヤッター,871.0,6.316320552047393,47
3232,三重交通グループホールディングス,536.0,6.349206349206349,28
7135,ジャパンクラフトホールディングス,228.0,6.356512003980594,98
8566,リコーリース,5680.0,6.369697121026739,35
5463,丸一鋼管,3813.0,6.376845018450182,44
8725,ＭＳ＆ＡＤインシュアランスグループホールディングス,3513.0,6.386200380361711,17
6788,日本トリム,4590.0,6.386266359689119,96
6546,フルテック,1205.0,6.3886142110467485,88
3371,ソフトクリエイトホールディングス,2319.0,6.397621538292135,66
8366,滋賀銀行,6530.0,6.398001303497725,96
4099,四国化成ホールディングス,2184.0,6.398181227671331,77
6092,エンバイオ・ホールディングス,673.0,6.413256593510838,65
5596,アウトルックコンサルティング,1350.0,6.418759130992302,94
7538,大水,351.0,6.428138265615521,42
9876,コックス,221.0,6.434213061067238,68
3479,ティーケーピー,2035.0,6.436023320036818,10
7827,オービス,1537.0,6.439460392794158,56
9264,ポエック,1788.0,6.4403981394758185,77
6091,ウエスコホールディングス,755.0,6.445973381457256,19
8918,ランド,9.0,6.466876971608835,3
7721,東京計器,4400.0,6.479091378420243,66
9533,東邦瓦斯,4494.0,6.484707208361089,1
7421,カッパ・クリエイト,1613.0,6.494889829837048,33
6817,スミダコーポレーション,1056.0,6.508875739644967,35
3180,ビューティガレージ,1763.0,6.511092136424416,28
7965,象印マホービン,1695.0,6.513560841551397,41
8584,ジャックス,4315.0,6.516909405085164,70
5619,マーソ,1077.0,6.530999828548064,63
3454,ファーストブラザーズ,1105.0,6.534090909090907,54
2914,日本たばこ産業,4724.0,6.563121279840231,19
9073,京極運輸商事,1320.0,6.571936056838373,40
3988,ＳＹＳホールディングス,590.0,6.575144508670516,10
3598,山喜,181.0,6.579257281934529,62
9346,ココルポート,1640.0,6.582094208173025,74
9248,人・夢・技術グループ,1816.0,6.608639839695668,30
9201,日本航空,3158.0,6.613551196786068,88
6912,菊水ホールディングス,1608.0,6.619987269255246,55
6532,ベイカレント,8551.0,6.622365717249772,37
8766,東京海上ホールディングス,6464.0,6.62842588906509,33
7483,ドウシシャ,2619.0,6.640281442392257,96
2687,シー・ヴイ・エス・ベイエリア,613.0,6.643316091020843,64
9211,エフ・コード,2465.0,6.645323180756248,98
2734,サーラコーポレーション,1019.0,6.646479305629203,95
211A,カドス・コーポレーション,4670.0,6.6469764326167695,98
4419,Ｆｉｎａｔｅｘｔホールディングス,1318.0,6.659617169123197,90
2449,プラップジャパン,1096.0,6.664590470258489,95
4045,東亞合成,1535.0,6.66932278299221,66
8914,エリアリンク,2525.0,6.6733135054751935,68
6678,テクノメディカ,1985.0,6.683721730157359,90
9627,アインホールディングス,6075.0,6.698249738889325,57
8074,ユアサ商事,4940.0,6.7046829099706144,36
5491,日本金属,782.0,6.708149118497894,13
8098,稲畑産業,3480.0,6.7157313707451705,68
7419,ノジマ,3340.0,6.723358569182728,98
3663,セルシス,1669.0,6.732663136622922,86
3443,川田テクノロジーズ,4025.0,6.739387939112137,95
9311,アサガミ,6260.0,6.740934409457765,42
6721,ウインテスト,122.0,6.742883807746147,30
5186,ニッタ,4140.0,6.752389465722344,88
3799,キーウェアソリューションズ,1000.0,6.755487232043723,86
9767,日建工学,1524.0,6.756580053424993,25
7970,信越ポリマー,1853.0,6.788022222051465,77
7438,コンドーテック,1628.0,6.791951068167721,1
1826,佐田建設,1225.0,6.792900233636718,33
3912,モバイルファクトリー,1009.0,6.7965960569581885,30
6074,ジェイエスエス,557.0,6.8113829868834825,74
6923,スタンレー電気,3035.0,6.827077408273029,93
7856,萩原工業,1637.0,6.831471233162791,54
5618,ナイル,461.0,6.8349658560702045,88
7068,フィードフォースグループ,585.0,6.8480140272264585,63
9059,カンダホールディングス,852.0,6.853772625584706,1
9820,エムティジェネックス,3230.0,6.867299268140971,83
5423,東京製鐵,1671.0,6.870587031415225,25
2666,オートウェーブ,159.0,6.89315166726425,74
2175,エス・エム・エス,1573.0,6.896754814771189,83
3647,ジー・スリーホールディングス,154.0,6.904850055534981,59
6908,イリソ電子工業,2936.0,6.905658911717865,49
2288,丸大食品,1980.0,6.911447084233262,44
1976,明星工業,1618.0,6.912531716943889,90
6663,太洋テクノレックス,289.0,6.915602032259653,55
5922,那須電機鉄工,14300.0,6.9334769083512855,40
2117,ウェルネオシュガー,2466.0,6.935329999132725,26
3539,ＪＭホールディングス,2862.0,6.9362865982154815,94
8133,伊藤忠エネクス,1939.0,6.943514998198309,80
6469,放電精密加工研究所,1722.0,6.952093081031846,27
8153,モスフードサービス,4040.0,6.957534681774864,33
4539,日本ケミファ,1617.0,6.962608050487617,1
6495,宮入バルブ製作所,120.0,6.96458283812693,98
7265,エイケン工業,3920.0,6.967436783700205,86
4475,ＨＥＮＮＧＥ,1780.0,6.973725329935814,29
4243,ニックス,815.0,6.998442067673773,88
1904,大成温調,4270.0,7.006816359262228,82
4526,理研ビタミン,2919.0,7.02238951896754,96
6772,東京コスモス電機,9100.0,7.028603688370347,96
8713,フィデアホールディングス,1600.0,7.044414511654458,35
6998,日本タングステン,1344.0,7.0518266779949,65
7916,光村印刷,1466.0,7.053141978073329,46
3495,香陵住販,2440.0,7.060743808905351,91
4042,東ソー,2332.0,7.062842031806669,68
7605,フジ・コーポレーション,2816.0,7.071700523698232,70
4119,日本ピグメントホールディングス,3595.0,7.085410171376376,47
3839,ＯＤＫソリューションズ,629.0,7.091779982293247,71
7417,南陽,1328.0,7.0944710866433,49
3204,トーア紡コーポレーション,431.0,7.096710068581652,48
3920,アイビーシー,1007.0,7.113985448666127,6
7885,タカノ,786.0,7.123913363783712,1
6267,ゼネラルパッカー,3180.0,7.129381748926456,14
4058,トヨクモ,3365.0,7.137399071157483,73
4272,日本化薬,1425.5,7.15520654281949,35
4078,堺化学工業,2907.0,7.155495267022497,46
7229,ユタカ技研,2843.0,7.166551069026865,83
1780,ヤマウラ,1379.0,7.173944581459447,45
1802,大林組,2390.0,7.174887892376682,21
6125,岡本工作機械製作所,4735.0,7.202692708254718,79
6325,タカキタ,416.0,7.205442737862071,37
9142,九州旅客鉄道,4086.0,7.209202254384406,16
8173,上新電機,2547.0,7.224046476382921,68
7777,スリー・ディー・マトリックス,214.0,7.228754676643511,64
3771,システムリサーチ,2086.0,7.2331850552101855,95
6580,ライトアップ,2509.0,7.23688709567121,78
3843,フリービット,1608.0,7.242897158863538,21
9842,アークランズ,1869.0,7.250246750166407,21
5971,共和工業所,5980.0,7.253031063921364,21
8095,アステナホールディングス,517.0,7.255476875414921,94
8381,山陰合同銀行,1362.0,7.266617662501311,35
7525,リックス,3345.0,7.30738137909501,61
6381,アネスト岩田,1577.0,7.31395285535413,77
6497,ハマイ,1205.0,7.314611411268787,56
7127,一家ホールディングス,714.0,7.31893061846167,46
7305,新家工業,5180.0,7.326371622741595,46
6743,大同信号,551.0,7.326511531269481,40
8045,横浜丸魚,1109.0,7.333660248799874,69
4433,ヒト・コミュニケーションズ・ホールディングス,1109.0,7.350283944243682,46
3465,ケイアイスター不動産,5250.0,7.351718309091167,20
3591,ワコールホールディングス,5540.0,7.376826762801884,33
9449,ＧＭＯインターネットグループ,3925.0,7.405947963528494,96
9245,リベロ,1875.0,7.410462638344669,8
3003,ヒューリック,1595.0,7.427180760544026,19
7804,ビーアンドピー,2492.0,7.4316983865127,77
9273,コーア商事ホールディングス,763.0,7.438559600473131,43
2782,セリア,3055.0,7.4453218787514945,40
8706,極東証券,1594.0,7.498358975281226,51
6905,コーセル,1220.0,7.50161546143454,87
8016,オンワードホールディングス,640.0,7.52206442363693,66
1333,マルハニチロ,3339.0,7.528151400324192,24
9768,いであ,3250.0,7.529490652102943,50
9364,上組,4439.0,7.538082871429122,90
3422,Ｊ－ＭＡＸ,348.0,7.566765578635021,33
9306,東陽倉庫,1737.0,7.600373328487775,81
6850,チノー,2546.0,7.612628351799457,75
7955,クリナップ,752.0,7.6192111740798,46
3513,イチカワ,1903.0,7.619514402050973,42
5994,ファインシンター,906.0,7.621677154231415,1
7313,テイ・エス　テック,1863.5,7.623447877562807,56
8029,ルックホールディングス,2586.0,7.625035375591666,27
4118,カネカ,4365.0,7.640635634598886,74
4496,コマースＯｎｅホールディングス,860.0,7.659695214568268,19
1938,日本リーテック,1988.0,7.672865138111577,96
4421,ディ・アイ・システム,1012.0,7.680957920721839,57
4707,キタック,384.0,7.687705653604554,72
2768,双日,3897.0,7.688028031494896,87
3070,ジェリービーンズグループ,242.0,7.689569241723033,78
8254,さいか屋,479.0,7.704991755359012,94
3431,宮地エンジニアリンググループ,2045.0,7.705885283588253,1
4320,ＣＥホールディングス,738.0,7.718355908453993,49
9955,ヨンキュウ,2485.0,7.741178374878599,68
5036,日本ビジネスシステムズ,1559.0,7.747101863285347,91
1840,土屋ホールディングス,257.0,7.789956380718036,45
5869,早稲田学習研究会,1158.0,7.802492428379916,81
9900,サガミホールディングス,1894.0,7.830932029696204,26
7981,タカラスタンダード,2659.0,7.831103805517402,96
2702,日本マクドナルドホールディングス,6580.0,7.84763653051859,20
9037,ハマキョウレックス,1506.0,7.850813536017119,59
3076,あい　ホールディングス,2577.0,7.854954547737424,94
4046,大阪ソーダ,1897.0,7.860083240464874,64
4694,ビー・エム・エル,3550.0,7.870385375814346,70
9476,中央経済社ホールディングス,625.0,7.875175476952109,90
8309,三井住友トラストグループ,4231.0,7.912017656320665,72
6537,ＷＡＳＨハウス,466.0,7.920333487725796,74
6301,小松製作所,5076.0,7.923152592055025,60
3496,アズーム,9500.0,7.925111333272748,30
3267,フィル・カンパニー,932.0,7.935331449483483,18
1948,弘電社,2531.0,7.945886313490898,86
4369,トリケミカル研究所,3360.0,7.966838756667598,4
8137,サンワテクノス,2597.0,7.97199463396786,78
3947,ダイナパック,2206.0,7.998903365623129,90
9761,東海リース,2304.0,8.004725206727805,98
8159,立花エレテック,2918.0,8.014865925344624,77
3236,プロパスト,217.0,8.017521736244767,19
7972,イトーキ,2361.0,8.05887629753034,90
8996,ハウスフリーダム,885.0,8.06564530046726,33
9258,ＣＳ－Ｃ,445.0,8.072663687585004,43
2009,鳥越製粉,995.0,8.081685857049747,32
1861,熊谷組,4735.0,8.0951511277509,37
6240,ヤマシンフィルタ,660.0,8.097484276729569,53
7050,フロンティアインターナショナル,2276.0,8.122145721035997,66
5334,日本特殊陶業,5300.0,8.130017164790136,57
1981,協和日成,1561.0,8.131447940815184,71
2337,いちご,433.0,8.138257134294555,24
1721,コムシスホールディングス,3692.0,8.142096136722229,82
9107,川崎汽船,2295.0,8.142493638676854,33
7494,コナカ,265.0,8.17503946007729,84
9658,ビジネスブレイン太田昭和,2892.0,8.18332809624277,27
5279,日本興業,1301.0,8.187069663270174,88
3302,帝国繊維,3065.0,8.18716202542369,81
4362,日本精化,2680.0,8.194232870592161,67
7544,スリーエフ,523.0,8.197942239262957,83
1799,第一建設工業,3265.0,8.201436941594423,87
5570,ジェノバ,751.0,8.213256484149856,13
4498,サイバートラスト,2882.0,8.230310495561124,26
9536,西部ガスホールディングス,1985.0,8.243738163489382,1
9987,スズケン,5897.0,8.252153906402985,94
6013,タクマ,2267.0,8.25471393725076,1
4212,積水樹脂,2185.0,8.261929457154372,64
5011,ニチレキグループ,2814.0,8.26796899447503,91
7459,メディパルホールディングス,2613.5,8.310654933760652,35
8572,アコム,467.7999877929688,8.324814121126845,90
2303,ドーン,2556.0,8.338137058763682,67
5440,共英製鋼,2266.0,8.347093212288897,63
8804,東京建物,2828.0,8.359686722489865,19
9478,ＳＥホールディングス・アンド・インキュベーションズ,355.0,8.368268956815507,78
8011,三陽商会,3160.0,8.371591096153491,26
8001,伊藤忠商事,8344.0,8.390288174754659,88
8362,福井銀行,1984.0,8.397135634829867,64
4188,三菱ケミカルグループ,840.0,8.403695407065765,68
7520,エコス,2723.0,8.411928959955235,1
1768,ソネック,999.0,8.415691154552947,79
7613,シークス,1295.0,8.41658759837026,77
9880,イノテック,1530.0,8.41734299562551,67
5480,日本冶金工業,4400.0,8.440267485993132,39
3441,山王,1090.0,8.454833702588326,96
5280,ヨシコン,2336.0,8.468196282859306,92
3803,イメージ情報開発,875.0,8.469281499479354,77
7111,ＩＮＥＳＴ,58.0,8.4788029925187,43
6336,石井表記,700.0,8.480039672700228,92
6031,ＺＥＴＡ,417.0,8.510859759905623,67
9763,丸紅建材リース,3420.0,8.514472826960668,38
1417,ミライト・ワン,2822.5,8.514842856923165,84
5955,ワイズホールディングス,88.0,8.516935218678066,77
4894,クオリプス,6760.0,8.53742079123138,13
8365,富山銀行,1693.0,8.540484168775219,55
5632,三菱製鋼,1745.0,8.5460019407652,44
4095,日本パーカライジング,1412.0,8.547472863131789,58
8142,トーホー,3520.0,8.549060886155054,27
6973,協栄産業,3915.0,8.549118935303664,1
5237,ノザワ,999.0,8.549200278164111,75
245A,ＩＮＧＳ,3060.0,8.556832694763722,89
8358,スルガ銀行,1494.0,8.561905961458338,72
6408,小倉クラッチ,3945.0,8.568021282451156,98
5952,アマテイ,188.0,8.5784691205914,28
2695,くら寿司,3865.0,8.591818386154197,117
7399,ナンシン,591.0,8.607762422816826,24
3918,ＰＣＩホールディングス,1208.0,8.609652592965546,77
4229,群栄化学工業,3170.0,8.610245680715579,13
7811,中本パックス,1987.0,8.611679991837267,68
2341,アルバイトタイムス,169.0,8.649065660894918,94
7172,ジャパンインベストメントアドバイザー,1937.0,8.651753460925757,35
8737,あかつき本社,559.0,8.67029548989114,44
5805,ＳＷＣＣ,8400.0,8.675027168756797,80
5108,ブリヂストン,6702.0,8.679906163176609,36
8194,ライフコーポレーション,2476.0,8.686745718666968,98
165A,ＳＢＩレオスひふみ,213.0,8.688256905701458,57
8630,ＳＯＭＰＯホールディングス,4824.0,8.715902329969898,21
9034,南総通運,1460.0,8.719394745725682,94
9445,フォーバルテレコム,563.0,8.720840414027492,88
8084,ＲＹＯＤＥＮ,3085.0,8.723233291512186,78
6894,パルステック工業,1961.0,8.72618669189997,47
5017,富士石油,337.0,8.733060873306087,43
4976,東洋ドライルーブ,4255.0,8.736391979147148,63
8181,東天紅,982.0,8.73737672001417,39
2483,翻訳センター,2019.0,8.740924791566428,37
7871,フクビ化学工業,884.0,8.745740171224336,1
7878,光・彩,1235.0,8.749717386389321,1
6635,大日光・エンジニアリング,529.0,8.752261389178223,38
6946,日本アビオニクス,4470.0,8.757359977940343,96
8316,三井住友フィナンシャルグループ,4063.0,8.779463893678317,68
5997,協立エアテック,671.0,8.79253302951293,1
9304,澁澤倉庫,4490.0,8.82913744627217,81
3550,スタジオアタオ,230.0,8.874021711688968,67
2393,日本ケアサプライ,2239.0,8.885949384325082,40
6058,ベクトル,1125.0,8.889233032637724,55
4216,旭有機材,4460.0,8.892035743932803,55
2413,エムスリー,2199.5,8.90195275881646,15
2146,ＵＴグループ,2725.0,8.912289303014639,74
9872,北恵,940.0,8.927412626309442,96
9720,ホテル、ニューグランド,7100.0,8.931347680222567,78
5976,高周波熱錬,1232.0,8.932718720158444,76
6369,トーヨーカネツ,4340.0,8.93392011512525,73
4286,ＣＬホールディングス,914.0,8.961724313326545,14
3482,ロードスターキャピタル,3045.0,8.965856172226886,12
5714,ＤＯＷＡホールディングス,5219.0,8.969808326721518,43
3321,ミタチ産業,1364.0,8.973916047676633,1
8585,オリエントコーポレーション,1020.0,8.979016197273383,80
8053,住友商事,4119.0,8.981324038861803,87
7380,十六フィナンシャルグループ,5540.0,8.995042102777992,86
1860,戸田建設,1033.0,8.997518312723653,44
2415,ヒューマンホールディングス,1870.0,9.004849841447491,82
6470,大豊工業,678.0,9.005552101867133,25
9780,ハリマビステム,891.0,9.009493980620531,72
8085,ナラサキ産業,3615.0,9.010313008865577,79
9704,アゴーラ　ホスピタリティー　グループ,70.0,9.011627906976734,10
7130,ヤマエグループホールディングス,2720.0,9.01162790697675,39
4428,シノプス,986.0,9.01291349725809,46
3202,ダイトウボウ,118.0,9.016999260901706,52
6189,グローバルキッズＣＯＭＰＡＮＹ,766.0,9.025695525107215,59
3294,イーグランド,1676.0,9.056836223874514,77
8934,サンフロンティア不動産,2301.0,9.096253777199,80
9074,日本石油輸送,3385.0,9.099230342800425,86
7462,ＣＡＰＩＴＡ,450.0,9.110306478727528,58
9042,阪急阪神ホールディングス,4365.0,9.140643492233885,19
7987,ナカバヤシ,572.0,9.146419030657666,44
5959,岡部,953.0,9.153800339029637,27
5134,ＰＯＰＥＲ,1280.0,9.168443496801707,1
9997,ベルーナ,1014.0,9.188801148600149,36
7628,オーハシテクニカ,2271.0,9.18899167259649,73
7812,クレステック,1845.0,9.206061084365873,18
8076,カノークス,1942.0,9.220570811524215,46
9265,ヤマシタヘルスケアホールディングス,3075.0,9.22226642418731,28
7990,グローブライド,2352.0,9.224653564661732,76
8157,都築電気,3190.0,9.231612107930417,80
5697,サンユウ,561.0,9.237479554482448,48
3449,テクノフレックス,1485.0,9.2468709538196,96
9991,ジェコス,1371.0,9.24767055173659,88
4760,アルファ,2095.0,9.257224710038106,65
3461,パルマ,581.0,9.259816458552732,50
8830,住友不動産,6214.0,9.27417842136854,20
2307,クロスキャット,1164.0,9.276621312070493,26
4183,三井化学,3659.0,9.294786269301074,45
5208,有沢製作所,1609.0,9.309045453721986,66
8563,大東銀行,795.0,9.309402900251165,66
5444,大和工業,9762.0,9.314787469597444,17
3708,特種東海製紙,4210.0,9.322253960010386,62
3276,ＪＰＭＣ,1310.0,9.342830115185585,19
7456,松田産業,3845.0,9.348930684058844,35
1795,マサル,4520.0,9.351311248024269,94
4809,パラカ,2048.0,9.354976505766768,44
1833,奥村組,4850.0,9.35738444193912,38
8283,ＰＡＬＴＡＣ,4591.0,9.381055547437375,43
8219,青山商事,2457.0,9.389213775178698,1
4732,ユー・エス・エス,1787.5,9.411980739410756,90
4483,ＪＭＤＣ,4178.0,9.41297242939747,67
3241,ウィル,519.0,9.419800978242538,51
6731,ピクセラ,60.0,9.435797665369646,46
7011,三菱重工業,3801.0,9.43693196541168,96
9602,東宝,9408.0,9.4404824315144,69
9782,ディーエムエス,3330.0,9.44874643387718,207
6942,ソフィアホールディングス,1228.0,9.452618068595056,52
3484,イノベーションホールディングス,1074.0,9.460781649181936,50
1762,高松コンストラクショングループ,3290.0,9.462336970987494,47
1786,オリエンタル白石,417.0,9.464141962129434,38
1808,長谷工コーポレーション,2431.5,9.46424123100563,92
3948,光ビジネスフォーム,1260.0,9.472562353022946,132
9233,アジア航測,1279.0,9.500924636423829,62
6317,北川鉄工所,1553.0,9.510154193305748,84
5644,メタルアート,3775.0,9.51763886739904,67
7609,ダイトロン,4135.0,9.524818562271545,94
9039,サカイ引越センター,2929.0,9.560858831450584,80
256A,飛島ホールディングス,2097.0,9.58097600401326,90
7472,鳥羽洋行,4010.0,9.582801967571502,66
4334,ユークス,450.0,9.58503798947984,84
7649,スギホールディングス,3778.0,9.59153126462477,149
3571,ソトー,783.0,9.592236633386204,45
2654,アスモ,402.0,9.608463300250849,71
4071,プラスアルファ・コンサルティング,2404.0,9.61285929672682,89
6758,ソニーグループ,4143.0,9.61477405016404,16
2304,ＣＳＳホールディングス,990.0,9.619984055275047,27
3688,ＣＡＲＴＡ　ＨＯＬＤＩＮＧＳ,2094.0,9.62355946755268,96
8089,ナイス,1890.0,9.632161861155794,84
6286,靜甲,967.0,9.638845636366383,35
7224,新明和工業,1749.0,9.65242250978032,68
5857,ＡＲＥホールディングス,2048.0,9.654758845198318,18
3925,ダブルスタンダード,1783.0,9.676281709547514,66
6306,日工,798.0,9.679665738161551,60
1964,中外炉工業,3905.0,9.682795296232486,21
5930,文化シヤッター,2617.0,9.685765858401831,96
2961,日本調理機,4385.0,9.6981320880587,94
4619,日本特殊塗料,2140.0,9.702536819208332,1
4204,積水化学工業,2831.5,9.716309491826664,44
4384,ラクスル,1331.0,9.732771982280063,37
4901,富士フイルムホールディングス,3532.0,9.733743436791258,17
7299,フジオーゼックス,1569.0,9.74586150617859,44
1433,ベステラ,1253.0,9.78516104160096,95
7189,西日本フィナンシャルホールディングス,2485.0,9.826163818503248,78
3388,明治電機工業,2095.0,9.827700695488064,80
8714,池田泉州ホールディングス,658.0,9.830191618632185,91
3802,エコミック,524.0,9.84403823578735,36
3245,ディア・ライフ,1352.0,9.885346453109094,96
2053,中部飼料,1780.0,9.888300805847544,96
1720,東急建設,1116.0,9.888667156811254,96
7725,インターアクション,1421.0,9.89265938689022,48
2588,プレミアムウォーターホールディングス,3420.0,9.895759694605468,52
7989,立川ブラインド工業,1819.0,9.923534957174745,73
6411,中野冷機,7860.0,9.938270453740143,82
3352,バッファロー,1510.0,9.94184974128474,68
7806,ＭＴＧ,4500.0,9.943806498900562,121
4194,ビジョナル,11740.0,9.960923596827426,94
5013,ユシロ,2296.0,9.961685823754788,40
5970,ジーテクト,1968.0,9.976901870203411,72
3420,ケー・エフ・シー,1680.0,9.979313414857684,93
1717,明豊ファシリティワークス,1090.0,9.983990098077472,71
3633,ＧＭＯペパボ,1722.0,9.986970184716784,77
9270,バリュエンスホールディングス,990.0,10.0114085905205,10
3280,エストラスト,1174.0,10.015743309093647,98
6134,ＦＵＪＩ,2826.5,10.021642325537943,71
8065,佐藤商事,1715.0,10.03558779749175,66
5406,神戸製鋼所,1820.0,10.037606258842306,27
2282,日本ハム,5654.0,10.041390406248784,19
7239,タチエス,1948.0,10.045720569737046,68
2411,ゲンダイエージェンシー,450.0,10.056740363920955,93
3201,日本毛織,1596.0,10.06188107432166,15
9672,東京都競馬,5290.0,10.070744902205575,69
9365,トレーディア,1418.0,10.08063264017554,50
6571,キュービーネットホールディングス,1327.0,10.090373107087164,97
1848,富士ピー・エス,545.0,10.1010101010101,98
9960,東テク,3175.0,10.113060969688558,90
9401,ＴＢＳホールディングス,5404.0,10.117018010503626,53
8600,トモニホールディングス,638.0,10.146862483311075,96
7681,レオクラン,1139.0,10.149057430951345,13
3097,物語コーポレーション,4265.0,10.151689939565072,96
1852,淺沼組,855.0,10.15391486583984,44
9956,バローホールディングス,2855.0,10.155671248662433,48
9687,ＫＳＫ,4265.0,10.161173674966424,83
7037,テノ．ホールディングス,555.0,10.177342509264156,13
6457,グローリー,3809.0,10.179689217489909,76
4633,サカタインクス,2254.0,10.179820244930946,87
4275,カーリット,1352.0,10.193436209519664,69
5724,アサカ理研,1280.0,10.195367203103842,95
3679,じげん,527.0,10.201862488150343,68
6810,マクセル,2065.0,10.210137553637376,51
4113,田岡化学工業,1426.0,10.219098460333491,77
8057,内田洋行,10750.0,10.22174222125006,96
6047,Ｇｕｎｏｓｙ,725.0,10.23374622417742,67
1941,中電工,3870.0,10.24384685505925,38
6144,西部電機,2123.0,10.252113641556864,35
7509,アイエーグループ,3920.0,10.260942281011848,1
6651,日東工業,3520.0,10.26509566750061,44
2112,塩水港精糖,398.0,10.265597872261832,61
4043,トクヤマ,3395.0,10.285041082125264,85
3861,王子ホールディングス,802.4000244140625,10.291088466217284,90
7191,イントラスト,1027.0,10.298855841793992,91
5476,日本高周波鋼業,450.0,10.308537063668457,82
7532,パン・パシフィック・インターナショナルホールディングス,5465.0,10.311334312981415,96
7131,のむら産業,2517.0,10.326992197773292,19
219A,Ｈｅａｒｔｓｅｅｄ,3485.0,10.334623648651505,84
2344,平安レイサービス,1012.0,10.33580462276493,80
5975,東プレ,2158.0,10.363309058178553,44
7567,栄電子,515.0,10.379218700883037,48
9274,ＫＰＰグループホールディングス,823.0,10.392746002790002,80
1968,太平電業,6300.0,10.403645072726215,88
6859,エスペック,3350.0,10.45849618176302,77
7795,ＫＹＯＲＩＴＳＵ,198.0,10.482850978349823,70
7283,愛三工業,1973.0,10.495896773422746,14
8617,光世証券,480.0,10.507413205635876,55
8032,日本紙パルプ商事,698.0,10.510649975723542,55
7923,トーイン,764.0,10.517484136015591,22
8881,日神グループホールディングス,576.0,10.522680174994251,44
6417,ＳＡＮＫＹＯ,2968.0,10.531803962460904,77
8877,エスリード,5150.0,10.545069475250775,63
3551,ダイニック,956.0,10.55601813303728,74
3440,日創グループ,1112.0,10.56945526860337,1
8214,ＡＯＫＩホールディングス,1813.0,10.574292025187086,1
8031,三井物産,3376.0,10.574445599294286,80
5868,ロココ,1049.0,10.58401855365802,85
7949,小松ウオール工業,2610.0,10.585723001830392,84
8850,スターツコーポレーション,4980.0,10.614227329266129,82
7912,大日本印刷,2464.5,10.620859292241946,67
299A,ｄｅｌｙ,1990.0,10.63012845695988,96
1879,新日本建設,1880.0,10.632488289433423,93
7378,アシロ,2175.0,10.643478732712488,30
3320,クロスプラス,1308.0,10.651043155187198,1
1835,東鉄工業,4340.0,10.657827638959716,88
6664,オプトエレクトロニクス,302.0,10.67135737320434,78
1431,Ｌｉｂ　Ｗｏｒｋ,789.0,10.692306253390454,36
8593,三菱ＨＣキャピタル,1212.0,10.698410765390012,73
4224,ロンシール工業,1850.0,10.72186667092265,65
2804,ブルドックソース,2099.0,10.736343045258224,68
6809,ＴＯＡ,1148.0,10.75094543490006,80
7267,本田技研工業,1663.5,10.751347080807095,40
7501,ティムコ,1033.0,10.767185176712797,97
8129,東邦ホールディングス,5364.0,10.777008607728783,55
6929,日本セラミック,3260.0,10.779351997426469,36
3353,メディカル一光グループ,3110.0,10.799179159778824,96
1926,ライト工業,3280.0,10.801327814286156,98
9164,トライト,876.0,10.809397716348188,91
9743,丹青社,1396.0,10.811239879345932,113
5885,ジーデップ・アドバンス,3185.0,10.82115518441197,73
8285,三谷産業,400.0,10.836073447371342,45
3447,信和,862.0,10.8444063437634,45
8306,三菱ＵＦＪフィナンシャル・グループ,2267.5,10.8530921535077,76
7270,ＳＵＢＡＲＵ,2975.0,10.85717124793502,26
6246,テクノスマート,1871.0,10.8631246296662,44
8917,ファースト住建,1136.0,10.868207370393494,27
8920,東祥,708.0,10.913838120104431,52
8919,カチタス,2699.0,10.926925500726092,80
3946,トーモク,3325.0,10.93391341482944,90
6597,ＨＰＣシステムズ,1995.0,10.939342037947371,81
7389,あいちフィナンシャルグループ,2957.0,10.948521686927815,36
3073,ＤＤグループ,1687.0,10.95764272559852,79
3712,情報企画,5750.0,10.986720197652868,51
4361,川口化学工業,1530.0,10.991817073878474,70
6028,テクノプロ・ホールディングス,4828.0,11.001434649859611,93
8097,三愛オブリ,2093.0,11.00229111274538,65
8370,紀陽銀行,2930.0,11.029708973322553,90
4440,ヴィッツ,1408.0,11.034004163775164,84
6845,アズビル,1511.5,11.040640213143174,87
3733,ソフトウェア・サービス,14760.0,11.049806891708878,90
1929,日特建設,1251.0,11.05521690240871,55
6741,日本信号,1212.0,11.07445287583855,87
3242,アーバネットコーポレーション,549.0,11.076640858938736,40
3553,共和レザー,889.0,11.084269101329518,78
6540,船場,1864.0,11.10581278908969,90
5938,ＬＩＸＩＬ,1912.0,11.105945795174554,42
6184,鎌倉新書,602.0,11.11111111111112,61
9351,東洋埠頭,1561.0,11.11374744934277,77
6727,ワコム,745.0,11.116635179476976,68
9601,松竹,15050.0,11.1193148257531,15
2296,伊藤ハム米久ホールディングス,5690.0,11.122684130352711,113
6208,石川製作所,1635.0,11.123697326687818,31
9532,大阪瓦斯,4220.0,11.124158864703094,1
2158,ＦＲＯＮＴＥＯ,782.0,11.146907216494837,26
6101,ツガミ,2160.0,11.153041270712546,36
9906,藤井産業,3335.0,11.167668177190787,1
4397,チームスピリット,544.0,11.171662125340603,67
7043,アルー,891.0,11.184133903465716,134
4979,ＯＡＴアグリオ,2422.0,11.19000544778996,36
1813,不動テトラ,2581.0,11.190570557116034,22
5906,エムケー精工,557.0,11.192440777215865,57
8515,アイフル,477.0,11.209549566352695,90
167A,リョーサン菱洋ホールディングス,2967.0,11.219124541428853,68
3723,日本ファルコム,1305.0,11.22411872997114,19
9324,安田倉庫,2127.0,11.229256728489752,78
3863,日本製紙,1205.0,11.232138241701444,36
5038,ｅＷｅＬＬ,2761.0,11.243922748395066,15
8308,りそなホールディングス,1495.5,11.266250353403342,76
7088,フォーラムエンジニアリング,1319.0,11.267954154341046,81
7719,東京衡機,270.0,11.269849991757788,27
9336,大栄環境,3425.0,11.287534496427972,4
7946,光陽社,1819.0,11.29466470876162,27
6653,正興電機製作所,1609.0,11.301211931157876,86
2060,フィード・ワン,1145.0,11.304809923139732,98
9252,ラストワンマイル,4015.0,11.34237206905361,24
3984,ユーザーローカル,2112.0,11.356382604783269,78
5273,三谷セキサン,8850.0,11.36558111441083,96
3965,キャピタル・アセット・プランニング,864.0,11.370823594115226,57
7058,共栄セキュリティーサービス,2834.0,11.377772654149876,32
9854,愛眼,190.0,11.397748592870542,38
6677,エスケーエレクトロニクス,2971.0,11.409157725268251,86
8354,ふくおかフィナンシャルグループ,4535.0,11.41338172574865,77
8336,武蔵野銀行,3850.0,11.443458124276344,78
8570,イオンフィナンシャルサービス,1495.5,11.465838509316765,79
7220,武蔵精密工業,3355.0,11.470188231228924,74
6316,丸山製作所,2300.0,11.50397859123612,47
5989,エイチワン,1468.0,11.509479824987846,91
4175,ｃｏｌｙ,2068.0,11.528173267753903,96
6433,ヒーハイスト,455.0,11.559711007224816,49
2124,ジェイエイシーリクルートメント,1128.0,11.5697574742506,134
4187,大阪有機化学工業,2987.0,11.57456981348209,46
1719,安藤・間,1719.0,11.575075724794456,98
6297,鉱研工業,760.0,11.585294232802156,83
3490,アズ企画設計,2912.0,11.587412694600992,37
6734,ニューテック,1900.0,11.592284861821335,39
4345,シーティーエス,945.0,11.615930959542672,61
8341,七十七銀行,5695.0,11.62143445139878,78
7537,丸文,1173.0,11.627818451738976,66
8439,東京センチュリー,1869.5,11.644822753766285,84
4205,日本ゼオン,1707.0,11.667887795687664,44
4017,クリーマ,296.0,11.709354400442802,16
8058,三菱商事,3311.0,11.718208729608875,87
4246,ダイキョーニシカワ,763.0,11.72829864500762,75
5844,京都フィナンシャルグループ,2942.0,11.73000481049194,88
4221,大倉工業,4855.0,11.742772969987106,204
8399,琉球銀行,1333.0,11.74386372781329,72
9409,テレビ朝日ホールディングス,3110.0,11.744556495077497,68
7490,日新商事,1190.0,11.758076634109695,77
2586,フルッタフルッタ,291.0,11.802674043337955,69
4100,戸田工業,1345.0,11.808780660821755,46
9513,電源開発,2850.0,11.835461913158124,41
3277,サンセイランディック,1299.0,11.846485890753788,96
6480,日本トムソン,628.0,11.855229410088333,77
8101,ＧＳＩクレオス,2357.0,11.860963988078293,69
2480,システム・ロケーション,1643.0,11.883381606544576,40
4259,エクサウィザーズ,497.0,11.89325488548014,73
9622,スペース,1347.0,11.915497014478952,84
7643,ダイイチ,1822.0,11.918295139969532,85
1963,日揮ホールディングス,1424.0,11.9185970354147,67
4997,日本農薬,980.0,11.969288423746628,91
7887,南海プライウッド,6890.0,12.000953660756856,73
3036,アルコニックス,2142.0,12.012104140229535,80
7791,ドリームベッド,900.0,12.029476199960165,37
7097,さくらさくプラス,2791.0,12.040957238972538,95
5631,日本製鋼所,9100.0,12.052773983398133,93
4041,日本曹達,3535.0,12.086058417921926,70
3433,トーカロ,2142.0,12.08870471597378,1
7337,ひろぎんホールディングス,1420.0,12.088744816553358,35
3437,特殊電極,2800.0,12.094522949081378,1
5541,大平洋金属,2010.0,12.1001204658011,35
3766,システムズ・デザイン,1331.0,12.122607601761173,80
8562,福島銀行,254.0,12.151183327446136,49
5185,フコク,1912.0,12.162690653109106,48
6042,ニッキ,2986.0,12.164558103194404,48
2353,日本駐車場開発,293.0,12.168853044765465,96
2429,ワールドホールディングス,2576.0,12.171671427576117,78
6643,戸上電機製作所,4035.0,12.183051601423482,45
2329,東北新社,688.0,12.200743656091683,35
9722,藤田観光,11850.0,12.205991894655783,66
1946,トーエネック,1421.0,12.20901462428536,84
6996,ニチコン,1370.0,12.210464240081244,43
7266,今仙電機製作所,787.0,12.210562336032847,94
1815,鉄建建設,3340.0,12.216099986560945,90
9502,中部電力,2055.0,12.231708871129236,44
3289,東急不動産ホールディングス,1208.5,12.236242508296597,21
9791,ビケンテクノ,1129.0,12.250444096826367,15
1814,大末建設,2558.0,12.25337608537926,98
4825,ウェザーニューズ,4600.0,12.253530292184548,94
369A,エータイ,3280.0,12.257994259534389,21
8020,兼松,3129.0,12.273945077026118,80
6136,オーエスジー,2028.0,12.299406016619717,52
3123,サイボー,571.0,12.307248505192488,65
9980,ＭＲＫホールディングス,101.0,12.338721637253448,66
6526,ソシオネクスト,2894.0,12.340940910373105,70
8078,阪和興業,6390.0,12.352306826706686,78
7822,永大産業,262.0,12.36276303751143,85
9060,日本ロジテム,4755.0,12.370064029891257,1
2384,ＳＢＳホールディングス,3405.0,12.381182890336204,45
4396,システムサポートホールディングス,2930.0,12.41271708826764,87
4262,ニフティライフスタイル,1415.0,12.422932689251882,46
8946,ＡＳＩＡＮ　ＳＴＡＲ,115.0,12.436448963629251,93
2975,スター・マイカ・ホールディングス,1130.0,12.443778110944525,23
5533,エリッツホールディングス,2009.0,12.449904099467886,45
1801,大成建設,9716.0,12.451621266272848,92
8542,トマト銀行,1413.0,12.48447666457919,62
5921,川岸工業,4415.0,12.487897678052756,50
7897,ホクシン,136.0,12.495864122642551,9
5753,日本伸銅,2339.0,12.51322836160728,26
1951,エクシオグループ,2172.5,12.561267525361908,80
4491,コンピューターマネージメント,3005.0,12.563117754880862,94
7771,日本精密,102.0,12.582781456953647,82
4447,ピー・ビーシステムズ,638.0,12.638591370259652,53
3086,Ｊ．フロント　リテイリング,2341.0,12.671582311379792,73
9830,トラスコ中山,2404.0,12.683978625667944,78
8237,松屋,1237.0,12.69359246887336,33
3023,ラサ商事,1695.0,12.709460058515834,40
8601,大和証券グループ本社,1158.5,12.72671838916422,57
9716,乃村工藝社,1038.0,12.728062554300616,26
6471,日本精工,779.0,12.753224320028444,76
8604,野村ホールディングス,1068.5,12.756327084812735,58
4718,早稲田アカデミー,2813.0,12.779844762332424,98
6573,アジャイルメディア・ネットワーク,127.0,12.78863232682061,57
6396,宇野澤組鐵工所,3400.0,12.800913023860716,45
3923,ラクス,2618.5,12.805114463696428,96
9686,東洋テック,1635.0,12.82086668506762,49
7936,アシックス,4093.0,12.82361329589391,71
9310,日本トランスシティ,1200.0,12.828613336342102,71
3096,オーシャンシステム,1448.0,12.840547785789983,93
7122,近畿車輛,2253.0,12.84333825287326,69
5131,リンカーズ,201.0,12.844245504893411,1
7208,カネミツ,976.0,12.849764896323132,50
4680,ラウンドワン,1575.0,12.878411436434527,68
8002,丸紅,3375.0,12.898657704650418,88
5351,品川リフラクトリーズ,1936.0,12.914388808099975,36
6484,ＫＶＫ,2223.0,12.929008310924766,42
3104,富士紡ホールディングス,6380.0,12.9403434236148,66
5851,リョービ,2512.0,12.9570894963097,42
3444,菊池製作所,356.0,12.97283574511297,57
1890,東洋建設,1744.0,12.99727873525981,84
8331,千葉銀行,1545.0,13.009089490520395,46
6971,京セラ,1979.5,13.012617992308073,1
2378,ルネサンス,1211.0,13.012803762738445,40
184A,学びエイド,665.0,13.018354860639024,66
2108,日本甜菜製糖,2712.0,13.02951326179613,46
6284,日精エー・エス・ビー機械,7020.0,13.036197346386713,74
6841,横河電機,4323.0,13.062172425697518,83
9507,四国電力,1394.5,13.066345228700238,44
8841,テーオーシー,799.0,13.068171097567882,80
4231,タイガースポリマー,948.0,13.07251908396947,43
9562,ビジネスコーチ,2260.0,13.08669980318244,82
4662,フォーカスシステムズ,1631.0,13.094247517612464,83
1515,日鉄鉱業,8470.0,13.110288095153312,96
6196,ストライク,4300.0,13.112252950563809,82
3099,三越伊勢丹ホールディングス,2550.0,13.180079122491916,70
3798,ＵＬＳグループ,7490.0,13.183027079303669,84
1332,ニッスイ,1006.5,13.204194239033484,44
1847,イチケン,3575.0,13.238983351493804,88
5867,エスネットワークス,1276.0,13.250417144953431,83
7212,エフテック,782.0,13.256734575649316,76
8041,ＯＵＧホールディングス,4050.0,13.284600753365908,72
9214,Ｒｅｃｏｖｅｒｙ　Ｉｎｔｅｒｎａｔｉｏｎａｌ,1605.0,13.290918844644384,18
2325,ＮＪＳ,6300.0,13.33789083582196,2
3907,シリコンスタジオ,1010.0,13.342211183098168,67
2809,キユーピー,4207.0,13.349379411923197,96
3467,アグレ都市デザイン,2165.0,13.35474187580718,77
4064,日本カーバイド工業,2106.0,13.365583371612308,49
3001,片倉工業,2756.0,13.376446002204991,60
7327,第四北越フィナンシャルグループ,4000.0,13.385112534724186,88
7539,アイナボホールディングス,799.0,13.395526624531657,95
9082,大和自動車交通,992.0,13.404261805322683,44
4406,新日本理化,233.0,13.407748718281514,45
6503,三菱電機,3621.0,13.41095209658357,85
4751,サイバーエージェント,1770.0,13.415009226983797,91
4992,北興化学工業,1604.0,13.418876747716066,69
6594,ニデック,3231.0,13.421483735080743,81
7921,ＴＡＫＡＲＡ　＆　ＣＯＭＰＡＮＹ,3900.0,13.429247295148713,26
7723,愛知時計電機,2612.0,13.4704941961493,90
9220,エフビー介護サービス,1191.0,13.47468177545162,73
4977,新田ゼラチン,995.0,13.51363684762934,94
8070,東京産業,910.0,13.530507685142066,68
7119,ハルメクホールディングス,1235.0,13.536074134000147,53
6877,ＯＢＡＲＡ　ＧＲＯＵＰ,4235.0,13.557140558803022,77
5125,ファインズ,631.0,13.560970864341652,1
5204,石塚硝子,2988.0,13.572438538610063,67
3683,サイバーリンクス,1482.0,13.577143557830851,96
9325,ファイズホールディングス,1317.0,13.635056314209129,79
6508,明電舎,5900.0,13.642200421182388,66
9025,鴻池運輸,3455.0,13.661926122193128,1
7779,ＣＹＢＥＲＤＹＮＥ,207.0,13.669644164592189,35
7110,クラシコム,1769.0,13.69381721581901,96
8801,三井不動産,1610.0,13.70966602788358,19
5202,日本板硝子,533.0,13.713944359105644,46
3101,東洋紡,1078.0,13.72907581938388,44
8802,三菱地所,3178.0,13.73858021230248,96
8346,東邦銀行,400.0,13.74407582938388,35
1743,コーアツ工業,1838.0,13.747947420970558,90
2136,ヒップ,1397.0,13.752334216354722,78
9020,東日本旅客鉄道,3645.0,13.775561854626435,1
8616,東海東京フィナンシャル・ホールディングス,584.0,13.786922297560594,46
5831,しずおかフィナンシャルグループ,1980.0,13.81796024419127,91
7932,ニッピ,11900.0,13.839285714285706,78
2461,ファンコミュニケーションズ,523.0,13.860667634252543,90
6371,椿本チエイン,2192.0,13.87012987012987,40
5951,ダイニチ工業,803.0,13.8920932695399,43
9267,Ｇｅｎｋｙ　ＤｒｕｇＳｔｏｒｅｓ,4585.0,13.90549694430182,90
6590,芝浦メカトロニクス,10750.0,13.935051721214167,68
2454,オールアバウト,419.0,13.94539323398237,76
7379,サーキュレーション,896.0,13.950451901717742,86
6748,星和電機,679.0,13.96186725148815,84
1434,ＪＥＳＣＯホールディングス,1090.0,13.969050606440822,55
5195,バンドー化学,1977.0,13.970899084543303,47
3921,ネオジャパン,1973.0,13.980358174465628,65
8795,Ｔ＆Ｄホールディングス,3926.0,13.981233451527489,80
8343,秋田銀行,3560.0,13.9953889505593,78
9978,文教堂グループホールディングス,62.0,14.082433758586854,46
6995,東海理化電機製作所,2644.0,14.110450629822935,47
1893,五洋建設,1074.0,14.123874326405415,98
1997,暁飯島工業,3095.0,14.166199427509074,62
3288,オープンハウスグループ,7560.0,14.175249947141094,126
3670,協立情報通信,2210.0,14.19142823680168,49
8359,八十二銀行,1435.0,14.194616274258056,87
7173,東京きらぼしフィナンシャルグループ,7120.0,14.197728876627954,91
244A,グロースエクスパートナーズ,2208.0,14.200595829195628,78
1429,日本アクア,922.0,14.218228667701757,81
6171,土木管理総合試験所,441.0,14.221086438512284,39
6496,中北製作所,5030.0,14.221266803923935,84
3612,ワールド,3035.0,14.247784057258151,35
7359,東京通信グループ,476.0,14.258281325011996,75
5832,ちゅうぎんフィナンシャルグループ,2118.5,14.259877173553487,76
4199,ワンダープラネット,1289.0,14.26629631818451,95
2918,わらべや日洋ホールディングス,2845.0,14.277221677726189,96
7971,東リ,586.0,14.286457249843975,73
1723,日本電技,5250.0,14.287787533560692,91
6061,ユニバーサル園芸社,6020.0,14.31537370873,98
8368,百五銀行,842.0,14.317264350753977,44
7246,プレス工業,655.0,14.355882489873832,44
6037,楽待,1129.0,14.3684914299607,134
9890,マキヤ,1257.0,14.37809375909929,43
4658,日本空調サービス,1298.0,14.388108806768107,83
4261,アジアクエスト,2820.0,14.400385120918232,38
3494,マリオン,474.0,14.426419466975664,78
3004,神栄,2130.0,14.452134290504237,75
6454,マックス,5650.0,14.474430666990834,85
8425,みずほリース,1280.0,14.50381679389314,44
5331,ノリタケ,4515.0,14.512529167089372,44
6161,エスティック,1096.0,14.51498307351527,72
8037,カメイ,2875.0,14.523581899298913,87
9253,スローガン,813.0,14.560826679192116,82
7358,ポピンズ,1514.0,14.583543562937704,80
3660,アイスタイル,640.0,14.588555468022635,79
5356,美濃窯業,1198.0,14.606053648643485,74
5940,不二サッシ,823.0,14.617570051807704,44
5210,日本山村硝子,2967.0,14.640969367252948,136
7291,日本プラスト,424.0,14.693789223111878,78
9257,ＹＣＰホールディングス（グローバル）リミテッド　ＪＤＲ,774.0,14.700652045050392,29
1435,ｒｏｂｏｔ　ｈｏｍｅ,178.0,14.710431345592015,26
5981,東京製綱,1500.0,14.711640427441052,44
1773,ワイ・ティー・エル・コーポレーション・バーハッド,90.0,14.717878993881714,59
1812,鹿島建設,4370.0,14.752778225157034,96
4575,キャンバス,1217.0,14.755025836382154,13
7619,田中商事,823.0,14.783821478382148,78
6745,ホーチキ,3545.0,14.793274959846643,81
8386,百十四銀行,5090.0,14.803398240733772,77
3934,ベネフィットジャパン,1984.0,14.817472626681171,88
7925,前澤化成工業,2199.0,14.826289772331688,31
7966,リンテック,3420.0,14.83549200180872,68
6373,大同工業,1360.0,14.845465293024825,86
4094,日本化学産業,2399.0,14.854297660464088,83
1905,テノックス,1390.0,14.874767220195922,70
4544,Ｈ．Ｕ．グループホールディングス,3670.0,14.89006165854072,1
8007,高島,1742.0,14.909672993368394,93
4620,藤倉化成,609.0,14.91152022030699,1
3131,シンデン・ハイテックス,3240.0,14.936004767715753,77
9531,東京瓦斯,5733.0,14.937402975289007,1
4373,シンプレクス・ホールディングス,4550.0,14.947368421052628,96
6626,ＳＥＭＩＴＥＣ,2443.0,14.95893539461549,81
9404,日本テレビホールディングス,3852.0,14.985074626865671,28
6262,ＰＥＧＡＳＵＳ,649.0,15.043724887733395,52
1960,サンテック,1031.0,15.065252005178497,72
7325,アイリックコーポレーション,870.0,15.071247178329578,87
4073,ジィ・シィ企画,674.0,15.087767229014414,9
8103,明和産業,820.0,15.116801437556148,44
5076,インフロニア・ホールディングス,1443.5,15.137351242701715,42
2991,ランドネット,1366.0,15.138233310856364,54
7182,ゆうちょ銀行,1872.5,15.142906336088156,68
7611,ハイデイ日高,3890.0,15.220567908060506,96
8136,サンリオ,7717.0,15.27820932622673,13
8923,トーセイ,3155.0,15.286797986835508,90
6231,木村工機,11300.0,15.287300032647726,98
6957,芝浦電子,7000.0,15.311120384809673,10
6832,アオイ電子,2246.0,15.334844200393013,57
6376,日機装,1483.0,15.337951344961324,47
4287,ジャストプランニング,482.0,15.340437751260296,90
8524,北洋銀行,707.0,15.341947272252668,78
9342,スマサポ,1255.0,15.350678317136238,28
2488,ＪＴＰ,1576.0,15.355337380204162,62
8367,南都銀行,5000.0,15.37929018660676,91
6835,アライドテレシスホールディングス,198.0,15.402548958657142,47
8360,山梨中央銀行,3095.0,15.425926018010664,78
6083,ＥＲＩホールディングス,2912.0,15.44011544011544,40
6572,オープングループ,402.0,15.4508902929351,60
3397,トリドールホールディングス,5056.0,15.458041415091756,29
3477,フォーライフ,815.0,15.45871819572732,85
6086,シンメンテホールディングス,1125.0,15.468305233194664,63
8091,ニチモウ,2600.0,15.498063186325034,84
3672,オルトプラス,85.0,15.530989488945265,74
7180,九州フィナンシャルグループ,880.9000244140625,15.546258628945257,47
3341,日本調剤,3915.0,15.564450426835757,120
7186,コンコルディア・フィナンシャルグループ,1135.5,15.576911078580949,78
6366,千代田化工建設,398.0,15.657328838777168,26
6994,指月電機製作所,493.0,15.716834100084492,86
3300,アンビション　ＤＸ　ホールディングス,2673.0,15.724305134643682,33
8550,栃木銀行,478.0,15.764660294497537,88
2385,総医研ホールディングス,191.0,15.776287076699266,75
8772,アサックス,830.0,15.796718627925149,39
2540,養命酒製造,3820.0,15.81700508948025,225
2499,日本和装ホールディングス,383.0,15.8172728005806,16
3922,ＰＲ　ＴＩＭＥＳ,2919.0,15.819238928595984,38
1718,美樹工業,7700.0,15.83592418012236,94
8929,青山財産ネットワークス,2163.0,15.836939291375693,18
1972,三晃金属工業,7660.0,15.842961708305614,85
5599,Ｓ＆Ｊ,1462.0,15.883366271757865,25
7808,シー・エス・ランバー,3450.0,15.920667703045975,44
1930,北陸電気工事,1460.0,15.931901918434772,40
6633,ＣＧＳホールディングス,381.0,15.960555149744335,21
4170,Ｋａｉｚｅｎ　Ｐｌａｔｆｏｒｍ,236.0,15.966716897071354,80
4116,大日精化工業,3815.0,15.988000891825612,84
9534,北海道瓦斯,689.0,15.993265993265991,1
5713,住友金属鉱山,4044.0,15.999785823013324,68
1959,九電工,7075.0,16.012260951885395,82
8388,阿波銀行,3505.0,16.044232551979867,46
4404,ミヨシ油脂,2118.0,16.04885960170074,46
5741,ＵＡＣＪ,6210.0,16.089232303090732,50
3195,ジェネレーションパス,493.0,16.105633360547632,20
4767,テー・オー・ダブリュー,378.0,16.131410781582826,20
2903,シノブフーズ,1607.0,16.131736411551024,78
3116,トヨタ紡織,2450.0,16.1471386717824,39
7416,はるやまホールディングス,837.0,16.159653602753423,98
4401,ＡＤＥＫＡ,3329.0,16.169782130768073,64
8591,オリックス,3833.0,16.170994328341923,66
8596,九州リースサービス,1431.0,16.191579425997908,84
2286,林兼産業,629.0,16.223207686622313,68
3661,エムアップホールディングス,2464.0,16.238112011271564,37
8544,京葉銀行,1228.0,16.24091276252019,78
6840,ＡＫＩＢＡホールディングス,332.0,16.333395626985613,71
5578,ＡＲアドバンストテクノロジ,2719.0,16.333795416816425,94
248A,キッズスター,1959.0,16.334771764519573,50
2926,篠崎屋,121.0,16.375993844575536,95
1870,矢作建設工業,2152.0,16.382200878274606,84
6488,ヨシタケ,896.0,16.38782084589005,77
3020,アプライド,4010.0,16.400580551523948,79
2317,システナ,491.0,16.413239338665324,92
8061,西華産業,5790.0,16.417790407763878,76
3692,ＦＦＲＩセキュリティ,6660.0,16.426781656080657,160
7241,フタバ産業,930.0,16.447961534608837,44
2120,ＬＩＦＵＬＬ,222.0,16.47429171038825,68
6928,エノモト,1668.0,16.556414795490547,33
4088,エア・ウォーター,2550.0,16.582442836504164,87
4022,ラサ工業,4560.0,16.624040920716112,90
1758,太洋基礎工業,2212.0,16.65518162768785,68
3491,ＧＡ　ｔｅｃｈｎｏｌｏｇｉｅｓ,2116.0,16.664583808102567,91
3135,マーケットエンタープライズ,1873.0,16.696849870406062,30
6113,アマダ,1879.5,16.75460102373814,65
6347,プラコー,247.0,16.80327868852459,17
8203,ＭｒＭａｘＨＤ,874.0,16.82381416856328,1
4337,ぴあ,3505.0,16.87177116029272,69
4028,石原産業,2421.0,16.88424549071105,88
7167,めぶきフィナンシャルグループ,917.2000122070312,16.91364480706595,78
1942,関電工,3936.0,16.920383635107004,98
4368,扶桑化学工業,4720.0,16.98612029081296,85
8393,宮崎銀行,4440.0,17.000158108321763,77
6637,寺崎電気産業,4085.0,17.023227033654557,73
8411,みずほフィナンシャルグループ,4907.0,17.0499686721774,66
2970,グッドライフカンパニー,3770.0,17.05941774583513,14
3690,イルグルム,653.0,17.072645997179265,25
6209,リケンＮＰＲ,2931.0,17.08077015259247,38
6518,三相電機,999.0,17.092267300118777,69
6824,新コスモス電機,3065.0,17.100939863987158,50
7030,スプリックス,1311.0,17.110732619492843,78
6988,日東電工,3368.0,17.16412718291241,44
7254,ユニバンス,548.0,17.16745538514169,62
5658,日亜鋼業,373.0,17.20713926596279,40
4196,ネオマーケティング,1462.0,17.208795202616763,70
5884,クラダシ,526.0,17.229288006656365,98
4023,クレハ,3875.0,17.23524499897135,77
261A,日水コン,3170.0,17.24355591938179,75
6785,鈴木,2132.0,17.249369390508598,74
3563,ＦＯＯＤ　＆　ＬＩＦＥ　ＣＯＭＰＡＮＩＥＳ,8378.0,17.252884437751568,150
8537,大光銀行,1802.0,17.257654499865524,72
9240,デリバリーコンサルティング,552.0,17.2771309594629,51
2924,イフジ産業,2480.0,17.281342808320673,37
7793,イメージ・マジック,1587.0,17.320335524824298,44
8150,三信電気,2800.0,17.350559650407096,78
7381,北國フィナンシャルホールディングス,6160.0,17.352705843504328,35
8052,椿本興業,2903.0,17.36184480044848,90
1803,清水建設,1960.0,17.37136058957151,92
6473,ジェイテクト,1438.5,17.41515255399382,46
9867,ソレキア,7580.0,17.419861202908137,78
8345,岩手銀行,3795.0,17.429243336908996,63
5715,古河機械金属,2757.0,17.433084013425802,42
7322,三十三フィナンシャルグループ,3645.0,17.45737806345168,77
6675,サクサ,5060.0,17.459531399919523,80
1518,三井松島ホールディングス,6310.0,17.542595996224733,77
253A,ＥＴＳグループ,1009.0,17.553398058252423,58
4616,川上塗料,2049.0,17.555038783409575,32
6268,ナブテスコ,3138.0,17.59062872389061,52
6277,ホソカワミクロン,5660.0,17.67804174867629,63
8338,筑波銀行,297.0,17.695234069533974,38
9322,川西倉庫,1380.0,17.739403453689174,78
8935,ＦＪネクストホールディングス,1472.0,17.74995200409566,26
4626,太陽ホールディングス,7590.0,17.755833700232714,1
7047,ポート,2212.0,17.813316668560393,55
1810,松井建設,1419.0,17.901535461857183,96
8143,ラピーヌ,313.0,17.905575087895542,6
2726,パルグループホールディングス,5000.0,17.941218096900517,35
9022,東海旅客鉄道,3960.0,17.96341620507536,1
3323,レカム,96.0,17.9674526735304,1
5139,オープンワーク,1276.0,17.989372326129033,87
4075,ブレインズテクノロジー,927.0,17.990971420813253,62
8361,大垣共立銀行,3165.0,18.006015261862746,80
4914,高砂香料工業,8560.0,18.025553819284852,96
5838,楽天銀行,8426.0,18.03677360548691,15
6361,荏原製作所,3135.0,18.07850305836505,51
4284,ソルクシーズ,480.0,18.10636133985105,96
3077,ホリイフードサービス,441.0,18.10812741036995,24
4186,東京応化工業,4772.0,18.1168627580403,77
3186,ネクステージ,2151.0,18.179793300071275,1
3512,日本フエルト,575.0,18.19602039138299,35
1967,ヤマト,2094.0,18.196459750737542,90
7460,ヤギ,3260.0,18.25304701102727,84
7326,ＳＢＩインシュアランスグループ,1608.0,18.28167908983915,80
6542,ＦＣホールディングス,1411.0,18.28383649837369,98
7995,バルカー,3805.0,18.2847621455602,44
8006,ユアサ・フナショク,5410.0,18.30308331511043,89
5621,ヒューマンテクノロジーズ,2568.0,18.3242921123282,95
6229,オーケーエム,1517.0,18.34673434785775,29
5983,イワブチ,7940.0,18.35201526353446,66
2874,横浜冷凍,1152.0,18.50551379821144,40
9369,キユーソー流通システム,3480.0,18.53130180067667,74
6857,アドバンテスト,11560.0,18.546269962809006,61
1944,きんでん,5254.0,18.554421308205384,97
3810,サイバーステップ,387.0,18.580708420149524,36
6149,小田原エンジニアリング,2352.0,18.58903253131114,64
215A,タイミー,2327.0,18.59057119171548,87
3659,ネクソン,3358.0,18.597456170505325,92
2157,コシダカホールディングス,1441.0,18.609934370815857,67
1867,植木組,2479.0,18.66013134465528,96
7350,おきなわフィナンシャルグループ,3730.0,18.667865717606546,78
5284,ヤマウホールディングス,2494.0,18.67901782881797,79
5161,西川ゴム工業,3160.0,18.68455448221985,50
5901,東洋製罐グループホールディングス,3575.0,18.714496340604896,91
3954,昭和パックス,2517.0,18.717455286393488,71
5801,古河電気工業,8870.0,18.74883973324574,71
9633,東京テアトル,1362.0,18.758356100680125,39
7426,山大,1375.0,18.79118094272681,41
7287,日本精機,1749.0,18.81685854294798,78
6976,太陽誘電,3080.0,18.843269962770226,1
1934,ユアテック,2654.0,18.84575427199886,96
6402,兼松エンジニアリング,1483.0,18.854254602964275,71
5103,昭和ホールディングス,59.0,18.85576148267526,66
9441,ベルパーク,2515.0,18.887047063198427,80
7242,カヤバ,3805.0,18.904268262195632,44
8864,空港施設,1038.0,18.90760794855737,96
7231,トピー工業,2921.0,18.90869418903809,78
300A,ＭＩＣ,2825.0,18.930008812748728,138
4317,レイ,579.0,19.018253576714358,91
5285,ヤマックス,2122.0,19.028031232237414,66
7722,国際計測器,699.0,19.04761904761905,22
2410,キャリアデザインセンター,2306.0,19.06564961172,90
1961,三機工業,5010.0,19.081574443810613,96
1982,日比谷総合設備,4585.0,19.082660941233502,67
7181,かんぽ生命保険,4160.0,19.1437687236151,73
9702,アイ・エス・ビー,1693.0,19.20856217434164,87
8015,豊田通商,3952.0,19.249980386516384,85
8395,佐賀銀行,2910.0,19.266205449358992,65
5132,ｐｌｕｓｚｅｒｏ,4005.0,19.32264259573149,1
7901,マツモト,1124.0,19.334107188358203,36
1945,東京エネシス,1696.0,19.346969412647784,86
4301,アミューズ,2002.0,19.371303186414814,20
3137,ファンデリー,528.0,19.37418985319386,11
2134,北浜キャピタルパートナーズ,69.0,19.37716262975779,74
7084,Ｓｍｉｌｅ　Ｈｏｌｄｉｎｇｓ,2196.0,19.39108372598768,162
9024,西武ホールディングス,5281.0,19.41720575338196,1
8392,大分銀行,4955.0,19.43596336172263,90
4445,リビン・テクノロジーズ,3850.0,19.46677479013153,19
4016,ＭＩＴホールディングス,1047.0,19.47326780878191,16
7375,リファインバースグループ,949.0,19.519403536464544,10
6383,ダイフク,4649.0,19.55459548423597,33
9691,両毛システムズ,3935.0,19.55737943997925,89
5105,ＴＯＹＯ　ＴＩＲＥ,3767.0,19.581986832331268,88
6489,前澤工業,1975.0,19.61384411641202,96
4240,クラスターテクノロジー,366.0,19.628693454196814,84
2776,新都ホールディングス,168.0,19.635396885681725,51
4203,住友ベークライト,5040.0,19.68085106382979,77
9110,ＮＳユナイテッド海運,4815.0,19.75030258816507,36
7177,ＧＭＯフィナンシャルホールディングス,998.0,19.815594435818213,91
6890,フェローテック,3800.0,19.883397621681656,70
5852,アーレスティ,925.0,19.909775995575227,72
3758,アエリア,352.0,19.940029985007488,76
9064,ヤマトホールディングス,2501.0,20.08181503911503,20
8387,四国銀行,1439.0,20.08879393797777,37
7282,豊田合成,3611.0,20.09285495736387,55
4346,ＮＥＸＹＺ．Ｇｒｏｕｐ,1080.0,20.15486627208401,91
8334,群馬銀行,1556.5,20.239474700656626,52
4840,トライアイズ,426.0,20.248400451637192,55
4263,サスメド,825.0,20.25771592940994,57
2830,アヲハタ,3780.0,20.28716173213513,94
3417,大木ヘルスケアホールディングス,1352.0,20.308959102072784,83
5892,ｙｕｔｏｒｉ,5120.0,20.31394419814201,79
4176,ココナラ,485.0,20.431068732618183,86
5834,ＳＢＩリーシングサービス,5220.0,20.44671425055377,84
6853,共和電業,670.0,20.46026609133404,98
6941,山一電機,3230.0,20.46425356917308,77
8154,加賀電子,3430.0,20.46923293059849,45
2342,トランスジェニックグループ,223.0,20.514483354950286,36
6786,ＲＶＨ,104.0,20.57505023960427,96
2998,クリアル,6660.0,20.61575611228493,11
6498,キッツ,1491.0,20.62326063037992,67
4062,イビデン,7485.0,20.638635308680183,79
5703,日本軽金属ホールディングス,2041.0,20.66546323083108,77
4374,ＲＯＢＯＴ　ＰＡＹＭＥＮＴ,3040.0,20.69750452615643,68
1605,ＩＮＰＥＸ,2532.5,20.69907761915808,67
6356,日本ギア工業,700.0,20.70352914128062,75
7092,Ｆａｓｔ　Ｆｉｔｎｅｓｓ　Ｊａｐａｎ,1862.0,20.705302735641133,26
3103,ユニチカ,213.0,20.77568609662054,63
7187,ジェイリース,1710.0,20.784321112063363,37
6674,ジーエス・ユアサ　コーポレーション,3320.0,20.79755494105661,87
8046,丸藤シートパイル,3845.0,20.801025473464616,85
175A,Ｗｉｌｌ　Ｓｍａｒｔ,1151.0,20.820445352629157,51
5189,櫻護謨,2319.0,20.834114925279803,43
8551,北日本銀行,3770.0,20.84469480036585,38
3489,フェイスネットワーク,2710.0,20.858406869157758,96
7373,アイドマ・ホールディングス,2719.0,20.89817696754113,84
2585,ライフドリンク　カンパニー,2635.0,20.911493704342707,73
9823,マミーマート,6920.0,20.92828183978751,15
7351,グッドパッチ,922.0,20.97197438857983,96
8349,東北銀行,1372.0,21.01468876056968,48
9386,日本コンセプト,3040.0,21.057661675692906,55
9413,テレビ東京ホールディングス,4535.0,21.075395130286207,29
5830,いよぎんホールディングス,2048.0,21.126094156612258,35
4441,トビラシステムズ,1283.0,21.15355560032232,118
5214,日本電気硝子,4472.0,21.1622034614676,57
3985,テモナ,307.0,21.196968101905465,80
350A,デジタルグリッド,11740.0,21.205864133801363,74
5121,藤倉コンポジット,1872.0,21.251899958546357,64
9275,ナルミヤ・インターナショナル,1743.0,21.3889740089701,68
3994,マネーフォワード,6409.0,21.449434284530376,84
6855,日本電子材料,2831.0,21.455579262886324,77
8887,シーラホールディングス,437.0,21.51039928817707,40
5592,くすりの窓口,3815.0,21.53655335290095,163
6312,フロイント産業,1071.0,21.56272227855381,45
5590,ネットスターズ,1127.0,21.567978828977843,62
3664,モブキャストホールディングス,58.0,21.610287950796756,55
7014,名村造船所,3425.0,21.62757223079764,63
5333,日本碍子,2320.0,21.68768226926547,43
6486,イーグル工業,2525.0,21.70238745541597,44
1969,高砂熱学工業,8845.0,21.75659876256569,90
3153,八洲電機,2189.0,21.77889536695002,35
8522,名古屋銀行,10290.0,21.77899105297208,80
3648,ＡＧＳ,1287.0,21.882694614558996,78
6617,東光高岳,3050.0,21.90702557516134,90
6997,日本ケミコン,1437.0,21.922937689488226,87
1798,守谷商会,4950.0,21.923184288740373,93
5602,栗本鐵工所,7830.0,21.947420882133063,83
4450,パワーソリューションズ,1978.0,22.060590103506723,74
6963,ローム,2206.5,22.14226404649876,65
9519,レノバ,876.0,22.14847453845725,43
8715,アニコム　ホールディングス,896.0,22.16182806449853,85
194A,ＷＯＬＶＥＳ　ＨＡＮＤ,925.0,22.186410229314177,12
3105,日清紡ホールディングス,1162.0,22.19368152117992,77
6368,オルガノ,11220.0,22.213346888388653,78
4828,ビジネスエンジニアリング,6230.0,22.231959504532192,94
1443,技研ホールディングス,247.0,22.253019204118,55
5352,黒崎播磨,4110.0,22.266117708655607,67
5191,住友理工,2195.0,22.35956058331227,43
6570,共和コーポレーション,1273.0,22.43680991036048,72
7102,日本車輌製造,2686.0,22.44637462694733,39
4686,ジャストシステム,4630.0,22.46949284051633,63
4005,住友化学,446.2000122070313,22.470269085644,43
4412,サイエンスアーツ,1441.0,22.48679647301493,141
277A,グロービング,3095.0,22.49728223584916,77
9145,ビーイングホールディングス,4165.0,22.50288242076284,94
6226,守谷輸送機工業,4800.0,22.505231994283097,97
3924,ランドコンピュータ,952.0,22.52042007001167,80
6249,ゲームカード・ジョイコホールディングス,3015.0,22.530426018445272,53
3415,ＴＯＫＹＯ　ＢＡＳＥ,530.0,22.62462981243831,67
1975,朝日工業社,3120.0,22.69938650306748,84
2418,ツカダ・グローバルホールディング,738.0,22.724551562049616,33
6822,大井電気,3835.0,22.77552727847048,46
9845,パーカーコーポレーション,1168.0,22.969805017055737,77
6930,日本アンテナ,964.0,23.07220917168829,75
1401,エムビーエス,1405.0,23.07719261361646,91
5288,アジアパイルホールディングス,1237.0,23.197354792446813,69
4811,ドリーム・アーツ,4490.0,23.3177698434496,75
6227,ＡＩメカテック,4150.0,23.390472867971194,51
4168,ヤプリ,1077.0,23.54128749063212,74
4691,ワシントンホテル,1615.0,23.564156448289232,21
1909,日本ドライケミカル,6320.0,23.60488161051424,72
9709,ＮＣＳ＆Ａ,1463.0,23.61430309584967,96
325A,ＴＥＮＴＩＡＬ,5260.0,23.67042536983571,80
3974,ＳＣＡＴ,559.0,23.69810875402,68
9753,アイエックス・ナレッジ,1425.0,23.792480366946982,55
3306,日本製麻,883.0,23.900841908325543,59
9307,杉村倉庫,1008.0,23.97507379468677,35
7357,ジオコード,1202.0,24.00275103163686,67
6547,グリーンズ,2709.0,24.10816820192048,12
8377,ほくほくフィナンシャルグループ,3742.0,24.18059172173636,94
4390,ＩＰＳ,3040.0,24.19518253423537,21
4617,中国塗料,3350.0,24.217614428524808,76
7552,ハピネット,7040.0,24.27623217059737,94
7161,じもとホールディングス,435.0,24.285714285714285,49
9553,マイクロアド,590.0,24.35014753407335,98
5612,日本鋳鉄管,1868.0,24.430470810796407,42
8558,東和銀行,941.0,24.455534590085875,78
1888,若築建設,5730.0,24.464202965708985,70
7034,プロレド・パートナーズ,732.0,24.4643950214242,74
228A,オプロ,1784.0,24.59840759882665,84
1952,新日本空調,3130.0,24.62770955771099,87
6505,東洋電機製造,2036.0,24.653061224489804,61
3908,コラボス,425.0,24.677305796761324,71
9551,メタウォーター,2993.0,24.700609759530654,1
4060,ｒａｋｕｍｏ,1188.0,24.742744340375484,56
7279,ハイレックスコーポレーション,2693.0,24.796099948098163,75
9446,サカイホールディングス,576.0,25.036179450072357,50
7422,東邦レマック,620.0,25.10761945759793,30
2983,アールプランナー,2154.0,25.221880304780203,72
160A,アズパートナーズ,3310.0,25.288934198705977,94
2180,サニーサイドアップグループ,707.0,25.307212401928343,64
3452,ビーロット,1773.0,25.322790417130044,58
1980,ダイダン,5800.0,25.403597785977865,90
8364,清水銀行,1881.0,25.44460252534234,47
5255,モンスターラボ,227.0,25.45182972367439,1
4495,アイキューブドシステムズ,2387.0,25.607779578606166,96
7115,アルファパーチェス,3575.0,25.63903115613681,191
6138,ダイジェット工業,1082.0,25.640588954775588,79
6269,三井海洋開発,7700.0,25.64317338757928,88
6327,北川精機,818.0,25.647694922891027,39
4395,アクリート,1155.0,25.667324319619333,85
7521,ムサシ,2304.0,25.694654350021747,1
7259,アイシン,2461.5,25.73256736554984,58
5802,住友電気工業,4127.0,25.74011069923324,76
142A,ジンジブ,793.0,25.769206369345945,47
9428,クロップス,1614.0,25.8224453522093,82
1965,テクノ菱和,4880.0,26.09384689588645,84
1885,東亜建設工業,2162.0,26.109240233630675,92
7245,大同メタル工業,857.0,26.11101300841722,79
343A,ＩＡＣＥトラベル,1366.0,26.15158057632068,1
2673,夢みつけ隊,181.0,26.16171003717472,88
7235,東京ラヂエーター製造,1196.0,26.16388646656727,43
7888,三光合成,913.0,26.1746821448314,48
5259,ＢＢＤイニシアティブ,1660.0,26.32796566314572,69
9237,笑美面,2831.0,26.337304090157197,61
7603,マックハウス,430.0,26.440837450011767,52
6616,トレックス・セミコンダクター,1739.0,26.496033208542663,56
6044,三機サービス,1680.0,26.54541072020409,98
4484,ランサーズ,289.0,26.68030391583869,75
2986,ＬＡホールディングス,8420.0,26.68258139581535,14
3475,グッドコムアセット,1542.0,26.753616834721612,25
2750,石光商事,1389.0,26.81488427182549,1
5821,平河ヒューテック,2004.0,26.921128187806108,36
4673,川崎地質,4740.0,26.949323829691497,80
3777,環境フレンドリーホールディングス,65.0,26.98619432143787,50
4461,第一工業製薬,5470.0,27.03204830469113,75
2814,佐藤食品工業,3150.0,27.042767031796988,24
6357,三精テクノロジーズ,2101.0,27.16993922959593,78
7711,助川電気工業,3080.0,27.21665381649962,79
6029,アトラグループ,235.0,27.38508239375543,98
5268,旭コンクリート工業,816.0,27.57175911450191,39
4343,イオンファンタジー,3955.0,27.813733432151533,52
1783,ｆａｎｔａｓｉｓｔａ,66.0,27.94003618506074,51
6254,野村マイクロ・サイエンス,3225.0,28.018863430667373,26
1384,ホクリヨウ,2076.0,28.02802308944694,49
6907,ジオマテック,1139.0,28.179158226423585,13
6403,水道機工,2775.0,28.25845812534665,81
3744,サイオス,544.0,28.382630585273755,61
6644,大崎電気工業,1314.0,28.559687960655904,90
7505,扶桑電通,3180.0,28.62482000614809,85
6380,オリエンタルチエン工業,2450.0,28.66385648465836,13
7089,フォースタートアップス,1993.0,28.79780102366139,80
6343,フリージア・マクロス,138.0,29.10066109517276,78
341A,トヨコー,3340.0,29.16499087337189,98
3392,デリカフーズホールディングス,805.0,29.410125605521507,81
153A,カウリス,2295.0,29.510774694516343,80
3359,ｃｏｔｔａ,576.0,29.52358108715858,64
7356,Ｒｅｔｔｙ,259.0,29.83757770202527,74
2498,オリエンタルコンサルタンツホールディングス,6830.0,29.89071176813653,56
6224,ＪＲＣ,1639.0,29.92675270317405,75
3902,メディカル・データ・ビジョン,587.0,30.205252573050988,42
4019,スタメン,1449.0,30.27139123972094,95
6844,新電元工業,3105.0,30.38621755391816,46
6472,ＮＴＮ,324.0,30.435482788212227,43
5287,イトーヨーギョー,959.0,30.784616783343942,64
4072,電算システムホールディングス,3605.0,30.8137425188812,73
3779,ジェイ・エスコムホールディングス,249.0,30.832282471626737,75
7271,安永,736.0,30.845995211795103,89
7236,ティラド,6790.0,30.9311085114862,88
218A,Ｌｉｂｅｒａｗａｒｅ,2170.0,31.15269316313703,143
2531,宝ホールディングス,1692.0,31.172281198639684,33
7372,デコルテ・ホールディングス,450.0,31.185136238193344,39
3252,地主,3035.0,31.18916021647292,68
7080,スポーツフィールド,973.0,31.3586780429852,82
9337,トリドリ,2924.0,31.390534848748104,36
4013,勤次郎,1239.0,31.45051773892379,169
3541,農業総合研究所,600.0,31.5635598175652,39
6551,ツナググループ・ホールディングス,901.0,31.627644240134018,39
9376,ユーラシア旅行社,730.0,31.708725251990664,49
7819,粧美堂,909.0,31.85633606684203,95
4366,ダイトーケミックス,973.0,31.866642573183952,74
8473,ＳＢＩホールディングス,6944.0,32.04432916764914,67
7565,萬世電機,6050.0,32.11337729833604,65
6777,ｓａｎｔｅｃ　Ｈｏｌｄｉｎｇｓ,7560.0,32.27883538633819,60
4370,モビルス,581.0,32.36232192217734,82
5532,リアルゲイト,2953.0,32.47697092953703,69
6794,フォスター電機,2198.0,32.53738543174143,70
247A,Ａｉロボティクス,7900.0,32.62747907060034,98
5101,横浜ゴム,5494.0,32.737376177820735,74
4479,マクアケ,1234.0,32.77954721528794,94
176A,レジル,2743.0,32.790916836642495,21
276A,ククレブ・アドバイザーズ,7680.0,32.98087245610593,167
3847,パシフィックシステム,6830.0,33.15916712157842,86
7727,オーバル,638.0,33.22753090544604,77
6969,松尾電機,1030.0,33.39633868878855,1
6332,月島ホールディングス,3000.0,33.83456857683294,170
6543,日宣,1240.0,33.86495473061478,76
2982,ＡＤワークスグループ,447.0,34.23423423423424,96
6045,レントラックス,1570.0,34.40399958908333,43
9051,センコン物流,1619.0,34.423176177546395,1
3542,ベガコーポレーション,2335.0,34.672172749504,98
5587,インバウンドプラットフォーム,1305.0,34.88650928184562,76
5727,東邦チタニウム,1746.0,35.01531101465114,71
7383,ネットプロテクションズホールディングス,877.0,35.19763211444781,63
2321,ソフトフロントホールディングス,176.0,35.28748590755355,55
4222,児玉化学工業,869.0,35.479244184837974,75
6492,岡野バルブ製造,8700.0,35.60836719212743,67
5028,セカンドサイトアナリティカ,577.0,35.80731209791307,70
2164,地域新聞社,677.0,36.39660452371997,73
7906,ヨネックス,4260.0,36.81267155110029,76
6814,古野電気,5200.0,36.95839976401014,78
6193,バーチャレクス・ホールディングス,1170.0,37.77456783532995,11
8927,明豊エンタープライズ,563.0,37.89105871595584,96
4319,ＴＡＣ,348.0,37.9711370724745,91
2389,デジタルホールディングス,1847.0,37.97860472528787,16
3727,アプリックス,216.0,38.26064692327388,6
1850,南海辰村建設,482.0,38.27793290747045,61
9509,北海道電力,1164.0,38.30929973204383,44
4464,ソフト９９コーポレーション,2456.0,38.45980381102718,15
3540,歯愛メディカル,1497.0,38.67959486166008,88
168A,イタミアート,1514.0,39.048761970071766,9
7072,インティメート・マージャー,1307.0,39.28160388752327,31
4563,アンジェス,96.0,39.61605584642233,25
6023,ダイハツインフィニアース,3155.0,39.62483478096677,66
6310,井関農機,1955.0,39.62557016750306,72
212A,フィットイージー,3135.0,39.82302463739676,81
6538,ディスラプターズ,297.0,40.09433962264151,73
9610,ウィルソン・ラーニング　ワールドワイド,189.0,40.26320997427271,9
3935,エディア,1137.0,40.42584724829563,94
4839,ＷＯＷＯＷ,1751.0,40.531198835728574,40
5262,日本ヒューム,3340.0,40.65526825570623,64
1811,錢高組,6510.0,40.6857801469529,84
4506,住友ファーマ,1490.0,40.91700083226149,85
3856,Ａｂａｌａｎｃｅ,1066.0,40.9704834785062,51
145A,Ｌ　ｉｓ　Ｂ,1395.0,41.13147990773339,73
7060,ギークス,713.0,41.19557468381168,98
8115,ムーンバット,1783.0,41.25532117166127,96
7571,ヤマノホールディングス,150.0,41.616314199395774,73
5870,ナルネットコミュニケーションズ,1016.0,41.93115780062583,86
281A,インフォメティス,1629.0,42.88303881553558,44
5843,ニッポンインシュア,3265.0,42.96682060473726,193
9271,和心,713.0,43.349238687540215,25
8050,セイコーグループ,6410.0,43.48176446009671,55
9501,東京電力ホールディングス,748.9000244140625,43.516192987990685,52
6330,東洋エンジニアリング,1530.0,43.77176936377076,52
6648,かわでん,7050.0,43.93042342084848,145
5597,ブルーイノベーション,2714.0,43.93500120211007,65
3526,芦森工業,4325.0,44.10134072553775,55
6676,ＢＵＦＦＡＬＯ,3630.0,44.45116515981154,70
6627,テラプローブ,4700.0,44.549558970069015,59
9244,デジタリフト,1327.0,44.7510035487812,58
3089,テクノアルファ,1336.0,45.04291938682454,63
7250,太平洋工業,2316.0,45.344702072647245,46
7018,内海造船,9080.0,45.77914780207429,54
5034,ｕｎｅｒｒｙ,3905.0,46.57308009909167,80
4594,ブライトパス・バイオ,87.0,47.52430477051774,52
5803,フジクラ,12320.0,47.73126978543791,73
7455,パリミキホールディングス,469.0,48.31133785891975,38
4635,東京インキ,6950.0,48.675822530269954,91
7003,三井Ｅ＆Ｓ,4320.0,48.8512268740783,85
6016,ジャパンエンジンコーポレーション,9850.0,49.44131214761661,1
9984,ソフトバンクグループ,15910.0,49.78741672723439,57
4255,ＴＨＥＣＯＯ,1210.0,49.792024296844055,30
6834,精工技研,8590.0,49.81512917703416,74
6022,赤阪鐵工所,3630.0,50.15387670008935,61
3691,デジタルプラス,1600.0,50.72725902479464,66
7087,ウイルテック,1353.0,50.820427454594096,17
5992,中央発條,3385.0,50.88213857616991,1
2150,ケアネット,1150.0,51.46193695671262,33
3556,リネットジャパングループ,919.0,53.39505485945742,94
3547,串カツ田中ホールディングス,2629.0,53.79185548596433,94
4642,オリジナル設計,2377.0,54.35064935064935,39
7814,日本創発グループ,897.0,54.87591509738019,95
5998,アドバネクス,1355.0,55.50317147686915,1
5016,ＪＸ金属,1368.5,55.72158772218562,36
2330,フォーサイド,289.0,56.41913834163239,38
6039,日本動物高度医療センター,4300.0,56.51313011700873,44
4069,ＢｌｕｅＭｅｍｅ,2200.0,56.72343537770348,57
2315,ＣＡＩＣＡ　ＤＩＧＩＴＡＬ,109.0,56.78941311852705,9
4838,スペースシャワーＳＫＩＹＡＫＩホールディングス,920.0,57.03589066660597,98
7318,セレンディップ・ホールディングス,5310.0,58.448182570500975,76
6493,ＮＩＴＴＡＮ,608.0,58.65284253009532,80
6278,ユニオンツール,8970.0,60.7603708659912,64
155A,情報戦略テクノロジー,960.0,63.087795596629526,78
3845,アイフリークモバイル,203.0,66.79447852760737,91
7409,ＡｅｒｏＥｄｇｅ,5150.0,66.91442745650501,70
8995,誠建設工業,1143.0,68.80649036094756,41
4833,Ｄｅｆ　ｃｏｎｓｕｌｔｉｎｇ,176.0,70.87378640776699,4
5577,アイデミー,1444.0,72.99214107724745,13
8746,ｕｎｂａｎｋｅｄ,615.0,74.78211443728685,52
5706,三井金属鉱業,10400.0,77.65144785930006,75
7615,京都きもの友禅ホールディングス,203.0,79.815755285225,14
2743,ピクセルカンパニーズ,179.0,80.4192984813869,51
5729,日本精鉱,12580.0,92.19604607816176,37
9241,フューチャーリンクネットワーク,4010.0,93.06072666581076,72
1844,大盛工業,938.0,98.38696032260792,96
3997,トレードワークス,3150.0,105.49732527290917,25
6177,ＡｐｐＢａｎｋ,282.0,107.23104056437388,9
4316,ビーマップ,1452.0,121.18860949750172,71
5985,サンコール,890.0,122.12978369384358,31
2334,イオレ,6900.0,134.47694649847762,128
3747,インタートレード,1249.0,154.28214663807375,9
3853,アステリア,2062.0,189.22219520861773,58
8105,堀田丸正,570.0,295.9066493795147,77
