Ticker,銘柄名,出来高前日比,出来高発行株式割合,75SMA越
7897,ホクシン,218.7,37.4,36
7590,タカショー,110.1,18.2,1
7957,フジコピアン,90.5,14.7,91
9313,丸八倉庫,32.5,0.1,11
3143,オーウイル,28.4,2.8,34
9225,ブリッジコンサルティンググループ,24.0,0.1,1
9242,メディア総研,24.0,0.2,25
5986,モリテック　スチール,23.9,5.3,58
3529,アツギ,22.5,1.6,1
4057,インターファクトリー,21.2,0.2,0
7111,ＩＮＥＳＴ,17.9,0.5,51
7614,オーエムツーネットワーク,17.3,0.1,15
7551,ウェッズ,17.3,0.6,0
4372,ユミルリンク,17.3,0.1,60
5126,ポーターズ,17.0,0.1,0
4427,ＥｄｕＬａｂ,16.0,1.3,22
2499,日本和装ホールディングス,15.4,0.3,32
9972,アルテック,14.6,0.2,5
4012,アクシス,13.5,1.6,8
9885,シャルレ,13.4,0.0,0
6566,要興業,13.0,0.0,0
7486,サンリン,12.2,0.1,72
3712,情報企画,12.0,0.1,32
2997,ストレージ王,11.3,0.4,53
5542,新報国マテリアル,11.1,9.7,33
4496,コマースＯｎｅホールディングス,11.0,0.1,0
4769,ＩＣ,10.5,0.0,74
9476,中央経済社ホールディングス,10.3,0.1,3
6392,ヤマダコーポレーション,10.0,0.1,94
500A,ＴＯブックス,9.8,1.3,28
6635,大日光・エンジニアリング,9.7,0.4,1
9327,イー・ロジット,9.0,0.1,0
7500,西川計測,9.0,0.0,13
2485,ティア,8.9,1.3,0
291A,リスキル,8.4,0.3,29
3947,ダイナパック,8.4,0.1,38
3945,スーパーバッグ,8.4,0.4,1
5952,アマテイ,8.3,0.2,45
8119,三栄コーポレーション,8.0,0.0,21
7673,ダイコー通産,8.0,0.1,18
3317,フライングガーデン,7.8,0.1,49
7624,ＮａＩＴＯ,7.6,1.0,68
8023,ＤＡＩＫＯ　ＸＴＥＣＨ,7.5,1.1,42
7040,サン・ライフホールディング,7.5,0.0,1
6594,ニデック,7.4,2.4,0
2179,成学社,7.4,0.1,56
1768,ソネック,7.3,0.3,0
2411,ゲンダイエージェンシー,7.3,0.3,45
3653,モルフォ,7.1,22.8,37
1897,金下建設,7.0,0.0,33
6964,サンコー,7.0,0.1,33
6092,エンバイオ・ホールディングス,6.9,1.3,33
6848,東亜ディーケーケー,6.9,0.7,0
3280,エストラスト,6.9,0.1,0
130A,Ｖｅｒｉｔａｓ　Ｉｎ　Ｓｉｌｉｃｏ,6.9,0.1,25
4388,エーアイ,6.8,0.5,0
5742,エヌアイシ・オートテック,6.8,0.2,40
9036,東部ネットワーク,6.7,0.0,0
6195,ホープ,6.6,0.2,0
7985,ネポン,6.6,0.3,0
4967,小林製薬,6.6,2.0,25
8931,和田興産,6.5,0.5,0
7610,テイツー,6.5,2.2,0
5997,協立エアテック,6.5,0.1,1
4178,Ｓｈａｒｉｎｇ　Ｉｎｎｏｖａｔｉｏｎｓ,6.4,0.9,21
6158,和井田製作所,6.4,0.1,32
5958,三洋工業,6.3,0.1,0
2226,湖池屋,6.3,0.7,0
3484,イノベーションホールディングス,6.1,0.2,21
7377,ＤＮホールディングス,6.1,0.2,1
4477,ＢＡＳＥ,6.1,1.6,32
9691,両毛システムズ,6.0,0.0,0
6768,タムラ製作所,6.0,4.9,2
4447,ピー・ビーシステムズ,5.9,1.6,56
4893,ノイルイミューン・バイオテック,5.9,0.9,0
3133,海帆,5.9,12.9,0
5162,朝日ラバー,5.9,0.2,0
4397,チームスピリット,5.8,0.5,0
2961,日本調理機,5.7,0.4,0
5868,ロココ,5.6,0.8,37
4627,ナトコ,5.6,0.2,34
9639,三協フロンテア,5.5,0.1,71
4197,アスマーク,5.5,0.1,38
7694,いつも,5.4,0.9,30
9322,川西倉庫,5.4,0.3,58
1867,植木組,5.3,0.4,53
7822,永大産業,5.3,0.1,42
3024,クリエイト,5.2,0.2,52
4031,片倉コープアグリ,5.1,0.3,0
2435,シダー,5.1,0.2,0
3495,香陵住販,5.0,0.0,0
8091,ニチモウ,5.0,0.6,49
3680,ホットリンク,5.0,0.6,0
415A,ＧＭＯ　ＴＥＣＨホールディングス,5.0,0.1,30
3672,オルトプラス,5.0,0.3,12
3045,カワサキ,5.0,0.1,0
5971,共和工業所,5.0,0.0,70
6159,ミクロン精密,5.0,0.0,0
3067,東京一番フーズ,5.0,2.3,31
4387,ＺＵＵ,5.0,1.4,29
7353,ＫＩＹＯラーニング,5.0,0.1,0
7836,アビックス,5.0,0.2,0
142A,ジンジブ,5.0,1.4,43
6424,高見沢サイバネティックス,5.0,0.1,5
5816,オーナンバ,4.9,0.3,0
2816,ダイショー,4.9,0.4,0
6161,エスティック,4.9,0.1,0
3967,エルテス,4.9,0.2,1
6822,大井電気,4.9,0.3,0
2139,中広,4.9,0.7,63
9238,バリュークリエーション,4.9,0.1,0
6538,ディスラプターズ,4.8,0.3,17
7297,カーメイト,4.8,0.0,5
428A,サイプレス・ホールディングス,4.8,1.7,126
6558,クックビズ,4.8,0.2,0
9986,蔵王産業,4.8,0.1,12
5990,スーパーツール,4.7,0.1,0
9846,天満屋ストア,4.7,0.2,0
143A,イシン,4.7,0.1,20
6551,ツナググループ・ホールディングス,4.7,1.8,44
3474,Ｇ－ＦＡＣＴＯＲＹ,4.7,0.1,57
6555,ＭＳ＆Ｃｏｎｓｕｌｔｉｎｇ,4.7,0.0,8
9074,日本石油輸送,4.6,0.2,0
4360,マナック・ケミカル・パートナーズ,4.6,0.1,32
9342,スマサポ,4.6,0.4,42
3920,アイビーシー,4.6,0.1,0
7539,アイナボホールディングス,4.5,0.9,0
7416,はるやまホールディングス,4.5,0.3,32
8217,オークワ,4.5,0.8,0
2668,タビオ,4.5,0.0,11
7081,コーユーレンティア,4.5,0.1,0
2291,福留ハム,4.5,0.2,13
7030,スプリックス,4.5,0.4,0
253A,ＥＴＳグループ,4.5,1.2,0
6982,リード,4.4,0.1,0
4539,日本ケミファ,4.4,0.1,1
7435,ナ・デックス,4.4,0.7,39
1840,土屋ホールディングス,4.4,0.1,64
6181,タメニー,4.4,0.1,25
7643,ダイイチ,4.4,0.1,74
2169,ＣＤＳ,4.3,0.2,6
4783,ＮＣＤ,4.3,0.6,34
6038,イード,4.3,0.1,1
8107,キムラタン,4.3,0.1,0
3963,シンクロ・フード,4.3,0.3,0
7213,レシップホールディングス,4.2,0.4,175
7743,シード,4.2,3.1,42
6228,ジェイ・イー・ティ,4.2,0.7,1
3536,アクサスホールディングス,4.2,0.0,0
1436,グリーンエナジー＆カンパニー,4.2,0.8,25
5247,ＢＴＭ,4.1,0.3,5
168A,イタミアート,4.0,0.1,0
7059,コプロ・ホールディングス,4.0,0.8,42
3284,フージャースホールディングス,4.0,2.4,57
1904,大成温調,4.0,0.7,10
1758,太洋基礎工業,4.0,0.1,0
8897,ＭＩＲＡＲＴＨホールディングス,4.0,1.7,33
288A,ラクサス・テクノロジーズ,4.0,0.5,0
7885,タカノ,4.0,0.4,31
2286,林兼産業,4.0,0.2,28
8230,はせがわ,4.0,0.2,0
9702,アイ・エス・ビー,4.0,1.2,10
3934,ベネフィットジャパン,3.9,0.1,32
6286,靜甲,3.9,0.1,33
5079,ノバック,3.9,0.2,36
9753,アイエックス・ナレッジ,3.9,0.1,38
4644,イマジニア,3.9,0.9,0
3598,山喜,3.9,0.4,41
7938,リーガルコーポレーション,3.8,0.2,0
4093,東邦アセチレン,3.8,0.1,53
7805,プリントネット,3.8,0.5,0
4547,キッセイ薬品工業,3.8,0.4,0
6579,ログリー,3.7,0.2,0
3900,クラウドワークス,3.7,1.4,10
6433,ヒーハイスト,3.7,11.2,13
3816,大和コンピューター,3.7,0.0,1
6552,ＧａｍｅＷｉｔｈ,3.7,0.2,0
2114,フジ日本,3.7,0.3,60
8772,アサックス,3.7,0.1,52
2764,ひらまつ,3.7,0.6,38
6382,トリニティ工業,3.7,0.2,3
3674,オークファン,3.7,0.7,28
4718,早稲田アカデミー,3.6,1.3,30
166A,タスキホールディングス,3.6,1.2,0
6325,タカキタ,3.6,0.2,54
9368,キムラユニティー,3.6,0.2,57
6239,ナガオカ,3.6,0.2,32
2304,ＣＳＳホールディングス,3.6,0.3,0
9517,イーレックス,3.6,1.0,30
2215,第一屋製パン,3.6,0.1,39
1994,高橋カーテンウォール工業,3.6,0.1,25
8944,ランドビジネス,3.5,0.2,13
5973,トーアミ,3.5,0.0,8
8275,フォーバル,3.5,0.9,2
5936,東洋シヤッター,3.5,0.3,0
3089,テクノアルファ,3.5,0.8,2
5905,日本製罐,3.5,0.1,46
3397,トリドールホールディングス,3.5,1.3,51
2341,アルバイトタイムス,3.5,0.2,28
4925,ハーバー研究所,3.5,0.3,0
3777,環境フレンドリーホールディングス,3.5,0.3,0
373A,リップス,3.5,0.2,2
3607,クラウディアホールディングス,3.5,0.7,7
4450,パワーソリューションズ,3.4,0.3,39
4666,パーク２４,3.4,1.5,0
5033,ヌーラボ,3.4,1.0,70
6819,伊豆シャボテンリゾート,3.4,0.1,54
7878,光・彩,3.4,0.5,0
5423,東京製鐵,3.4,0.8,0
7080,スポーツフィールド,3.4,0.3,29
2818,ピエトロ,3.4,0.2,57
9439,エム・エイチ・グループ,3.4,0.1,0
150A,ＪＳＨ,3.3,10.0,54
4444,インフォネット,3.3,0.2,60
2208,ブルボン,3.3,0.1,60
456A,ＨＵＭＡＮ　ＭＡＤＥ,3.3,2.5,6
3538,ウイルプラスホールディングス,3.3,0.2,31
4462,石原ケミカル,3.3,1.4,0
477A,スタートライン,3.3,2.0,57
3974,ＳＣＡＴ,3.3,0.6,59
3420,ケー・エフ・シー,3.3,0.1,1
3439,三ツ知,3.3,0.0,7
3293,アズマハウス,3.3,0.0,0
3021,パシフィックネット,3.3,0.3,0
2894,石井食品,3.3,0.1,43
148A,ハッチ・ワーク,3.3,0.4,5
9685,ＫＹＣＯＭホールディングス,3.3,0.1,1
3912,モバイルファクトリー,3.3,1.3,0
2293,滝沢ハム,3.2,0.1,0
3359,ｃｏｔｔａ,3.2,1.3,0
7196,Ｃａｓａ,3.2,0.1,0
6358,酒井重工業,3.2,0.6,57
3550,スタジオアタオ,3.2,0.1,0
9051,センコン物流,3.2,0.1,0
2708,久世,3.2,0.1,0
7185,ヒロセ通商,3.2,0.5,61
9046,神戸電鉄,3.2,0.4,32
6625,ＪＡＬＣＯホールディングス,3.2,1.5,35
2393,日本ケアサプライ,3.2,0.0,81
3639,ボルテージ,3.2,0.1,21
4165,プレイド,3.2,1.1,42
7325,アイリックコーポレーション,3.2,0.3,6
5257,ノバシステム,3.2,0.3,42
3835,ｅＢＡＳＥ,3.2,0.2,58
8705,日産証券グループ,3.1,0.5,0
5337,ダントーホールディングス,3.1,0.1,5
3486,グローバル・リンク・マネジメント,3.1,0.6,53
5575,Ｇｌｏｂｅｅ,3.1,0.3,52
9993,ヤマザワ,3.1,0.0,0
6919,ケル,3.1,0.4,43
4437,ｇｏｏｄｄａｙｓホールディングス,3.1,0.1,0
4412,サイエンスアーツ,3.1,0.4,20
7175,今村証券,3.1,0.3,66
7072,インティメート・マージャー,3.1,0.2,88
9936,王将フードサービス,3.1,1.1,26
5125,ファインズ,3.1,0.3,13
3992,ニーズウェル,3.1,0.2,35
1879,新日本建設,3.1,1.3,37
548A,システムエグゼ,3.1,0.7,0
9720,ホテル、ニューグランド,3.0,0.0,50
3542,ベガコーポレーション,3.0,0.3,32
8835,太平洋興発,3.0,0.2,24
2329,東北新社,3.0,0.2,0
8046,丸藤シートパイル,3.0,0.2,42
7883,サンメッセ,3.0,5.5,89
9876,コックス,3.0,0.1,0
6962,大真空,3.0,1.4,2
4378,ＣＩＮＣ,3.0,0.2,0
7837,アールシーコア,3.0,0.2,58
4735,京進,3.0,0.3,0
2497,ユナイテッド,3.0,0.1,58
3600,フジックス,3.0,0.0,67
9250,ＧＲＣＳ,3.0,0.0,23
483A,テラテクノロジー,3.0,0.1,0
6731,ピクセラ,3.0,0.9,0
9478,ＳＥホールディングス・アンド・インキュベーションズ,3.0,0.1,0
3199,綿半ホールディングス,3.0,1.0,0
7698,アイスコ,3.0,0.3,62
4381,ビープラッツ,2.9,10.2,0
9890,マキヤ,2.9,0.2,84
7378,アシロ,2.9,0.2,6
2415,ヒューマンホールディングス,2.9,0.1,39
7813,プラッツ,2.9,0.4,20
336A,ダイナミックマッププラットフォーム,2.9,24.7,22
7872,エステールホールディングス,2.9,0.1,58
9850,グルメ杵屋,2.9,0.7,48
6486,イーグル工業,2.9,0.8,9
9259,タカヨシホールディングス,2.9,0.3,30
7975,リヒトラブ,2.9,0.2,32
7066,ピアズ,2.9,0.2,22
6557,ＡＩＡＩグループ,2.9,1.2,0
3646,駅探,2.9,0.3,50
9425,ＲｅＹｕｕ　Ｊａｐａｎ,2.9,9.5,27
3750,ＡＤＲ１２０Ｓ,2.9,0.2,18
7490,日新商事,2.9,0.0,0
9795,ステップ,2.9,0.8,31
7218,田中精密工業,2.8,0.0,38
9900,サガミホールディングス,2.8,3.1,0
6045,レントラックス,2.8,1.1,55
2136,ヒップ,2.8,0.0,0
7091,リビングプラットフォーム,2.8,1.5,28
5285,ヤマックス,2.8,0.3,0
3561,力の源ホールディングス,2.8,1.1,0
9168,ライズ・コンサルティング・グループ,2.8,0.3,31
7343,ブロードマインド,2.8,0.1,52
8938,グローム・ホールディングス,2.8,0.1,0
3989,シェアリングテクノロジー,2.8,2.8,61
4712,ＫｅｙＨｏｌｄｅｒ,2.8,0.1,30
7997,くろがね工作所,2.8,0.4,76
3908,コラボス,2.8,0.4,55
6663,太洋テクノレックス,2.8,0.4,1
4596,窪田製薬ホールディングス,2.8,0.3,29
3695,ＧＭＯプロダクトプラットフォーム,2.8,0.4,14
4255,ＴＨＥＣＯＯ,2.8,0.7,92
6548,旅工房,2.8,0.2,32
220A,Ｆａｂｅｒ　Ｃｏｍｐａｎｙ,2.8,0.1,8
3768,リスクモンスター,2.8,0.2,7
137A,Ｃｏｃｏｌｉｖｅ,2.8,0.1,0
9828,Ｇｅｎｋｉ　Ｇｌｏｂａｌ　Ｄｉｎｉｎｇ　Ｃｏｎｃｅｐｔｓ,2.8,1.3,67
2654,アスモ,2.8,0.2,58
1814,大末建設,2.8,1.8,56
5268,旭コンクリート工業,2.8,0.0,0
7949,小松ウオール工業,2.8,0.7,58
5204,石塚硝子,2.8,0.1,37
3918,ＰＣＩホールディングス,2.8,0.1,0
3372,関門海,2.8,0.5,0
3981,ビーグリー,2.8,0.1,1
3221,ヨシックスホールディングス,2.8,1.7,0
6334,明治機械,2.8,0.0,1
8157,都築電気,2.8,1.0,35
9446,サカイホールディングス,2.8,0.1,25
7522,ワタミ,2.8,1.7,0
5984,兼房,2.8,0.1,34
2378,ルネサンス,2.7,0.8,0
2311,エプコ,2.7,0.2,14
7217,テイン,2.7,0.2,32
8793,ＮＥＣキャピタルソリューション,2.7,0.2,33
7464,セフテック,2.7,0.0,0
8081,カナデン,2.7,0.8,8
7246,プレス工業,2.7,0.7,52
8041,ＯＵＧホールディングス,2.7,0.2,63
3315,日本コークス工業,2.7,3.3,0
332A,ミーク,2.7,0.9,25
2998,クリアル,2.7,1.0,0
2813,和弘食品,2.7,0.1,0
8877,エスリード,2.7,0.4,31
6563,みらいワークス,2.7,0.1,0
2281,プリマハム,2.7,1.7,0
3042,セキュアヴェイル,2.7,0.6,32
4707,キタック,2.7,0.6,28
3248,アールエイジ,2.7,0.1,46
3059,ヒラキ,2.7,0.1,11
7039,ブリッジインターナショナルグループ,2.7,0.5,0
7421,カッパ・クリエイト,2.7,0.4,56
2831,はごろもフーズ,2.7,0.0,50
7887,南海プライウッド,2.7,0.0,19
7820,ニホンフラッシュ,2.7,0.3,3
5956,トーソー,2.6,0.2,0
4240,クラスターテクノロジー,2.6,0.3,0
7352,ＴＷＯＳＴＯＮＥ＆Ｓｏｎｓ,2.6,0.2,0
6189,グローバルキッズＣＯＭＰＡＮＹ,2.6,0.7,33
1967,ヤマト,2.6,0.1,25
3467,アグレ都市デザイン,2.6,0.1,8
4951,エステー,2.6,0.8,68
8769,アドバンテッジリスクマネジメント,2.6,0.3,8
1429,日本アクア,2.6,0.4,68
7570,橋本総業ホールディングス,2.6,0.1,8
6942,ソフィアホールディングス,2.6,0.4,66
3556,リネットジャパングループ,2.6,0.4,0
9633,東京テアトル,2.6,0.3,56
3371,ソフトクリエイトホールディングス,2.6,0.9,58
4839,ＷＯＷＯＷ,2.6,0.6,0
6400,不二精機,2.6,0.9,34
8160,木曽路,2.6,2.1,0
4521,科研製薬,2.6,0.5,8
7419,ノジマ,2.6,0.5,0
3976,シャノン,2.6,0.4,0
9616,共立メンテナンス,2.6,3.0,79
8887,シーラホールディングス,2.6,0.3,0
6040,日本スキー場開発,2.6,0.1,0
6083,ＥＲＩホールディングス,2.6,0.4,33
8043,スターゼン,2.6,1.5,61
2883,大冷,2.6,0.3,57
3035,ケイティケイ,2.6,0.3,0
5258,トランザクション・メディア・ネットワークス,2.6,0.2,74
3772,ウェルス・マネジメント,2.6,0.3,31
1718,美樹工業,2.6,0.2,17
2999,ホームポジション,2.6,0.2,0
7292,村上開明堂,2.5,0.0,6
3562,Ｎｏ．１,2.5,0.3,35
3323,レカム,2.5,0.8,32
4174,アピリッツ,2.5,9.4,67
7247,ミクニ,2.5,0.2,8
6419,マースグループホールディングス,2.5,0.6,59
9644,タナベコンサルティンググループ,2.5,0.5,2
7769,リズム,2.5,0.4,0
9564,ＦＣＥ,2.5,0.5,59
6307,サンセイ,2.5,0.1,38
7986,日本アイ・エス・ケイ,2.5,0.1,37
9033,広島電鉄,2.5,0.1,0
9979,大庄,2.5,0.6,0
6246,テクノスマート,2.5,0.1,0
2815,アリアケジャパン,2.5,0.5,0
6626,ＳＥＭＩＴＥＣ,2.5,0.2,32
3494,マリオン,2.5,0.2,60
3851,日本一ソフトウェア,2.5,2.6,55
1518,三井松島ホールディングス,2.5,1.4,75
5036,日本ビジネスシステムズ,2.5,1.1,6
6788,日本トリム,2.5,0.2,71
3670,協立情報通信,2.5,0.1,0
2373,ケア２１,2.5,0.1,8
4934,プレミアアンチエイジング,2.5,0.2,0
3682,エンカレッジ・テクノロジ,2.5,0.1,0
9039,サカイ引越センター,2.5,0.8,33
1972,三晃金属工業,2.5,0.4,49
4990,昭和化学工業,2.5,0.1,31
8739,スパークス・グループ,2.5,0.9,98
9767,日建工学,2.5,0.1,37
9713,ロイヤルホテル,2.5,0.1,22
442A,クラシコ,2.5,1.1,0
7508,Ｇ‐７ホールディングス,2.5,0.3,62
268A,リガク・ホールディングス,2.5,2.2,0
2477,手間いらず,2.5,0.3,34
7722,国際計測器,2.5,0.3,0
7277,ＴＢＫ,2.5,0.1,0
3800,ユニリタ,2.5,0.1,0
6069,トレンダーズ,2.4,0.3,42
5902,ホッカンホールディングス,2.4,0.3,72
6694,ズーム,2.4,0.2,33
2694,焼肉坂井ホールディングス,2.4,0.2,5
3726,フォーシーズＨＤ,2.4,0.7,0
4832,ＪＦＥシステムズ,2.4,0.0,0
5246,ＥＬＥＭＥＮＴＳ,2.4,2.5,58
9536,西部ガスホールディングス,2.4,1.3,46
9656,グリーンランドリゾート,2.4,0.0,0
1770,藤田エンジニアリング,2.4,0.2,78
8045,横浜丸魚,2.4,0.1,72
5458,高砂鐵工,2.4,0.1,94
3167,ＴＯＫＡＩホールディングス,2.4,1.6,33
8207,テンアライド,2.4,0.3,60
1381,アクシーズ,2.4,0.1,5
3559,ピーバンドットコム,2.4,0.1,23
9622,スペース,2.4,0.6,0
8771,イー・ギャランティ,2.4,0.5,0
3690,イルグルム,2.4,0.5,32
4193,ファブリカホールディングス,2.4,0.5,1
9509,北海道電力,2.4,1.9,50
6073,アサンテ,2.4,0.4,58
6050,イー・ガーディアン,2.4,0.6,71
8584,ジャックス,2.4,0.7,3
4732,ユー・エス・エス,2.4,0.8,0
7291,日本プラスト,2.4,0.6,8
6183,ベルシステム２４ホールディングス,2.4,0.6,0
195A,ＭＵＳＣＡＴ　ＧＲＯＵＰ,2.4,0.9,8
3454,ファーストブラザーズ,2.4,0.1,62
211A,カドス・コーポレーション,2.4,0.9,0
4428,シノプス,2.4,0.0,55
5028,セカンドサイトアナリティカ,2.3,0.1,0
7550,ゼンショーホールディングス,2.3,0.9,56
3566,ユニフォームネクスト,2.3,0.1,0
7065,ユーピーアール,2.3,0.1,0
6022,赤阪鐵工所,2.3,0.4,36
4565,ネクセラファーマ,2.3,1.7,31
4801,セントラルスポーツ,2.3,0.8,0
7505,扶桑電通,2.3,0.4,0
6177,ＡｐｐＢａｎｋ,2.3,2.3,22
4376,くふうカンパニーホールディングス,2.3,0.1,8
9887,松屋フーズホールディングス,2.3,1.0,26
2410,キャリアデザインセンター,2.3,2.9,8
4490,ビザスク,2.3,0.1,8
3434,アルファＣｏ,2.3,0.0,35
3241,ウィル,2.3,0.1,4
4124,大阪油化工業,2.3,0.4,56
6257,藤商事,2.3,0.3,8
4958,長谷川香料,2.3,1.2,9
5282,ジオスター,2.3,0.3,0
3667,ｅｎｉｓｈ,2.3,0.3,0
2930,北の達人コーポレーション,2.3,0.4,30
8566,リコーリース,2.3,0.4,58
478A,フツパー,2.3,1.3,0
4241,アテクト,2.3,1.8,8
7674,ＮＡＴＴＹ　ＳＷＡＮＫＹホールディングス,2.3,0.2,7
4526,理研ビタミン,2.3,1.0,77
7362,Ｔ．Ｓ．Ｉ,2.3,0.0,25
8596,九州リースサービス,2.3,0.1,68
6488,ヨシタケ,2.3,0.1,58
2652,まんだらけ,2.3,1.3,0
4728,トーセ,2.3,0.1,8
6678,テクノメディカ,2.3,0.3,2
6046,リンクバル,2.3,0.6,34
9319,中央倉庫,2.3,0.4,1
6070,キャリアリンク,2.3,1.4,54
7850,総合商研,2.3,0.2,0
5888,ＤＡＩＷＡ　ＣＹＣＬＥ,2.2,0.3,0
6094,フリークアウト・ホールディングス,2.2,2.7,0
4218,ニチバン,2.2,0.4,62
7358,ポピンズ,2.2,0.2,59
7427,エコートレーディング,2.2,0.1,5
5599,Ｓ＆Ｊ,2.2,0.2,8
9272,ブティックス,2.2,0.0,5
7241,フタバ産業,2.2,1.2,49
6809,ＴＯＡ,2.2,0.5,35
7562,安楽亭,2.2,0.4,0
7857,セキ,2.2,0.0,1
2933,紀文食品,2.2,1.2,69
7791,ドリームベッド,2.2,0.0,31
7069,サイバー・バズ,2.2,0.3,0
5446,北越メタル,2.2,0.1,0
558A,ＳＱＵＥＥＺＥ,2.2,1.1,58
6412,平和,2.2,1.2,89
4288,アズジェント,2.2,0.5,25
3571,ソトー,2.2,0.1,0
6289,技研製作所,2.2,0.5,15
423A,ライオン事務器,2.2,0.1,46
3159,丸善ＣＨＩホールディングス,2.2,0.1,5
8214,ＡＯＫＩホールディングス,2.2,0.7,62
4491,コンピューターマネージメント,2.2,0.5,63
9206,スターフライヤー,2.2,0.1,7
3469,デュアルタップ,2.2,0.1,0
7819,粧美堂,2.2,0.7,38
8281,ゼビオホールディングス,2.2,1.1,65
9413,テレビ東京ホールディングス,2.2,0.3,0
4809,パラカ,2.2,0.3,2
286A,ユカリア,2.2,0.1,0
4680,ラウンドワン,2.2,1.2,1
4881,ファンペップ,2.2,0.6,0
2874,横浜冷凍,2.2,0.6,21
3648,ＡＧＳ,2.2,0.2,0
6495,宮入バルブ製作所,2.2,0.6,0
4386,ＳＩＧグループ,2.2,0.2,39
2158,ＦＲＯＮＴＥＯ,2.2,0.6,7
5254,Ａｒｅｎｔ,2.2,0.2,14
6757,ＯＳＧコーポレーション,2.2,0.1,59
9001,東武鉄道,2.2,1.2,0
3417,大木ヘルスケアホールディングス,2.2,0.0,0
7058,共栄セキュリティーサービス,2.2,0.3,8
5248,テクノロジーズ,2.2,0.1,25
6150,タケダ機械,2.2,0.2,14
9553,マイクロアド,2.1,0.6,20
4484,ランサーズ,2.1,0.2,53
2327,日鉄ソリューションズ,2.1,0.3,57
2130,メンバーズ,2.1,0.4,0
5949,ユニプレス,2.1,0.6,8
3645,メディカルネット,2.1,0.2,17
4661,オリエンタルランド,2.1,0.5,58
9759,ＮＳＤ,2.1,1.1,55
8904,ＡＶＡＮＴＩＡ,2.1,0.1,0
8542,トマト銀行,2.1,0.6,46
9009,京成電鉄,2.1,0.7,58
4290,プレステージ・インターナショナル,2.1,1.5,8
5029,サークレイス,2.1,0.5,58
9941,太洋物産,2.1,2.6,0
6543,日宣,2.1,0.1,0
3850,エヌ・ティ・ティ・データ・イントラマート,2.1,1.1,67
3597,自重堂,2.1,0.1,0
8135,ゼット,2.1,0.1,3
4212,積水樹脂,2.1,0.2,72
3710,ジョルダン,2.1,0.3,31
7127,一家ホールディングス,2.1,0.4,63
7255,桜井製作所,2.1,0.8,50
4098,チタン工業,2.1,0.3,0
184A,学びエイド,2.1,0.1,0
2449,プラップジャパン,2.1,0.6,0
2669,カネ美食品,2.1,0.0,0
9340,アソインターナショナル,2.1,0.1,53
4246,ダイキョーニシカワ,2.1,0.6,98
5341,ＡＳＡＨＩ　ＥＩＴＯホールディングス,2.1,0.3,0
7087,ウイルテック,2.1,0.5,62
3178,チムニー,2.1,0.3,54
6675,サクサ,2.1,0.3,32
8076,カノークス,2.1,0.1,56
6521,オキサイド,2.1,1.0,0
3190,ホットマン,2.1,0.1,65
6033,エクストリーム,2.1,0.9,48
4228,積水化成品工業,2.1,0.8,7
6947,図研,2.1,0.8,8
6986,双葉電子工業,2.1,1.5,36
5015,ビーピー・カストロール,2.1,0.1,0
3623,ビリングシステム,2.1,0.5,35
4935,リベルタ,2.1,35.7,0
9466,アイドママーケティングコミュニケーション,2.1,0.1,30
9145,ビーイングホールディングス,2.1,0.1,0
2053,中部飼料,2.1,1.4,69
5038,ｅＷｅＬＬ,2.1,0.3,56
7896,セブン工業,2.1,0.0,0
9024,西武ホールディングス,2.1,0.7,27
3196,ホットランドホールディングス,2.1,0.4,31
9605,東映,2.1,0.2,43
