Ticker,銘柄名,出来高発行株式割合,出来高前日比,75SMA越
338A,ＺｅｎｍｕＴｅｃｈ,94.6,3.8,1
336A,ダイナミックマッププラットフォーム,79.3,2.6,1
4564,オンコセラピー・サイエンス,51.3,1.4,0
3664,ＷＩＺＥ,50.3,0.0,1
8746,ｕｎｂａｎｋｅｄ,41.4,7.6,1
4052,フィーチャ,35.7,0.6,1
3042,セキュアヴェイル,32.0,125.7,2
5706,三井金属,28.3,1.4,0
4597,ソレイジア・ファーマ,26.2,1.4,1
6976,太陽誘電,24.5,0.9,0
8995,誠建設工業,22.7,9.7,1
4935,リベルタ,22.4,4.9,0
4288,アズジェント,21.3,579.6,1
3905,データセクション,17.5,1.1,0
4840,トライアイズ,17.5,36.0,1
4073,ジィ・シィ企画,17.3,0.6,1
7957,フジコピアン,15.4,9.5,1
8918,ランド,14.6,0.8,0
4438,Ｗｅｌｂｙ,12.9,37.9,1
3103,ユニチカ,12.8,1.6,33
7689,コパ・コーポレーション,12.6,5.9,1
2388,ウェッジホールディングス,12.3,5.1,0
6203,豊和工業,12.0,1.1,1
