Ticker,銘柄名,三平
6286,靜甲,-7
4056,ニューラルグループ,-7
7412,アトム,-6
7625,グローバルダイニング,-6
7771,日本精密,-6
4885,室町ケミカル,-6
212A,フィットイージー,-5
7091,リビングプラットフォーム,-5
4378,ＣＩＮＣ,-5
3399,丸千代山岡家,-5
5885,ジーデップ・アドバンス,-5
7314,小田原機器,-5
6552,ＧａｍｅＷｉｔｈ,-5
6085,アーキテクツ・スタジオ・ジャパン,-5
4635,東京インキ,-5
7037,テノ．ホールディングス,-4
4022,ラサ工業,-4
6897,ツインバード,-4
4416,Ｔｒｕｅ　Ｄａｔａ,-4
6578,コレックホールディングス,-4
4760,アルファ,-4
2294,柿安本店,-4
9249,日本エコシステム,-4
1798,守谷商会,-4
3241,ウィル,-4
9876,コックス,-4
7794,イーディーピー,-4
6561,ＨＡＮＡＴＯＵＲ　ＪＡＰＡＮ,-4
6292,カワタ,-4
2330,フォーサイド,-4
7063,Ｂｉｒｄｍａｎ,-4
2173,博展,-4
7096,ステムセル研究所,-4
9610,ウィルソン・ラーニング　ワールドワイド,-4
3474,Ｇ－ＦＡＣＴＯＲＹ,-4
3421,稲葉製作所,-3
3512,日本フエルト,-3
6543,日宣,-3
7072,インティメート・マージャー,-3
3945,スーパーバッグ,-3
6186,一蔵,-3
7069,サイバー・バズ,-3
2693,ＹＫＴ,-3
7938,リーガルコーポレーション,-3
3461,パルマ,-3
6874,協立電機,-3
6092,エンバイオ・ホールディングス,-3
4651,サニックスホールディングス,-3
7850,総合商研,-3
4996,クミアイ化学工業,-3
7670,オーウエル,-3
4125,三和油化工業,-3
549A,ヒトトヒトホールディングス,-3
5216,倉元製作所,-3
261A,日水コン,-3
4374,ＲＯＢＯＴ　ＰＡＹＭＥＮＴ,-3
1663,Ｋ＆Ｏエナジーグループ,-3
7218,田中精密工業,-3
1981,協和日成,-3
7630,壱番屋,-3
211A,カドス・コーポレーション,-3
6545,インターネットインフィニティー,-3
2139,中広,-3
1866,北野建設,-3
7292,村上開明堂,-3
5287,イトーヨーギョー,-3
3293,アズマハウス,-3
8123,川辺,-3
7637,白銅,-3
4422,ＶＡＬＵＥＮＥＸ,-3
6125,岡本工作機械製作所,-3
7919,野崎印刷紙業,-3
1444,ニッソウ,-3
9835,ジュンテンドー,-3
2321,ソフトフロントホールディングス,-3
1717,明豊ファシリティワークス,-2
1840,土屋ホールディングス,-2
3143,オーウイル,-2
7115,アルファパーチェス,-2
3054,ハイパー,-2
9633,東京テアトル,-2
5721,エスクリプトエナジー,-2
6654,不二電機工業,-2
2798,ワイズテーブルコーポレーション,-2
3566,ユニフォームネクスト,-2
7041,ＣＲＧホールディングス,-2
3905,データセクション,-2
5945,天龍製鋸,-2
7049,識学,-2
6731,ピクセラ,-2
4437,ｇｏｏｄｄａｙｓホールディングス,-2
1433,ベステラ,-2
3907,シリコンスタジオ,-2
2311,エプコ,-2
6425,ユニバーサルエンターテインメント,-2
6612,バルミューダ,-2
1724,シンクレイヤ,-2
6265,コンバム,-2
7871,フクビ化学工業,-2
3138,富士山マガジンサービス,-2
7878,光・彩,-2
9959,アシードホールディングス,-2
9651,日本プロセス,-2
4170,Ｋａｉｚｅｎ　Ｐｌａｔｆｏｒｍ,-2
9417,スマートバリュー,-2
4014,カラダノート,-2
7822,永大産業,-2
3970,イノベーション,-2
9083,神姫バス,-2
3441,山王,-2
9941,太洋物産,-2
1491,中外鉱業,-2
7985,ネポン,-2
5133,テリロジーホールディングス,-2
130A,Ｖｅｒｉｔａｓ　Ｉｎ　Ｓｉｌｉｃｏ,-2
9562,ビジネスコーチ,-2
2315,ＣＡＩＣＡ　ＤＩＧＩＴＡＬ,-2
7461,キムラ,-2
4025,多木化学,-2
3936,グローバルウェイ,-2
9082,大和自動車交通,-2
3639,ボルテージ,-2
6659,メディアリンクス,-2
8995,誠建設工業,-2
3524,日東製網,-2
5941,中西製作所,-2
6819,伊豆シャボテンリゾート,-2
4642,オリジナル設計,-2
6630,ヤーマン,-2
2917,大森屋,-2
7466,ＳＰＫ,-2
9760,進学会ホールディングス,-2
9656,グリーンランドリゾート,-2
5535,ミガロホールディングス,-2
7694,いつも,-2
584A,ＬｉＮＫＸ,-2
4109,ステラ　ケミファ,-2
4027,テイカ,-2
6239,ナガオカ,-2
6871,日本マイクロニクス,-2
1711,ＳＤＳホールディングス,-2
7504,高速,-2
423A,ライオン事務器,-2
3396,フェリシモ,-2
8065,佐藤商事,-2
3083,スターシーズ,-2
7061,日本ホスピスホールディングス,-2
1770,藤田エンジニアリング,-2
4092,日本化学工業,-2
7643,ダイイチ,-2
3070,ジェリービーンズグループ,-2
4392,ＦＩＧ,-2
4074,ラキール,-2
4199,ワンダープラネット,-2
2108,日本甜菜製糖,-2
6563,みらいワークス,-2
7434,オータケ,-2
8912,エリアクエスト,-2
2874,横浜冷凍,-2
9327,イー・ロジット,-2
8260,井筒屋,-2
6882,三社電機製作所,-2
6327,北川精機,-2
2664,カワチ薬品,-2
7494,コナカ,-2
6653,正興電機製作所,-2
9791,ビケンテクノ,-2
6573,ＣＲＡＶＩＡ,-2
2993,長栄,-2
4174,アピリッツ,-2
151A,ダイブ,-2
8746,ｕｎｂａｎｋｅｄ,-2
3802,エコミック,-2
4624,イサム塗料,-2
6351,鶴見製作所,-2
6918,アバールデータ,-2
8105,Ｂｉｔｃｏｉｎ　Ｊａｐａｎ,-2
6594,ニデック,-2
4883,モダリス,-2
8039,築地魚市場,-2
2293,滝沢ハム,-2
265A,Ｈｍｃｏｍｍ,-2
336A,ダイナミックマッププラットフォーム,-2
5255,モンスターラボ,-2
4057,インターファクトリー,-2
9369,キユーソー流通システム,-2
7353,ＫＩＹＯラーニング,-2
4064,日本カーバイド工業,-2
9380,東海運,-2
9238,バリュークリエーション,-2
6218,エンシュウ,-2
269A,Ｓａｐｅｅｔ,-2
7805,プリントネット,-2
9115,明海グループ,-2
302A,ビースタイルホールディングス,-2
3653,モルフォ,-2
8006,ユアサ・フナショク,-2
4316,ビーマップ,-2
4052,フィーチャ,-2
9220,エフビー介護サービス,-2
7277,ＴＢＫ,-2
5820,三ッ星,-2
6619,ダブル・スコープ,-2
6336,石井表記,-2
4440,ヴィッツ,-2
7640,トップカルチャー,-2
7887,南海プライウッド,-2
3080,ジェーソン,-2
3238,セントラル総合開発,-2
4484,ランサーズ,0
8130,サンゲツ,0
7003,三井Ｅ＆Ｓ,0
6775,ＴＢグループ,0
8233,高島屋,0
3536,アクサスホールディングス,0
8789,フィンテック　グローバル,0
4887,サワイグループホールディングス,0
3513,イチカワ,0
3931,バリューゴルフ,0
7112,キューブ,0
7946,光陽社,0
9225,ブリッジコンサルティンググループ,0
4591,リボミック,0
1736,オーテック,0
9603,エイチ・アイ・エス,0
9074,日本石油輸送,0
6466,ＴＶＥ,0
9214,Ｒｅｃｏｖｅｒｙ　Ｉｎｔｅｒｎａｔｉｏｎａｌ,0
7810,クロスフォー,0
5928,アルメタックス,0
4892,サイフューズ,0
3370,フジタコーポレーション,0
9362,兵機海運,0
9361,伏木海陸運送,0
2349,エヌアイデイ,0
5660,神鋼鋼線工業,0
3079,ディーブイエックス,0
2763,エフティグループ,0
3184,ＩＣＤＡホールディングス,0
5903,シンポ,0
1764,工藤建設,0
5138,Ｒｅｂａｓｅ,0
9367,大東港運,0
3624,アクセルマーク,0
4429,リックソフト,0
3490,アズ企画設計,0
6546,フルテック,0
5571,エキサイトホールディングス,0
5966,京都機械工具,0
2376,サイネックス,0
5035,ＨＯＵＳＥＩ,0
7317,松屋アールアンドディ,0
7265,エイケン工業,0
3965,キャピタル・アセット・プランニング,0
6740,ジャパンディスプレイ,0
2872,セイヒョー,0
8085,ナラサキ産業,0
6171,土木管理総合試験所,0
192A,インテグループ,0
7196,Ｃａｓａ,0
7779,ＣＹＢＥＲＤＹＮＥ,0
9854,愛眼,0
2338,クオンタムソリューションズ,0
4365,松本油脂製薬,0
4299,ハイマックス,0
5464,モリ工業,0
5195,バンドー化学,0
7997,くろがね工作所,0
9033,広島電鉄,0
7375,リファインバースグループ,0
350A,デジタルグリッド,0
6396,宇野澤組鐵工所,0
4880,セルソース,0
4978,リプロセル,0
6184,鎌倉新書,0
5257,ノバシステム,0
2371,カカクコム,0
3760,ケイブ,0
8844,コスモスイニシア,0
8917,ファースト住建,0
6400,不二精機,0
6382,トリニティ工業,0
3848,データ・アプリケーション,0
3747,インタートレード,0
3691,デジタルプラス,0
5609,日本鋳造,0
5695,パウダーテック,0
7074,トゥエンティーフォーセブンホールディングス,0
3224,ゼネラル・オイスター,0
7814,日本創発グループ,0
6494,ＮＦＫホールディングス,0
3160,大光,0
4051,ＧＭＯフィナンシャルゲート,0
550A,ソフトテックス,0
3816,大和コンピューター,0
3172,ティーライフ,0
3329,東和フードサービス,0
4800,オリコン,0
6159,ミクロン精密,0
6433,ヒーハイスト,0
3909,ショーケース,0
4247,ポバール興業,0
6495,宮入バルブ製作所,0
2373,ケア２１,0
9635,武蔵野興業,0
3190,ホットマン,0
7044,ピアラ,0
6091,ウエスコホールディングス,0
9731,白洋舎,0
9818,大丸エナウィン,0
3185,夢展望,0
6018,阪神内燃機工業,0
3674,オークファン,0
3179,シュッピン,0
6430,ダイコク電機,0
1827,ナカノフドー建設,0
3577,東海染工,0
5956,トーソー,0
5952,アマテイ,0
3192,白鳩,0
2788,アップルインターナショナル,0
7781,平山ホールディングス,0
3237,イントランス,0
3416,ピクスタ,0
4918,アイビー化粧品,0
2884,ヨシムラ・フード・ホールディングス,0
2215,第一屋製パン,0
8225,タカチホ,0
7502,プラザホールディングス,0
7501,ティムコ,0
4391,ロジザード,0
6982,リード,0
2221,岩塚製菓,0
6291,日本エアーテック,0
9376,ユーラシア旅行社,0
1904,大成温調,0
6899,ＡＳＴＩ,0
5939,大谷工業,0
2332,クエスト,0
5974,中国工業,0
5936,東洋シヤッター,0
4274,細谷火工,0
9903,カンセキ,0
6962,大真空,0
4769,ＩＣ,0
4572,カルナバイオサイエンス,0
8181,東天紅,0
4667,アイサンテクノロジー,0
1381,アクシーズ,0
9698,クレオ,0
1718,美樹工業,0
6378,木村化工機,0
7219,エッチ・ケー・エス,0
5900,ダイケン,0
3361,トーエル,0
8836,ＲＩＳＥ,0
7228,デイトナ,0
5967,ＴＯＮＥ,0
7131,のむら産業,0
6190,フェニックスバイオ,0
7481,尾家産業,0
6322,タクミナ,0
6042,ニッキ,0
7413,創健社,0
4288,アズジェント,0
7636,ハンズマン,0
4444,インフォネット,0
4596,窪田製薬ホールディングス,0
4445,リビン・テクノロジーズ,0
7565,萬世電機,0
8135,ゼット,0
6138,ダイジェット工業,0
6249,ゲームカードホールディングス,0
2923,サトウ食品,0
4482,ウィルズ,0
9767,日建工学,0
7282,豊田合成,0
3156,レスター,0
6134,ＦＵＪＩ,0
9639,三協フロンテア,0
7490,日新商事,0
246A,アスア,0
4448,ｋｕｂｅｌｌ,0
8159,立花エレテック,0
6039,日本動物高度医療センター,0
4599,ステムリム,0
7475,アルビス,0
2425,ケアサービス,0
7421,カッパ・クリエイト,0
9326,関通ホールディングス,0
3302,帝国繊維,0
5933,アルインコ,0
8742,小林洋行,0
3422,Ｊ－ＭＡＸ,0
3896,阿波製紙,0
4718,早稲田アカデミー,0
5542,新報国マテリアル,0
8117,中央自動車工業,0
4341,西菱電機,0
4382,ＨＥＲＯＺ,0
2776,新都ホールディングス,0
4380,Ｍマート,0
8247,大和,0
5889,Ｊａｐａｎ　Ｅｙｅｗｅａｒ　Ｈｏｌｄｉｎｇｓ,0
5973,トーアミ,0
2393,日本ケアサプライ,0
3804,システム　ディ,0
6393,油研工業,0
7208,カネミツ,0
4264,セキュア,0
9830,トラスコ中山,0
4616,川上塗料,0
3457,Ａｎｄ　Ｄｏホールディングス,0
7949,小松ウオール工業,0
3423,エスイー,0
3744,サイオス,0
2375,ギグワークス,0
5915,駒井ハルテック,0
9441,ベルパーク,0
6919,ケル,0
3917,アイリッジ,0
4970,東洋合成工業,0
4935,リベルタ,0
7214,ＧＭＢ,0
3986,ビーブレイクシステムズ,0
9052,山陽電気鉄道,0
7811,中本パックス,0
8030,中央魚類,0
7875,竹田ｉＰホールディングス,0
6217,津田駒工業,0
5619,マーソ,0
5162,朝日ラバー,0
9257,ＹＣＰホールディングス（グローバル）リミテッド　ＪＤＲ,0
3665,エニグモ,0
6037,楽待,0
3967,エルテス,0
4389,プロパティデータバンク,0
5905,日本製罐,0
4735,京進,0
9242,メディア総研,0
8938,グローム・ホールディングス,0
7215,ファルテック,0
4012,アクシス,0
5697,サンユウ,0
4335,ＩＰＳホールディングス,0
6445,ジャノメ,0
9049,京福電気鉄道,0
5391,エーアンドエーマテリアル,0
6335,東京機械製作所,0
421A,ムービン・ストラテジック・キャリア,0
9063,岡山県貨物運送,0
6597,ＨＰＣシステムズ,0
7804,ビーアンドピー,0
4102,丸尾カルシウム,0
1948,弘電社,0
2488,ＪＴＰ,0
9556,ＩＮＴＬＯＯＰ,0
2983,アールプランナー,0
4194,ビジョナル,0
3823,ＴＨＥ　ＷＨＹ　ＨＯＷ　ＤＯ　ＣＯＭＰＡＮＹ,0
3409,北紡,0
3452,ビーロット,0
8804,東京建物,0
7138,ＴＯＲＩＣＯ,0
2789,カルラ,0
7073,ジェイック,0
2978,ツクルバ,0
3810,サイバーステップホールディングス,0
7077,ＡＬｉＮＫインターネット,0
9765,オオバ,0
6579,ログリー,0
3223,エスエルディー,0
5125,ファインズ,0
3204,トーア紡コーポレーション,0
7585,かんなん丸,0
3676,デジタルハーツホールディングス,0
3758,アエリア,0
8291,日産東京販売ホールディングス,0
157A,グリーンモンスター,0
2819,エバラ食品工業,0
4015,ペイクラウドホールディングス,0
6137,小池酸素工業,0
4040,南海化学,0
2134,北浜キャピタルパートナーズ,0
4594,ブライトパス・バイオ,0
281A,インフォメティス,0
9036,東部ネットワーク,0
4809,パラカ,0
8285,三谷産業,0
6440,ＪＵＫＩ,0
2991,ランドネット,0
215A,タイミー,0
4237,フジプレアム,0
7931,未来工業,0
5410,合同製鐵,0
7213,レシップホールディングス,0
6778,アルチザネットワークス,0
7682,浜木綿,0
2588,プレミアムウォーターホールディングス,0
3550,スタジオアタオ,0
7372,デコルテ・ホールディングス,0
7472,鳥羽洋行,0
6035,アイ・アールジャパンホールディングス,0
9219,ギックス,0
7844,マーベラス,0
2751,テンポスホールディングス,0
4671,ファルコホールディングス,0
8944,ランドビジネス,0
5570,ジェノバ,0
4623,アサヒペン,0
3719,ＡＩストーム,0
8115,ムーンバット,0
296A,令和アカウンティング・ホールディングス,0
4366,ダイトーケミックス,0
7140,ペットゴー,0
6484,ＫＶＫ,0
1383,ベルグアース,0
8166,タカキュー,0
7362,Ｔ．Ｓ．Ｉ,0
9820,エムティジェネックス,0
9778,昴,0
2388,ウェッジホールディングス,0
9780,ハリマビステム,0
7417,南陽,0
2112,塩水港精糖,0
7068,フィードフォースグループ,0
298A,ＧＶＡ　ＴＥＣＨ,0
7937,ツツミ,0
4395,アクリート,0
4496,コマースＯｎｅホールディングス,0
3920,アイビーシー,0
6279,瑞光,0
9173,東海汽船,0
3892,岡山製紙,0
5210,日本山村硝子,0
9692,シーイーシー,0
8107,キムラタン,0
6342,太平製作所,0
8013,ナイガイ,0
7482,シモジマ,0
476A,辻・本郷ＩＴコンサルティング,0
6063,日本エマージェンシーアシスタンス,0
3958,笹徳印刷,0
4320,ＣＥホールディングス,0
5603,虹技,0
194A,ＷＯＬＶＥＳ　ＨＡＮＤ,0
7042,アクセスグループ・ホールディングス,0
4881,ファンペップ,0
7035,ａｎｄ　ｆａｃｔｏｒｙ,0
4361,川口化学工業,0
6626,ＳＥＭＩＴＥＣ,0
2454,オールアバウト,0
7709,クボテック,0
9969,ショクブン,0
9130,共栄タンカー,0
9929,平和紙業,0
7992,セーラー万年筆,0
4492,ゼネテック,0
6490,ＰＩＬＬＡＲ,0
143A,イシン,0
146A,コロンビア・ワークス,0
7318,セレンディップ・ホールディングス,0
4783,ＮＣＤ,0
6998,日本タングステン,0
7638,ＮＥＷ　ＡＲＴ　ＨＯＬＤＩＮＧＳ,0
8118,キング,0
3489,フェイスネットワーク,0
1812,鹿島建設,0
407A,ＵＮＩＣＯＮホールディングス,0
3011,バナーズ,0
7442,中山福,0
7634,星医療酸器,0
6637,寺崎電気産業,0
2931,ユーグレナ,0
2980,ＳＲＥホールディングス,0
6369,トーヨーカネツ,0
2722,ＩＫホールディングス,0
7422,東邦レマック,0
9240,デリバリーコンサルティング,0
5248,テクノロジーズ,0
3933,チエル,0
145A,Ｌ　ｉｓ　Ｂ,0
2721,ジェイホールディングス,0
4657,環境管理センター,0
168A,イタミアート,0
3280,エストラスト,0
2795,日本プリメックス,0
4119,日本ピグメントホールディングス,0
7782,シンシア,0
340A,ジグザグ,0
4098,チタン工業,0
3969,エイトレッド,0
7368,表示灯,0
7446,東北化学薬品,0
4026,神島化学工業,0
3646,駅探,0
6615,ユー・エム・シー・エレクトロニクス,0
6572,オープングループ,0
7480,スズデン,0
7456,松田産業,0
554A,バトンズ,0
8045,横浜丸魚,0
4124,大阪油化工業,0
9983,ファーストリテイリング,0
3082,きちりホールディングス,0
6149,小田原エンジニアリング,0
9072,ニッコンホールディングス,0
8841,テーオーシー,0
8914,エリアリンク,0
7896,セブン工業,0
4100,戸田工業,0
5597,ブルーイノベーション,0
378A,ヒット,0
373A,リップス,0
5986,モリテック　スチール,0
4420,イーソル,0
6866,日置電機,0
5218,オハラ,0
1380,秋川牧園,0
9073,京極運輸商事,0
2806,ユタカフーズ,0
4937,Ｗａｑｏｏ,0
9265,ヤマシタヘルスケアホールディングス,0
9976,セキチュー,0
5247,ＢＴＭ,0
5079,ノバック,0
3195,ジェネレーションパス,0
2927,ＡＦＣ－ＨＤアムスライフサイエンス,0
6391,加地テック,0
9145,ビーイングホールディングス,0
2594,キーコーヒー,0
9256,サクシード,0
5957,日東精工,0
189A,Ｄ＆Ｍカンパニー,0
7971,東リ,0
3878,巴川コーポレーション,0
2179,成学社,0
3375,ＺＯＡ,0
3521,テルマー湯ホールディングス,0
9254,ラバブルマーケティンググループ,0
4260,ハイブリッドテクノロジーズ,0
9972,アルテック,0
1867,植木組,0
4442,バルテス・ホールディングス,0
3768,リスクモンスター,0
9816,ストライダーズ,0
6356,日本ギア工業,0
3856,Ａｂａｌａｎｃｅ,0
5971,共和工業所,0
3317,フライングガーデン,0
3326,ランシステム,0
2676,高千穂交易,0
7957,フジコピアン,0
3180,ビューティガレージ,0
8015,豊田通商,0
4673,川崎地質,0
2136,ヒップ,0
9017,新潟交通,0
3571,ソトー,0
3434,アルファＣｏ,0
6367,ダイキン工業,0
6349,小森コーポレーション,0
3712,情報企画,0
3779,ジェイ・エスコムホールディングス,0
6444,サンデン,0
5930,文化シヤッター,0
9419,ワイヤレスゲート,0
6863,ニレコ,0
3548,バロックジャパンリミテッド,0
8551,北日本銀行,0
7183,あんしん保証,0
3053,ペッパーフードサービス,0
1795,マサル,0
6267,ゼネラルパッカー,0
4891,ティムス,0
9812,テーオーホールディングス,0
8617,光世証券,0
9978,文教堂グループホールディングス,0
3065,ライフフーズ,0
7360,オンデック,0
7986,日本アイ・エス・ケイ,0
2286,林兼産業,0
7078,ＩＮＣＬＵＳＩＶＥ　Ｈｏｌｄｉｎｇｓ,0
4486,ユナイトアンドグロウ,0
8772,アサックス,0
9046,神戸電鉄,0
6228,ジェイ・イー・ティ,0
6226,守谷輸送機工業,0
9162,ブリーチ,0
5901,東洋製罐グループホールディングス,0
7046,ＴＤＳＥ,0
1873,日本ハウスホールディングス,0
6699,ダイヤモンドエレクトリックホールディングス,0
1992,神田通信機,0
9267,Ｇｅｎｋｙ　ＤｒｕｇＳｔｏｒｅｓ,0
6516,山洋電気,0
3841,ジーダット,0
3682,エンカレッジ・テクノロジ,0
3299,ムゲンエステート,0
4241,アテクト,0
9869,加藤産業,0
7129,ミアヘルサホールディングス,0
7111,ＩＮＥＳＴ,0
4044,セントラル硝子,0
6971,京セラ,0
2735,ワッツ,0
4893,ノイルイミューン・バイオテック,0
3687,フィックスターズ,0
9031,西日本鉄道,0
1515,日鉄鉱業,0
1518,三井松島ホールディングス,0
9250,ＧＲＣＳ,0
5612,日本鋳鉄管,0
4662,フォーカスシステムズ,0
9605,東映,0
6031,ＺＥＴＡ,0
4198,テンダ,0
3791,ＩＧポート,0
7578,ニチリョク,0
1966,高田工業所,0
4346,ＮＥＸＹＺ．Ｇｒｏｕｐ,0
7081,コーユーレンティア,0
3583,オーベクス,0
8898,センチュリー２１・ジャパン,0
5242,アイズ,0
4265,Ｉｎｓｔｉｔｕｔｉｏｎ　ｆｏｒ　ａ　Ｇｌｏｂａｌ　Ｓｏｃｉｅｔｙ,0
3947,ダイナパック,0
6334,明治機械,0
3989,シェアリングテクノロジー,0
3837,アドソル日進,0
5715,古河機械金属,0
5713,住友金属鉱山,0
4021,日産化学,0
4829,日本エンタープライズ,0
1786,オリエンタル白石,0
6506,安川電機,0
7212,エフテック,0
160A,アズパートナーズ,0
3998,すららネット,0
8931,和田興産,0
4017,クリーマ,0
7067,ブランディングテクノロジー,0
6497,ハマイ,0
5591,ＡＶＩＬＥＮ,0
7865,ピープル,0
3976,シャノン,0
9337,トリドリ,0
7538,大水,0
6721,ウインテスト,0
2193,クックパッド,0
4187,大阪有機化学工業,0
9560,プログリット,0
6535,アイモバイル,0
8053,住友商事,0
6898,トミタ電機,0
5020,ＥＮＥＯＳホールディングス,0
5533,エリッツホールディングス,0
6864,エヌエフホールディングス,0
6905,コーセル,0
6022,赤阪鐵工所,0
6230,ＳＡＮＥＩ,0
3402,東レ,0
5940,不二サッシ,0
6232,ＡＣＳＬ,0
8713,フィデアホールディングス,0
250A,シマダヤ,0
4412,サイエンスアーツ,0
6269,三井海洋開発,0
9355,リンコーコーポレーション,0
8706,極東証券,0
8084,ＲＹＯＤＥＮ,0
8802,三菱地所,0
8075,神鋼商事,0
7734,理研計器,0
6768,タムラ製作所,0
2428,ウェルネット,0
5921,川岸工業,0
3205,ダイドーリミテッド,0
4839,ＷＯＷＯＷ,0
3985,テモナ,0
4351,山田再生系債権回収総合事務所,0
9237,笑美面,0
6158,和井田製作所,0
9034,南総通運,0
4493,サイバーセキュリティクラウド,0
7090,リグア,0
2152,幼児活動研究会,0
6993,大黒屋ホールディングス,0
3131,シンデン・ハイテックス,0
7369,メイホーホールディングス,0
6246,テクノスマート,0
2814,佐藤食品工業,0
5341,ＡＳＡＨＩ　ＥＩＴＯホールディングス,0
3159,丸善ＣＨＩホールディングス,0
5923,高田機工,0
4960,ケミプロ化成,0
4977,新田ゼラチン,0
8158,ソーダニッカ,0
5658,日亜鋼業,0
4235,ウルトラファブリックス・ホールディングス,0
5742,エヌアイシ・オートテック,0
1833,奥村組,0
7305,新家工業,0
4375,セーフィー,0
1716,第一カッター興業,0
4888,ステラファーマ,0
2418,ツカダ・グローバルホールディング,0
9663,ナガワ,0
4370,モビルス,0
3116,トヨタ紡織,0
9213,セイファート,0
3954,昭和パックス,0
5103,昭和ホールディングス,0
4920,日本色材工業研究所,0
6197,ソラスト,0
138A,光フードサービス,0
6096,レアジョブ,0
9311,アサガミ,0
3681,ブイキューブ,0
9849,共同紙販ホールディングス,0
1909,日本ドライケミカル,0
5922,那須電機鉄工,0
5987,オーネックス,0
3439,三ツ知,0
556A,犬猫生活,0
402A,アクセルスペースホールディングス,0
7505,扶桑電通,0
4722,フューチャー,0
4480,メドレー,0
9636,きんえい,0
4421,ディ・アイ・システム,0
5356,美濃窯業,0
3663,セルシス,0
3753,フライトソリューションズ,0
2340,極楽湯ホールディングス,0
9331,キャスター,0
6848,東亜ディーケーケー,0
5136,ｔｒｉｐｌａ,0
9166,ＧＥＮＤＡ,0
4833,Ｄｅｆ　ｃｏｎｓｕｌｔｉｎｇ,0
3315,日本コークス工業,0
3111,オーミケンシ,0
2924,イフジ産業,0
2353,日本駐車場開発,0
4736,日本ラッド,0
9258,ＣＳ－Ｃ,0
9253,スローガン,0
9720,ホテル、ニューグランド,0
3003,ヒューリック,0
7554,幸楽苑,0
7695,交換できるくん,0
7615,京都きもの友禅ホールディングス,0
4465,ニイタカ,0
4598,Ｄｅｌｔａ－Ｆｌｙ　Ｐｈａｒｍａ,0
9685,ＫＹＣＯＭホールディングス,0
6479,ミネベアミツミ,0
3440,日創グループ,0
5122,オカモト,0
7524,マルシェ,0
4519,中外製薬,0
2449,プラップジャパン,0
4452,花王,0
9682,ＤＴＳ,0
3741,セック,0
9425,ＲｅＹｕｕ　Ｊａｐａｎ,0
1758,太洋基礎工業,0
4441,トビラシステムズ,0
4998,フマキラー,0
7236,ティラド,0
4483,ＪＭＤＣ,0
6840,ＡＫＩＢＡホールディングス,0
6474,不二越,0
6482,ＹＵＳＨＩＮ,0
6209,リケンＮＰＲ,0
6424,高見沢サイバネティックス,0
4712,ＫｅｙＨｏｌｄｅｒ,0
7877,永大化工,0
7813,プラッツ,0
300A,ＭＩＣ,0
4678,秀英予備校,0
3418,バルニバービ,0
3089,テクノアルファ,0
274A,ガーデン,0
5331,ノリタケ,0
4752,昭和システムエンジニアリング,0
8927,明豊エンタープライズ,0
5572,Ｒｉｄｇｅ－ｉ,0
4430,東海ソフト,0
6668,アドテック　プラズマ　テクノロジー,0
365A,伊澤タオル,0
2461,ファンコミュニケーションズ,0
6480,日本トムソン,0
6806,ヒロセ電機,0
7683,ダブルエー,0
7928,旭化学工業,0
4558,中京医薬品,0
9351,東洋埠頭,0
5982,マルゼン,0
6627,テラプローブ,0
4179,ジーネクスト,0
6059,ウチヤマホールディングス,0
4197,アスマーク,0
3372,関門海,0
6033,エクストリーム,0
6185,ＳＭＮ,0
7247,ミクニ,0
6030,アドベンチャー,0
6176,ブランジスタ,0
6074,ジェイエスエス,0
6044,三機サービス,0
8996,ハウスフリーダム,0
2351,ＡＳＪ,0
4059,まぐまぐ,0
6647,森尾電機,0
9867,ソレキア,0
6555,ＭＳ＆Ｃｏｎｓｕｌｔｉｎｇ,0
1994,高橋カーテンウォール工業,0
3793,ドリコム,0
3454,ファーストブラザーズ,0
2185,シイエム・シイ,0
5707,東邦亜鉛,0
6662,ユビテック,0
7800,アミファ,0
6496,中北製作所,0
6914,オプテックスグループ,0
8267,イオン,0
6836,ぷらっとホーム,0
9365,トレーディア,0
1766,東建コーポレーション,0
190A,Ｃｈｏｒｄｉａ　Ｔｈｅｒａｐｅｕｔｉｃｓ,0
3042,セキュアヴェイル,0
4777,ガーラ,0
9466,アイドママーケティングコミュニケーション,0
5578,ＡＲアドバンストテクノロジ,0
9885,シャルレ,0
5871,ＳＯＬＩＺＥ　Ｈｏｌｄｉｎｇｓ,0
3174,ハピネス・アンド・ディ,0
5446,北越メタル,0
6787,メイコー,0
1853,森組,0
8050,セイコーグループ,0
7389,あいちフィナンシャルグループ,0
4680,ラウンドワン,0
5256,Ｆｕｓｉｃ,0
4041,日本曹達,0
7897,ホクシン,0
206A,ＰＲＩＳＭ　ＢｉｏＬａｂ,0
3386,コスモ・バイオ,0
7157,ライフネット生命保険,0
7984,コクヨ,0
2760,東京エレクトロン　デバイス,0
9119,飯野海運,0
7702,ＪＭＳ,0
4531,有機合成薬品工業,0
4956,コニシ,0
4404,ミヨシ油脂,0
9687,ＫＳＫ,0
6315,ＴＯＷＡ,0
6034,ＭＲＴ,0
6047,Ｇｕｎｏｓｙ,0
4719,アルファシステムズ,0
7942,ＪＳＰ,0
3645,メディカルネット,0
7095,Ｍａｃｂｅｅ　Ｐｌａｎｅｔ,0
8344,山形銀行,0
2804,ブルドックソース,0
4619,日本特殊塗料,0
4979,ＯＡＴアグリオ,0
5032,ＡＮＹＣＯＬＯＲ,0
4644,イマジニア,0
2533,オエノンホールディングス,0
6814,古野電気,0
7043,アルー,0
1848,富士ピー・エス,0
5888,ＤＡＩＷＡ　ＣＹＣＬＥ,0
9235,売れるネット広告社グループ,0
5355,日本坩堝,0
7975,リヒトラブ,0
5131,リンカーズ,0
7857,セキ,0
7416,はるやまホールディングス,0
9233,アジア航測,0
4073,ジィ・シィ企画,0
9640,セゾンテクノロジー,0
4175,ｃｏｌｙ,0
3178,チムニー,0
7185,ヒロセ通商,0
3991,ウォンテッドリー,0
3930,はてな,0
5702,大紀アルミニウム工業所,0
7357,ジオコード,0
3940,ノムラシステムコーポレーション,0
6276,シリウスビジョン,0
6564,ミダックホールディングス,0
7021,ニッチツ,0
9204,スカイマーク,0
335A,ミライロ,0
6797,名古屋電機工業,0
8920,東祥,0
6652,ＩＤＥＣ,0
7740,タムロン,0
7815,東京ボード工業,0
7792,コラントッテ,0
7537,丸文,0
4814,ネクストウェア,0
8801,三井不動産,0
7883,サンメッセ,0
3537,昭栄薬品,0
7079,ＷＤＢココ,0
4068,ベイシス,0
4813,ＡＣＣＥＳＳ,0
7603,ジーイエット,0
5990,スーパーツール,0
9753,アイエックス・ナレッジ,0
8147,トミタ,0
7378,アシロ,0
9262,シルバーライフ,0
3927,フーバーブレイン,0
2654,アスモ,0
6772,東京コスモス電機,0
6817,スミダコーポレーション,0
4886,あすか製薬ホールディングス,0
7222,日産車体,0
6769,ザインエレクトロニクス,0
2678,アスクル,0
4047,関東電化工業,0
6395,タダノ,0
3166,ＯＣＨＩホールディングス,0
6966,三井ハイテック,0
3246,コーセーアールイー,0
7242,カヤバ,0
6941,山一電機,0
3113,ＵＮＩＶＡ・Ｏａｋホールディングス,0
6779,日本電波工業,0
6082,ライドオンエクスプレスホールディングス,0
1605,ＩＮＰＥＸ,0
1662,石油資源開発,0
477A,スタートライン,0
480A,リブ・コンサルティング,0
456A,ＨＵＭＡＮ　ＭＡＤＥ,0
5587,インバウンドプラットフォーム,0
9408,ＢＳＮメディアホールディングス,0
9421,エヌジェイホールディングス,0
7808,シー・エス・ランバー,0
4576,デ・ウエスタン・セラピテクス研究所,0
9914,植松商会,0
4926,シーボン,0
3996,サインポスト,0
2156,セーラー広告,0
4481,ベース,0
5026,トリプルアイズ,0
3928,マイネット,0
1982,日比谷総合設備,0
198A,ＰｏｓｔＰｒｉｍｅ,0
3950,ザ・パック,0
9245,リベロ,0
2300,きょくとう,0
4586,メドレックス,0
6420,ガリレイ,0
3154,メディアスホールディングス,0
7841,遠藤製作所,0
2736,フェスタリアホールディングス,0
2742,ハローズ,0
6517,デンヨー,0
6592,マブチモーター,0
2130,メンバーズ,0
3556,リネットジャパングループ,0
3058,三洋堂ホールディングス,0
150A,ＪＳＨ,0
9202,ＡＮＡホールディングス,0
8518,日本アジア投資,0
460A,ＢＲＡＮＵ,0
2459,アウンコンサルティング,0
9385,ショーエイコーポレーション,0
2162,ｎｍｓ　ホールディングス,0
5997,協立エアテック,0
6558,クックビズ,0
9342,スマサポ,0
2667,イメージ　ワン,0
3480,ジェイ・エス・ビー,0
3600,フジックス,0
6180,ＧＭＯメディア,0
1997,暁飯島工業,0
9060,日本ロジテム,0
3944,古林紙工,0
4371,コアコンセプト・テクノロジー,0
6346,キクカワエンタープライズ,0
5906,エムケー精工,0
4256,サインド,0
5301,東海カーボン,0
4275,カーリット,0
3667,ｅｎｉｓｈ,0
2303,ドーン,0
7917,ＺＡＣＲＯＳ,0
3708,特種東海製紙,0
3672,オルトプラス,0
4031,片倉コープアグリ,0
8349,東北銀行,0
8614,東洋証券,0
6036,ＫｅｅＰｅｒ技研,0
1950,日本電設工業,0
7463,アドヴァングループ,0
7377,ＤＮホールディングス,0
4565,ネクセラファーマ,0
575A,前澤ホールディングス,0
4249,森六,0
2207,ｍｅｉｔｏ,0
2292,Ｓ　Ｆｏｏｄｓ,0
6273,ＳＭＣ,0
3004,神栄,0
3252,地主,0
4107,伊勢化学工業,0
2778,パレモ・ホールディングス,0
1384,ホクリヨウ,0
386A,みのや,0
3323,レカム,0
9878,セキド,0
4811,ドリーム・アーツ,0
2480,システム・ロケーション,0
4972,綜研化学,0
219A,Ｈｅａｒｔｓｅｅｄ,0
1801,大成建設,0
3479,ＴＫＰ,0
5891,魁力屋,0
6837,京写,0
9360,鈴与シンワート,0
6870,日本フェンオール,0
9476,中央経済社ホールディングス,0
5843,ニッポンインシュア,0
5714,ＤＯＷＡホールディングス,0
297A,アルピコホールディングス,0
244A,グロースエクスパートナーズ,0
6050,イー・ガーディアン,0
8207,テンアライド,0
9325,ファイズホールディングス,0
3538,ウイルプラスホールディングス,0
5010,日本精蝋,0
5261,リソルホールディングス,0
6656,インスペック,0
2907,あじかん,0
7374,コンフィデンス・インターワークス,0
3202,ダイトウボウ,0
186A,アストロスケールホールディングス,0
9986,蔵王産業,0
7624,ＮａＩＴＯ,0
5599,Ｓ＆Ｊ,0
3992,ニーズウェル,0
9168,ライズ・コンサルティング・グループ,0
2687,シー・ヴイ・エス・ベイエリア,0
3289,東急不動産ホールディングス,0
6574,コンヴァノ,0
3542,ベガコーポレーション,0
4177,ｉ‐ｐｌｕｇ,0
7084,Ｓｍｉｌｅ　Ｈｏｌｄｉｎｇｓ,0
7089,フォースタートアップス,0
3196,ホットランドホールディングス,0
1435,ｒｏｂｏｔ　ｈｏｍｅ,0
2282,日本ハム,0
1911,住友林業,0
4583,カイオム・バイオサイエンス,0
4498,サイバートラスト,0
5857,ＡＲＥホールディングス,0
2217,モロゾフ,0
4093,東邦アセチレン,0
9339,コーチ・エィ,0
5965,フジマック,0
3726,フォーシーズＨＤ,0
3010,ポラリス・ホールディングス,0
9846,天満屋ストア,0
3839,ＯＤＫソリューションズ,0
8142,トーホー,0
4475,ＨＥＮＮＧＥ,0
6195,ホープ,0
9679,ホウライ,0
4431,スマレジ,0
7038,フロンティア・マネジメント,0
6977,日本抵抗器製作所,0
6073,アサンテ,0
6078,バリューＨＲ,0
8127,ヤマトインターナショナル,0
2937,サンクゼール,0
5821,平河ヒューテック,0
7033,マネジメントソリューションズ,0
7039,ブリッジインターナショナルグループ,0
4243,ニックス,0
8704,トレイダーズホールディングス,0
2206,江崎グリコ,0
3261,グランディーズ,0
9534,北海道瓦斯,0
8139,ナガホリ,0
4095,日本パーカライジング,0
2750,石光商事,0
330A,ＴａｌｅｎｔＸ,0
2782,セリア,0
1431,Ｌｉｂ　Ｗｏｒｋ,0
9930,北沢産業,0
4762,エックスネット,0
9853,銀座ルノアール,0
7609,ダイトロン,0
4705,クリップコーポレーション,0
4524,森下仁丹,0
7918,ヴィア・ホールディングス,0
4317,レイ,0
7561,ハークスレイ,0
3670,協立情報通信,0
6150,タケダ機械,0
3683,サイバーリンクス,0
8237,松屋,0
6853,共和電業,0
2683,魚喜,0
6101,ツガミ,0
3553,共和レザー,0
4167,ココペリ,0
5480,日本冶金工業,0
5726,大阪チタニウムテクノロジーズ,0
6915,千代田インテグレ,0
6858,小野測器,0
7901,マツモト,0
7133,ＨＹＵＧＡ　ＰＲＩＭＡＲＹ　ＣＡＲＥ,0
8697,日本取引所グループ,0
5867,エスネットワークス,0
4193,ファブリカホールディングス,0
9439,エム・エイチ・グループ,0
4919,ミルボン,0
4464,ソフト９９コーポレーション,0
7940,ウェーブロックホールディングス,0
7916,光村印刷,0
6943,ＮＫＫスイッチズ,0
3271,ＴＨＥグローバル社,0
5918,瀧上工業,0
7040,サン・ライフホールディング,0
4171,グローバルインフォメーション,0
5969,ロブテックス,0
6402,兼松エンジニアリング,0
3800,ユニリタ,0
6324,ハーモニック・ドライブ・システムズ,0
6167,冨士ダイス,0
6094,フリークアウト・ホールディングス,0
4069,ＢｌｕｅＭｅｍｅ,0
6633,ＣＧＳホールディングス,0
9163,ナレルグループ,0
5139,オープンワーク,0
5985,サンコール,0
3157,ジオリーブグループ,0
6548,旅工房,0
9823,マミーマートホールディングス,0
303A,ｖｉｓｕｍｏ,0
428A,サイプレス・ホールディングス,0
7604,梅の花グループ,0
6223,西部技研,0
7367,セルム,0
5031,モイ,0
3766,システムズ・デザイン,0
3444,菊池製作所,0
3988,ＳＹＳホールディングス,0
9857,英和,0
7619,田中商事,0
2961,日本調理機,0
4490,ビザスク,0
7726,黒田精工,0
2435,シダー,0
7774,ジャパン・ティッシュエンジニアリング,0
2163,アルトナー,0
2164,地域新聞社,0
2481,タウンニュース社,0
9279,ギフトホールディングス,0
7872,エステールホールディングス,0
6379,レイズネクスト,0
3482,ロードスターキャピタル,0
9193,東京汽船,0
3815,メディア工房,0
7762,シチズン時計,0
6728,アルバック,0
9904,ベリテ,0
2998,クリアル,0
546A,ＭＩＲＡＩＮＩホールディングス,0
5574,ＡＢＥＪＡ,0
7947,エフピコ,0
1972,三晃金属工業,0
9241,フューチャーリンクネットワーク,0
3727,アプリックス,0
4923,コタ,0
277A,グロービング,0
5981,東京製綱,0
6666,リバーエレテック,0
9264,ポエック,0
3494,マリオン,0
6804,ホシデン,0
9305,ヤマタネ,0
4628,エスケー化研,0
9343,アイビス,0
4020,ビートレンド,0
3660,アイスタイル,0
6055,ジャパンマテリアル,0
2379,ディップ,0
7611,ハイデイ日高,0
5016,ＪＸ金属,0
7363,ベビーカレンダー,0
319A,技術承継機構,0
8165,千趣会,0
8179,ロイヤルホールディングス,0
7567,栄電子,0
2936,ベースフード,0
2585,ライフドリンク　カンパニー,0
7912,大日本印刷,0
1419,タマホーム,0
6481,ＴＨＫ,0
4368,扶桑化学工業,0
4203,住友ベークライト,0
5644,メタルアート,0
7747,朝日インテック,0
6723,ルネサスエレクトロニクス,0
8077,トルク,0
2997,ストレージ王,0
9308,乾汽船,0
7175,今村証券,0
9558,ジャパニアス,0
5527,ｐｒｏｐｅｒｔｙ　ｔｅｃｈｎｏｌｏｇｉｅｓ,0
7359,東京通信グループ,0
548A,システムエグゼ,0
8041,ＯＵＧホールディングス,0
2747,北雄ラッキー,0
1844,大盛工業,0
7531,清和中央ホールディングス,0
2408,ＫＧ情報,0
2288,丸大食品,0
3036,アルコニックス,0
7427,エコートレーディング,0
3068,ＷＤＩ,0
9709,ＮＣＳ＆Ａ,0
5071,ヴィス,0
5199,不二ラテックス,0
6278,ユニオンツール,0
7352,ＴＷＯＳＴＯＮＥ＆Ｓｏｎｓ,0
3035,ケイティケイ,0
3134,Ｈａｍｅｅ,0
6590,芝浦メカトロニクス,0
7725,インターアクション,0
3916,デジタル・インフォメーション・テクノロジー,0
4205,日本ゼオン,0
332A,ミーク,0
7284,盟和産業,0
9984,ソフトバンクグループ,0
2433,博報堂ＤＹホールディングス,0
4438,Ｗｅｌｂｙ,0
4450,パワーソリューションズ,0
5283,高見澤,0
5817,ＪＭＡＣＳ,0
9508,九州電力,0
9553,マイクロアド,0
9552,クオンツ総研ホールディングス,0
6045,レントラックス,0
5576,オービーシステム,0
5991,日本発條,0
5187,クリエートメディック,0
2301,学情,0
7320,Ｓｏｌｖｖｙ,0
4415,ブロードエンタープライズ,0
5243,ｎｏｔｅ,0
3993,ＰＫＳＨＡ　Ｔｅｃｈｎｏｌｏｇｙ,0
3103,ユニチカ,0
5575,Ｇｌｏｂｅｅ,0
8783,ａｂｃ,0
9565,ＧＬＯＥ,0
5363,東京窯業,0
4597,ソレイジア・ファーマ,0
228A,オプロ,0
7082,ジモティー,0
3352,バッファロー,0
6926,岡谷電機産業,0
2186,ソーバル,0
3495,香陵住販,0
9012,秩父鉄道,0
3710,ジョルダン,0
5021,コスモエネルギーホールディングス,0
2168,パソナグループ,0
9713,ロイヤルホテル,0
2469,ヒビノ,0
6046,リンクバル,0
2916,仙波糖化工業,0
6165,パンチ工業,0
4116,大日精化工業,0
3321,ミタチ産業,0
4743,アイティフォー,0
6177,ＡｐｐＢａｎｋ,0
6200,インソース,0
8119,三栄コーポレーション,0
2934,ジェイフロンティア,0
6580,ライトアップ,0
6614,シキノハイテック,0
6557,ＡＩＡＩグループ,0
478A,フツパー,0
6577,ベストワンドットコム,0
4825,ウェザーニューズ,0
4436,ミンカブ・ジ・インフォノイド,0
5285,ヤマックス,0
5616,雨風太陽,0
7544,スリーエフ,0
7596,魚力,0
9746,ＴＫＣ,0
7674,ＮＡＴＴＹ　ＳＷＡＮＫＹホールディングス,0
7134,アップガレージグループ,0
4293,セプテーニ・ホールディングス,0
4543,テルモ,0
9449,ＧＭＯインターネットグループ,0
9625,セレスポ,0
8613,丸三証券,0
9702,アイ・エス・ビー,0
9729,トーカイ,0
9788,ナック,0
4627,ナトコ,0
7749,メディキット,0
3168,ＭＥＲＦ,0
6920,レーザーテック,0
3110,日東紡績,0
6428,オーイズミ,0
2910,ロック・フィールド,0
5842,インテグラル,0
1436,グリーンエナジー＆カンパニー,0
6194,アトラエ,0
6524,湖北工業,0
6832,アオイ電子,0
6525,ＫＯＫＵＳＡＩ　ＥＬＥＣＴＲＩＣ,0
5801,古河電気工業,0
245A,ＩＮＧＳ,0
4062,イビデン,0
9272,ブティックス,0
4631,ＤＩＣ,0
2809,キユーピー,0
5563,新日本電工,0
3133,海帆,0
9110,ＮＳユナイテッド海運,0
9782,ディーエムエス,0
4054,日本情報クリエイト,0
4674,クレスコ,0
6229,オーケーエム,0
6222,島精機製作所,0
1434,ＪＥＳＣＯホールディングス,0
8365,富山銀行,0
4114,日本触媒,0
9763,丸建リース,0
5537,ＡｌｂａＬｉｎｋ,0
9444,トーシンホールディングス,0
4261,アジアクエスト,0
2334,イオレ,0
7839,ＳＨＯＥＩ,0
3199,綿半ホールディングス,0
4394,エクスモーション,0
7731,ニコン,0
4661,オリエンタルランド,0
2700,木徳神糧,0
6785,鈴木,0
6981,村田製作所,0
6844,新電元工業,0
8798,アドバンスクリエイト,0
7746,岡本硝子,0
4732,ユー・エス・エス,0
7715,長野計器,0
5471,大同特殊鋼,0
6643,戸上電機製作所,0
4973,日本高純度化学,0
4120,スガイ化学工業,0
4075,ブレインズテクノロジー,0
6855,日本電子材料,0
1980,ダイダン,0
2158,ＦＲＯＮＴＥＯ,0
6547,グリーンズ,0
1787,ナカボーテック,0
9537,北陸瓦斯,0
285A,キオクシアホールディングス,0
6599,エブレン,0
6029,アトラグループ,0
7966,リンテック,0
7953,菊水化学工業,0
7963,興研,0
2157,コシダカホールディングス,0
6245,ヒラノテクシード,0
1418,インターライフホールディングス,0
3467,アグレ都市デザイン,0
3501,ＳＵＭＩＮＯＥ,0
9340,アソインターナショナル,0
4060,ｒａｋｕｍｏ,0
6083,ＥＲＩホールディングス,0
6507,シンフォニアテクノロジー,0
2345,ＨＯＤＬ１,0
7776,セルシード,0
4388,エーアイ,0
4625,アトミクス,0
5724,アサカ理研,0
9824,泉州電業,0
4679,田谷,0
4929,アジュバンホールディングス,0
7837,アールシーコア,0
6368,オルガノ,0
504A,イノバセル,0
8091,ニチモウ,0
2813,和弘食品,0
5834,ＳＢＩリーシングサービス,0
4255,ＴＨＥＣＯＯ,0
4925,ハーバー研究所,0
6203,豊和工業,0
8918,ランド,0
2669,カネ美食品,0
4564,オンコセラピー・サイエンス,0
6145,ＮＩＴＴＯＫＵ,0
7849,スターツ出版,0
2802,味の素,0
6908,イリソ電子工業,0
7522,ワタミ,0
4186,東京応化工業,0
1939,四電工,0
3627,テクミラホールディングス,0
7735,ＳＣＲＥＥＮホールディングス,0
4238,ミライアル,0
2497,ユナイテッド,0
9501,東京電力ホールディングス,0
2737,トーメンデバイス,0
5240,ｍｏｎｏＡＩ　ｔｅｃｈｎｏｌｏｇｙ,0
7514,ヒマラヤ,0
3041,ビューティカダンホールディングス,0
9993,ヤマザワ,0
7988,ニフコ,0
2702,日本マクドナルドホールディングス,0
479A,ＰＲＯＮＩ,0
9880,イノテック,0
483A,テラテクノロジー,0
3349,コスモス薬品,0
5074,テスホールディングス,0
324A,ブッキングリゾート,0
2668,タビオ,0
8074,ＹＵＡＳＡ,0
8163,ＳＲＳホールディングス,0
8152,ソマール,0
3935,エディア,0
8230,はせがわ,0
7827,オービス,0
7851,カワセコンピュータサプライ,0
2612,かどや製油,0
7994,オカムラ,0
218A,Ｌｉｂｅｒａｗａｒｅ,0
241A,ＲＯＸＸ,0
4284,ソルクシーズ,0
3153,八洲電機,0
9888,ＵＥＸ,0
2666,オートウェーブ,0
9010,富士急行,0
5033,ヌーラボ,0
6616,トレックス・セミコンダクター,0
3772,ウェルス・マネジメント,0
3723,日本ファルコム,0
7564,ワークマン,0
9212,Ｇｒｅｅｎ　Ｅａｒｔｈ　Ｉｎｓｔｉｔｕｔｅ,0
9887,松屋フーズホールディングス,0
4196,ネオマーケティング,0
6069,トレンダーズ,0
3549,クスリのアオキホールディングス,0
6625,ＪＡＬＣＯホールディングス,0
9006,京浜急行電鉄,0
6328,荏原実業,0
3661,エムアップホールディングス,0
7908,きもと,0
3843,フリービット,0
6147,ヤマザキ,0
4587,ペプチドリーム,0
3140,ＢＲＵＮＯ,0
5803,フジクラ,0
2656,ベクターホールディングス,0
9159,Ｗ　ＴＯＫＹＯ,0
8362,福井銀行,0
6777,ｓａｎｔｅｃ　Ｈｏｌｄｉｎｇｓ,0
4061,デンカ,0
4055,ティアンドエスグループ,0
4552,ＪＣＲファーマ,0
3175,エー・ピーホールディングス,0
9996,サトー商会,0
4971,メック,0
8622,水戸証券,0
6140,旭ダイヤモンド工業,0
4968,荒川化学工業,0
323A,フライヤー,0
8059,第一実業,0
9348,ｉｓｐａｃｅ,0
1899,福田組,0
6237,イワキポンプ,0
4771,エフアンドエム,0
6198,キャリア,0
6161,エスティック,0
2762,ＳＡＮＫＯ　ＭＡＲＫＥＴＩＮＧ　ＦＯＯＤＳ,0
6634,ＪＮグループ,0
6540,船場,0
3769,ＧＭＯペイメントゲートウェイ,0
4544,Ｈ．Ｕ．グループホールディングス,0
4234,サンエー化研,0
3197,すかいらーくホールディングス,0
7130,ヤマエグループホールディングス,0
6347,プラコー,0
9171,栗林商船,0
3161,アゼアス,0
2291,福留ハム,0
4099,四国化成ホールディングス,0
4393,バンク・オブ・イノベーション,0
9563,Ａｔｌａｓ　Ｔｅｃｈｎｏｌｏｇｉｅｓ,0
8143,ラピーヌ,0
7523,アールビバン,0
8860,フジ住宅,0
9412,スカパーＪＳＡＴ,0
9828,Ｇｅｎｋｉ　Ｇｌｏｂａｌ　Ｄｉｎｉｎｇ　Ｃｏｎｃｅｐｔｓ,0
7094,ＮｅｘＴｏｎｅ,0
4819,デジタルガレージ,0
9307,杉村倉庫,0
7826,フルヤ金属,0
352A,ＬＯＩＶＥ,0
6568,神戸天然物化学,0
3750,ＡＤＲ１２０Ｓ,0
4553,東和薬品,0
6862,ミナトホールディングス,0
3436,ＳＵＭＣＯ,0
2708,久世,0
1928,積水ハウス,0
4377,ワンキャリア,0
3359,ｃｏｔｔａ,0
3387,クリエイト・レストランツ・ホールディングス,0
7464,セフテック,0
5753,日本伸銅,0
2831,はごろもフーズ,0
2876,デルソーレ,0
4350,メディカルシステムネットワーク,0
2195,アミタホールディングス,0
175A,Ｗｉｌｌ　Ｓｍａｒｔ,0
6208,石川製作所,0
7325,アイリックコーポレーション,0
6181,タメニー,0
2877,日東ベスト,0
3086,Ｊ．フロント　リテイリング,0
4192,スパイダープラス,0
3355,クリヤマホールディングス,0
5958,三洋工業,0
6955,ＦＤＫ,0
3561,力の源ホールディングス,0
5602,栗本鐵工所,0
1447,ＳＡＡＦホールディングス,0
6965,浜松ホトニクス,0
5592,くすりの窓口,0
3176,三洋貿易,0
8894,ＲＥＶＯＬＵＴＩＯＮ,0
4259,エクサウィザーズ,0
4967,小林製薬,0
6629,テクノホライゾン,0
7991,マミヤ・オーピー,0
4432,ウイングアーク１ｓｔ,0
4462,石原ケミカル,0
9236,ジャパンＭ＆Ａソリューション,0
3096,オーシャンシステム,0
4418,ＪＤＳＣ,0
6040,日本スキー場開発,0
6788,日本トリム,0
4538,扶桑薬品工業,0
4343,イオンファンタジー,0
9278,ブックオフグループホールディングス,0
3091,ブロンコビリー,0
304A,フォルシア,0
2586,フルッタフルッタ,0
4165,プレイド,0
5279,日本興業,0
8275,フォーバル,0
7692,アースインフィニティ,0
9428,クロップス,0
5870,ナルネットコミュニケーションズ,0
7062,フレアス,0
7689,コパ・コーポレーション,0
1382,ホーブ,0
5858,ＳＴＧ,0
6696,トラース・オン・プロダクト,0
3097,物語コーポレーション,0
8200,リンガーハット,0
8273,イズミ,0
4433,ヒト・コミュニケーションズ・ホールディングス,0
278A,Ｔｅｒｒａ　Ｄｒｏｎｅ,0
2932,ＳＴＩフードホールディングス,0
9740,セントラル警備保障,0
5142,アキレス,0
5393,ニチアス,0
4410,ハリマ化成グループ,0
4990,昭和化学工業,0
8008,ヨンドシーホールディングス,0
7031,インバウンドテック,0
7036,イーエムネットジャパン,0
6549,ディーエムソリューションズ,0
3840,パス,0
9271,和心,0
8908,毎日コムネット,0
8945,サンネクスタグループ,0
5582,グリッド,0
7775,大研医器,0
7122,近畿車輛,0
3353,メディカル一光グループ,0
3248,アールエイジ,0
3071,ストリーム,0
9423,フォーバル・リアルストレート,0
4028,石原産業,0
5381,マイポックス,0
9973,ＫＯＺＯホールディングス,0
7245,大同メタル工業,0
9622,スペース,0
367A,プリモグローバルホールディングス,0
2170,リンクアンドモチベーション,0
6098,リクルートホールディングス,0
9827,リリカラ,0
5208,有沢製作所,0
4082,第一稀元素化学工業,0
5253,カバー,0
7527,システムソフト,0
7520,エコス,0
2882,イートアンドホールディングス,0
5284,ヤマウホールディングス,0
2370,メディネット,0
7435,ナ・デックス,0
2378,ルネサンス,0
7283,愛三工業,0
2337,いちご,0
3496,アズーム,0
6677,エスケーエレクトロニクス,0
6255,エヌ・ピー・シー,0
8132,シナネンホールディングス,0
280A,ＴＭＨ,0
8005,スクロール,0
7462,ＣＡＰＩＴＡ,0
5108,ブリヂストン,0
6800,ヨコオ,0
6146,ディスコ,0
5214,日本電気硝子,0
2471,エスプール,0
3077,ホリイフードサービス,0
268A,リガク・ホールディングス,0
4506,住友ファーマ,0
3445,ＲＳ　Ｔｅｃｈｎｏｌｏｇｉｅｓ,0
6182,メタリアル,0
2325,ＮＪＳ,0
3565,アセンテック,0
9561,グラッドキューブ,0
1773,ワイ・ティー・エル・コーポレーション・バーハッド,0
3132,マクニカホールディングス,0
7707,プレシジョン・システム・サイエンス,0
9722,藤田観光,0
6235,オプトラン,0
5380,新東,0
7266,今仙電機製作所,0
7217,テイン,0
5384,フジミインコーポレーテッド,0
6834,精工技研,0
6380,オリエンタルチエン工業,0
3803,イメージ情報開発,0
6332,月島ホールディングス,0
6518,三相電機,0
5134,ＰＯＰＥＲ,0
4889,レナサイエンス,0
3680,ホットリンク,0
9619,イチネンホールディングス,0
9274,ＫＰＰグループホールディングス,0
9768,いであ,0
7819,粧美堂,0
6571,キュービーネットホールディングス,0
5998,アドバネクス,0
6538,ディスラプターズ,0
8079,正栄食品工業,0
6532,ベイカレント,0
6622,ダイヘン,0
9345,ビズメイツ,0
4428,シノプス,0
6952,カシオ計算機,0
6537,ＷＡＳＨハウス,0
4287,ジャストプランニング,0
9627,アインホールディングス,0
9090,ＡＺ－ＣＯＭ丸和ホールディングス,0
3121,マーチャント・バンカーズ,0
8869,明和地所,0
4425,Ｋｕｄａｎ,0
3151,バイタルケーエスケー・ホールディングス,0
5588,ファーストアカウンティング,0
3063,ジェイグループホールディングス,0
4592,サンバイオ,0
248A,キッズスター,0
3021,パシフィックネット,0
3634,ソケッツ,0
7717,ブイ・テクノロジー,0
2341,アルバイトタイムス,0
339A,プログレス・テクノロジーズ　グループ,0
255A,ジーエルテクノホールディングス,0
6694,ズーム,0
4112,保土谷化学工業,0
4231,タイガースポリマー,0
3087,ドトール・日レスホールディングス,0
4308,Ｊストリーム,0
4528,小野薬品工業,0
299A,クラシル,0
9009,京成電鉄,0
7080,スポーツフィールド,0
4262,ニフティライフスタイル,0
5618,ナイル,0
4707,キタック,0
5659,日本精線,0
5955,ワイズホールディングス,0
6807,日本航空電子工業,0
8012,長瀬産業,0
1420,サンヨーホームズ,0
9450,ファイバーゲート,0
7240,ＮＯＫ,0
7679,薬王堂ホールディングス,0
205A,ロゴスホールディングス,0
8160,木曽路,0
7203,トヨタ自動車,0
5401,日本製鉄,0
3415,ＴＯＫＹＯ　ＢＡＳＥ,0
7729,東京精密,0
3284,フージャースホールディングス,0
2055,日和産業,0
3943,大石産業,0
9353,櫻島埠頭,0
6923,スタンレー電気,0
6925,ウシオ電機,0
3908,コラボス,0
4424,Ａｍａｚｉａ,0
372A,レント,0
5258,トランザクション・メディア・ネットワークス,0
3374,内外テック,0
3778,さくらインターネット,0
6254,野村マイクロ・サイエンス,0
4997,日本農薬,0
3437,特殊電極,0
2354,ＹＥ　ＤＩＧＩＴＡＬ,0
5852,アーレスティ,0
254A,ＡＩフュージョンキャピタルグループ,0
5202,日本板硝子,0
291A,リスキル,0
2579,コカ・コーラ　ボトラーズジャパンホールディングス,0
3320,クロスプラス,0
2933,紀文食品,0
4479,マクアケ,0
9399,ビート・ホールディングス・リミテッド,0
1376,カネコ種苗,0
9467,アルファポリス,0
6471,日本精工,0
4477,ＢＡＳＥ,0
4936,アクシージア,0
4577,ダイト,0
9872,北恵,0
7741,ＨＯＹＡ,0
8793,ＮＥＣキャピタルソリューション,0
8835,太平洋興発,0
6912,菊水ホールディングス,0
9041,近鉄グループホールディングス,0
9044,ＮＡＮＫＡＩ,0
3236,プロパスト,0
581A,ＧＯ,0
9831,ヤマダホールディングス,0
2811,カゴメ,0
5101,横浜ゴム,0
5962,浅香工業,0
9706,日本空港ビルデング,0
6268,ナブテスコ,0
4582,シンバイオ製薬,0
6617,東光高岳,0
7902,ソノコム,0
2769,ヴィレッジヴァンガードコーポレーション,0
6803,ティアック,0
2216,カンロ,0
5580,プロディライト,0
6996,ニチコン,0
5805,ＳＷＣＣ,0
8167,リテールパートナーズ,0
7371,Ｚｅｎｋｅｎ,0
4840,トライアイズ,0
6999,ＫＯＡ,0
6951,日本電子,0
8904,ＡＶＡＮＴＩＡ,0
8104,クワザワホールディングス,0
1446,キャンディル,0
2694,焼肉坂井ホールディングス,0
7610,テイツー,0
5729,日本精鉱,0
3030,ハブ,0
2304,ＣＳＳホールディングス,0
7426,山大,0
2268,Ｂ－Ｒ　サーティワン　アイスクリーム,0
8628,松井証券,0
2114,フジ日本,0
4526,理研ビタミン,0
8089,ナイス,0
7793,イメージ・マジック,0
135A,ＶＲＡＩＮ　Ｓｏｌｕｔｉｏｎ,0
3979,うるる,0
3101,東洋紡,0
8595,ジャフコ　グループ,0
6247,日阪製作所,0
2183,リニカル,0
2903,シノブフーズ,0
6963,ローム,0
7621,うかい,0
8198,マックスバリュ東海,0
2970,ＧＬＣ　ＧＲＯＵＰ,0
4812,電通総研,0
1514,住石ホールディングス,0
4385,メルカリ,0
2929,ファーマフーズ,0
5950,日本パワーファスニング,0
4725,ＣＡＣ　Ｈｏｌｄｉｎｇｓ,0
4169,ＥＮＥＣＨＡＮＧＥ,0
8343,秋田銀行,0
7425,初穂商事,0
9602,東宝,0
7354,ダイレクトマーケティングミックス,0
3925,ダブルスタンダード,0
4750,ダイサン,0
5246,ＥＬＥＭＥＮＴＳ,0
6337,テセック,0
253A,ＥＴＳグループ,0
2792,ハニーズホールディングス,0
6233,ＫＬＡＳＳ,0
1429,日本アクア,0
6554,エスユーエス,0
9227,マイクロ波化学,0
6357,三精テクノロジーズ,0
3297,東武住販,0
3377,バイク王＆カンパニー,0
3420,ケー・エフ・シー,0
3417,大木ヘルスケアホールディングス,0
6086,シンメンテホールディングス,0
3964,オークネット,0
3951,朝日印刷,0
6264,マルマエ,0
3895,ハビックス,0
1960,サンテック,0
4575,キャンバス,0
3915,テラスカイ,0
9223,ＡＳＮＯＶＡ,0
8897,ＭＩＲＡＲＴＨホールディングス,0
7685,ＢｕｙＳｅｌｌ　Ｔｅｃｈｎｏｌｏｇｉｅｓ,0
4386,ＳＩＧグループ,0
7673,ダイコー通産,0
2464,Ａｏｂａ‐ＢＢＴ,0
7555,大田花き,0
6754,アンリツ,0
6663,太洋テクノレックス,0
5703,日本軽金属ホールディングス,0
7571,ヤマノホールディングス,0
287A,黒田グループ,0
9946,ミニストップ,0
7309,シマノ,0
2705,大戸屋ホールディングス,0
3934,ベネフィットジャパン,0
6942,ソフィアホールディングス,0
6888,アクモス,0
7970,信越ポリマー,0
4563,アンジェス,0
5368,日本インシュレーション,0
5282,ジオスター,0
3123,サイボー,0
4166,かっこ,0
3937,Ｕｂｉｃｏｍホールディングス,0
7886,ヤマト　モビリティ　＆　Ｍｆｇ．,0
9906,藤井産業,0
6081,アライドアーキテクツ,0
3648,ＡＧＳ,0
5078,セレコーポレーション,0
4976,東洋ドライルーブ,0
4650,ＳＤエンターテイメント,0
3953,大村紙業,0
3276,ＪＰＭＣ,0
3622,ネットイヤーグループ,0
3221,ヨシックスホールディングス,0
3607,クラウディアホールディングス,0
7581,サイゼリヤ,0
6338,タカトリ,0
3498,霞ヶ関キャピタル,0
6381,アネスト岩田,0
3851,日本一ソフトウェア,0
3912,モバイルファクトリー,0
6752,パナソニック　ホールディングス,0
2208,ブルボン,0
6989,北陸電気工業,0
6867,リーダー電子,0
7297,カーメイト,0
9539,京葉瓦斯,0
4240,クラスターテクノロジー,0
1828,田辺工業,0
4668,明光ネットワークジャパン,0
3946,トーモク,0
1959,クラフティア,0
5334,日本特殊陶業,0
3182,オイシックス・ラ・大地,0
7119,ハルメクホールディングス,0
7254,ユニバンス,0
4931,新日本製薬,0
4934,プレミアアンチエイジング,0
2492,インフォマート,0
4390,ＩＰＳ,0
2791,大黒天物産,0
6544,ジャパンエレベーターサービスホールディングス,0
6570,共和コーポレーション,0
2685,アンドエスティＨＤ,0
4980,デクセリアルズ,0
3608,ＴＳＩホールディングス,0
3040,ソリトンシステムズ,0
6298,ワイエイシイホールディングス,0
3698,ＣＲＩ・ミドルウェア,0
2146,ＵＴグループ,0
4379,Ｐｈｏｔｏｓｙｎｔｈ,0
3391,ツルハホールディングス,0
3560,ほぼ日,0
5868,ロココ,0
4488,ＡＩ　ｉｎｓｉｄｅ,0
6488,ヨシタケ,0
2180,サニーサイドアップグループ,0
9330,揚羽,0
7022,サノヤスホールディングス,0
4471,三洋化成工業,0
7893,プロネクサス,0
3686,ディー・エル・イー,0
3038,神戸物産,0
3652,ディジタルメディアプロフェッショナル,0
6838,多摩川ホールディングス,0
2930,北の達人コーポレーション,0
1783,ｆａｎｔａｓｉｓｔａ,0
6227,ＡＩメカテック,0
6266,タツモ,0
3858,ユビキタスＡＩ,0
2009,鳥越製粉,0
6143,ソディック,0
6928,エノモト,0
6486,イーグル工業,0
6365,電業社機械製作所,0
4446,Ｌｉｎｋ－Ｕグループ,0
3987,エコモット,0
3099,三越伊勢丹ホールディングス,0
8022,美津濃,0
5161,西川ゴム工業,0
8137,サンワテクノス,0
7911,ＴＯＰＰＡＮホールディングス,0
6464,ツバキ・ナカシマ,0
2999,ホームポジション,0
2437,Ｓｈｉｎｗａ　Ｗｉｓｅ　Ｈｏｌｄｉｎｇｓ,0
7780,メニコン,0
2531,宝ホールディングス,0
6330,東洋エンジニアリング,0
9895,コンセック,0
6976,太陽誘電,0
4728,トーセ,0
4766,ピーエイ,0
6473,ジェイテクト,0
7831,ウイルコホールディングス,0
8058,三菱商事,0
3763,プロシップ,0
4376,くふうカンパニーホールディングス,0
220A,Ｆａｂｅｒ　Ｃｏｍｐａｎｙ,0
3865,北越コーポレーション,0
4004,レゾナック・ホールディングス,0
6387,サムコ,0
8153,モスフードサービス,0
6505,東洋電機製造,0
3807,フィスコ,0
7097,さくらさくプラス,0
3173,Ｃｏｍｉｎｉｘ,0
3664,ＷＩＺＥ,0
4539,日本ケミファ,0
5015,ビーピー・カストロール,0
3181,買取王国,0
4593,ヘリオス,0
6508,明電舎,0
9557,エアークローゼット,0
2590,ダイドーグループホールディングス,0
142A,ジンジブ,0
149A,シンカ,0
6521,オキサイド,0
4258,網屋,0
5018,ＭＯＲＥＳＣＯ,0
4434,サーバーワークス,0
4216,旭有機材,0
4403,日油,0
9059,カンダホールディングス,0
3678,メディアドゥ,0
9025,鴻池運輸,0
3598,山喜,0
5268,旭コンクリート工業,0
3104,富士紡ホールディングス,0
6231,木村工機,0
6071,ＩＢＪ,0
9024,西武ホールディングス,0
2938,オカムラ食品工業,0
7476,アズワン,0
9708,帝国ホテル,0
7438,コンドーテック,0
5367,ニッカトー,0
3300,アンビション　ＤＸ　ホールディングス,0
3825,リミックスポイント,0
4005,住友化学,0
429A,テクセンドフォトマスク,0
7135,ジャパンクラフトホールディングス,0
7173,東京きらぼしフィナンシャルグループ,0
2477,手間いらず,0
247A,Ａｉロボティクス,0
2307,クロスキャット,0
4387,ＺＵＵ,0
1942,関電工,0
1443,技研ホールディングス,0
8141,新光商事,0
3923,ラクス,0
7602,レダックス,0
3787,テクノマセマティカル,0
2212,山崎製パン,0
4720,城南進学研究社,0
2120,ＬＩＦＵＬＬ,0
6526,ソシオネクスト,0
5706,三井金属,0
2411,ゲンダイエージェンシー,0
7713,シグマ光機,0
4088,エア・ウォーター,0
7616,コロワイド,0
8202,ラオックスホールディングス,0
9616,共立メンテナンス,0
3475,グッドコムアセット,0
3350,メタプラネット,0
7085,カーブスホールディングス,0
1377,サカタのタネ,0
6810,マクセル,0
4188,三菱ケミカルグループ,0
6405,鈴茂器工,0
2004,昭和産業,0
6364,ＡＩＲＭＡＮ,0
3861,王子ホールディングス,0
368A,北里コーポレーション,0
5802,住友電気工業,0
4487,スペースマーケット,0
9723,京都ホテル,0
1438,岐阜造園,0
4270,ＢｅｅＸ,0
3135,マーケットエンタープライズ,0
4966,上村工業,0
9211,エフ・コード,0
6248,横田製作所,0
5254,Ａｒｅｎｔ,0
5892,ｙｕｔｏｒｉ,0
9790,福井コンピュータホールディングス,0
3469,デュアルタップ,0
7075,ＱＬＳホールディングス,0
5388,クニミネ工業,0
9302,三井倉庫ホールディングス,0
7313,テイ・エス　テック,0
9064,ヤマトホールディングス,0
6166,中村超硬,0
3186,ネクステージ,0
1793,大本組,0
9769,学究社,0
4932,アルマード,0
6645,オムロン,0
5310,東洋炭素,0
262A,インターメスティック,0
8035,東京エレクトロン,0
9621,建設技術研究所,0
2342,トランスジェニックグループ,0
6586,マキタ,0
2153,Ｅ・Ｊホールディングス,0
3465,ケイアイスター不動産,0
4042,東ソー,0
7962,キングジム,0
3397,トリドールホールディングス,0
9982,タキヒヨー,0
8136,サンリオ,0
7809,壽屋,0
2573,北海道コカ・コーラボトリング,0
3799,キーウェアソリューションズ,0
9206,スターフライヤー,0
6325,タカキタ,0
6702,富士通,0
1807,佐藤渡辺,0
3948,光ビジネスフォーム,0
4992,北興化学工業,0
3358,Ｔｒａｉｌｈｅａｄ　Ｇｌｏｂａｌ　Ｈｏｌｄｉｎｇｓ,0
4337,ぴあ,0
8876,リログループ,0
4011,ヘッドウォータース,0
5344,ＭＡＲＵＷＡ,0
5332,ＴＯＴＯ,0
5458,高砂鐵工,0
325A,ＴＥＮＴＩＡＬ,0
4570,免疫生物研究所,0
2493,イーサポートリンク,0
3910,エムケイシステム,0
3695,ＧＭＯプロダクトプラットフォーム,0
3491,ＧＡ　ｔｅｃｈｎｏｌｏｇｉｅｓ,0
6384,昭和真空,0
6343,フリージア・マクロス,0
9519,レノバ,0
7211,三菱自動車工業,0
3286,トラストホールディングス,0
1799,第一建設工業,0
9215,ＣａＳｙ,0
8173,Ｊｏｓｈｉｎ,0
4461,第一工業製薬,0
8946,ＡＳＩＡＮ　ＳＴＡＲ,0
3864,三菱製紙,0
6997,日本ケミコン,0
6522,アスタリスク,0
7939,研創,0
545A,トランヴィア,0
6392,ヤマダコーポレーション,0
208A,構造計画研究所ホールディングス,0
5019,出光興産,0
6141,ＤＭＧ森精機,0
3137,ファンデリー,0
9743,丹青社,0
4615,神東塗料,0
5126,ポーターズ,0
9341,ＧＥＮＯＶＡ,0
9554,ＡＶｉＣ,0
4612,日本ペイントホールディングス,0
8023,ＤＡＩＫＯ　ＸＴＥＣＨ,0
9979,大庄,0
8002,丸紅,0
6857,アドバンテスト,0
1780,ヤマウラ,0
7972,イトーキ,0
505A,ギークリー,0
7595,アルゴグラフィックス,0
9273,コーア商事ホールディングス,0
7057,エヌ・シー・エヌ,0
9502,中部電力,0
4326,インテージホールディングス,0
8934,サンフロンティア不動産,0
6823,リオン,0
1945,東京エネシス,0
7164,全国保証,0
9514,エフオン,0
9051,センコン物流,0
2169,ＣＤＳ,0
9246,プロジェクトホールディングス,0
3187,ミラタップ,0
6376,日機装,0
3169,ミサワ,0
4245,ダイキアクシス,0
3392,デリカフーズホールディングス,0
6113,アマダ,0
7885,タカノ,0
2698,キャンドゥ,0
6257,藤商事,0
6317,北川鉄工所,0
3863,日本製紙,0
6326,クボタ,0
2752,フジオフードグループ本社,0
4884,クリングルファーマ,0
1826,佐田建設,0
9950,ハチバン,0
2926,篠崎屋,0
3955,イムラ,0
2911,旭松食品,0
9028,ゼロ,0
3981,ビーグリー,0
2894,石井食品,0
8508,Ｊトラスト,0
3962,チェンジホールディングス,0
462A,ＦＵＮＤＩＮＮＯ,0
4754,トスネット,0
5942,日本フイルコン,0
9601,松竹,0
8046,丸藤シートパイル,0
3563,ＦＯＯＤ　＆　ＬＩＦＥ　ＣＯＭＰＡＮＩＥＳ,0
2695,くら寿司,0
3435,サンコーテクノ,0
4076,シイエヌエス,0
558A,ＳＱＵＥＥＺＥ,0
6193,バーチャレクス・ホールディングス,0
7120,ＳＨＩＮＫＯ,0
2305,スタジオアリス,0
5757,ＣＫサンエツ,0
6366,千代田化工建設,0
7343,ブロードマインド,0
3449,テクノフレックス,0
338A,ＺｅｎｍｕＴｅｃｈ,0
9475,昭文社ホールディングス,0
4248,竹本容器,0
6408,小倉クラッチ,0
155A,情報戦略テクノロジー,0
7264,ムロコーポレーション,0
4691,ワシントンホテル,0
8830,住友不動産,0
6155,高松機械工業,0
7376,ＢＣＣ,0
5541,大平洋金属,0
2780,コメ兵ホールディングス,0
6054,リブセンス,0
2816,ダイショー,0
3544,サツドラホールディングス,0
9715,トランス・コスモス,0
7370,Ｅｎｊｉｎ,0
6323,ローツェ,0
6902,デンソー,0
2329,東北新社,0
2404,鉄人化ホールディングス,0
4828,ビジネスエンジニアリング,0
3201,日本毛織,0
7083,ＡＨＣグループ,0
4242,タカギセイコー,0
5699,イボキン,0
6742,京三製作所,0
4118,カネカ,0
6361,荏原製作所,0
8088,岩谷産業,0
8708,アイザワ証券グループ,0
2424,ブラス,0
9647,協和コンサルタンツ,0
2673,夢みつけ隊,0
7093,アディッシュ,0
7836,アビックス,0
9446,サカイホールディングス,0
7356,Ｒｅｔｔｙ,0
7030,スプリックス,0
9313,丸八倉庫,0
137A,Ｃｏｃｏｌｉｖｅ,0
6786,ＲＶＨ,0
9087,タカセ,0
6307,サンセイ,0
7255,桜井製作所,0
7060,ギークス,0
8596,九州リースサービス,0
2820,やまみ,0
7383,ネットプロテクションズホールディングス,0
7273,イクヨ,0
2229,カルビー,0
141A,トライアルホールディングス,0
544A,ＧＭＳグループ,0
2904,一正蒲鉾,0
6861,キーエンス,0
4792,山田コンサルティンググループ,0
9980,ＭＲＫホールディングス,0
5621,ヒューマンテクノロジーズ,0
290A,Ｓｙｎｓｐｅｃｔｉｖｅ,0
7539,アイナボホールディングス,0
5816,オーナンバ,0
7795,ＫＹＯＲＩＴＳＵ,0
6964,サンコー,0
4772,ＳＭ　ＥＮＴＥＲＴＡＩＮＭＥＮＴ　ＪＡＰＡＮ,0
7126,グローバルスタイル,0
9312,ケイヒン,0
7601,ポプラ,0
9686,東洋テック,0
5304,ＳＥＣカーボン,0
5271,トーヨーアサノ,0
2984,ヤマイチエステート,0
4414,フレクト,0
7980,重松製作所,0
4381,ビープラッツ,0
7477,ムラキ,0
7551,ウェッズ,0
2415,ヒューマンホールディングス,0
8923,トーセイ,0
3891,ニッポン高度紙工業,0
3853,アステリア,0
3656,ＫＬａｂ,0
6890,フェローテック,0
2982,ＡＤワークスグループ,0
2209,井村屋グループ,0
2385,総医研ホールディングス,0
4685,菱友システムズ,0
520A,ジェイファーマ,0
3193,エターナルホスピタリティグループ,0
3903,ｇｕｍｉ,0
4664,アール・エス・シー,0
7562,安楽亭,0
3798,ＵＬＳグループ,0
1401,エムビーエス,0
6994,指月電機製作所,0
3266,ファンドクリエーショングループ,0
6748,星和電機,0
5994,ファインシンター,0
4091,日本酸素ホールディングス,0
2652,まんだらけ,0
2204,中村屋,0
6144,西部電機,0
7087,ウイルテック,0
7399,ナンシン,0
2901,ウェルディッシュ,0
2818,ピエトロ,0
9057,遠州トラック,0
4409,東邦化学工業,0
5302,日本カーボン,0
2498,オリエンタルコンサルタンツホールディングス,0
7983,ミロク,0
3929,ソーシャルワイヤー,0
3242,アーバネットコーポレーション,0
4397,チームスピリット,0
523A,セイワホールディングス,0
4406,新日本理化,0
1914,日本基礎技術,0
4767,テー・オー・ダブリュー,0
9896,ＪＫホールディングス,0
4222,児玉化学工業,0
431A,ユーソナー,0
4324,電通グループ,0
5586,Ｌａｂｏｒｏ．ＡＩ,0
7269,スズキ,0
1897,金下建設,0
9368,キムラユニティー,0
5711,三菱マテリアル,0
6850,チノー,0
6877,ＯＢＡＲＡ　ＧＲＯＵＰ,0
4189,ＫＨネオケム,0
4617,中国塗料,0
4579,ラクオリア創薬,0
6638,ミマキエンジニアリング,0
409A,オリオンビール,0
3064,ＭｏｎｏｔａＲＯ,0
7743,シード,0
6467,ニチダイ,0
6087,アビスト,0
4369,トリケミカル研究所,0
8818,京阪神ビルディング,0
6407,ＣＫＤ,0
469A,フィットクルー,0
9850,グルメ杵屋,0
7361,ヒューマンクリエイションホールディングス,0
6961,エンプラス,0
3069,ＪＦＬＡホールディングス,0
2790,ナフコ,0
8887,シーラホールディングス,0
5869,早稲田学習研究会,0
7833,アイフィスジャパン,0
9928,ミロク情報サービス,0
5244,ｊｉｇ．ｊｐ,0
9661,歌舞伎座,0
4463,日華化学,0
7711,助川電気工業,0
9716,乃村工藝社,0
9042,阪急阪神ホールディングス,0
6771,池上通信機,0
4182,三菱瓦斯化学,0
7238,曙ブレーキ工業,0
1946,トーエネック,0
4078,堺化学工業,0
4645,市進ホールディングス,0
6258,平田機工,0
2485,ティア,0
3845,アイフリークモバイル,0
7806,ＭＴＧ,0
4043,トクヤマ,0
7745,Ａ＆Ｄホロンホールディングス,0
4578,大塚ホールディングス,0
2499,日本和装ホールディングス,0
7590,タカショー,0
288A,ラクサス・テクノロジーズ,0
7220,武蔵精密工業,0
3426,アトムリビンテック,0
7677,ヤシマキザイ,0
7699,オムニ・プラス・システム・リミテッド　ＪＤＲ,0
4367,広栄化学,0
4356,応用技術,0
7509,アイエーグループ,0
7500,西川計測,0
4372,ユミルリンク,0
7515,マルヨシセンター,0
8283,ＰＡＬＴＡＣ,0
7521,ムサシ,0
8138,三京化成,0
5484,東北特殊鋼,0
9691,両毛システムズ,0
6191,エアトリ,0
4439,東名,0
1768,ソネック,0
9704,アゴーラ　ホスピタリティー　グループ,0
9029,ヒガシホールディングス,0
1975,朝日工業社,0
5984,兼房,0
4595,ミズホメディー,0
8737,あかつき本社,0
9244,デジタリフト,0
7863,平賀,0
