Ticker,銘柄名,三平,RCI,75SMA越,25SMA越
6201,豊田自動織機,0,41.66666666666666,71,2
9036,東部ネットワーク,0,82.91666666666666,58,13
3934,ベネフィットジャパン,0,32.91666666666667,63,6
3080,ジェーソン,0,53.333333333333336,0,0
9213,セイファート,0,87.5,6,9
6835,アライドテレシスホールディングス,0,91.25,33,2
4664,アール・エス・シー,0,93.75,23,32
8938,グローム・ホールディングス,0,81.25,1,3
4390,ＩＰＳ,0,51.66666666666666,2,1
7345,アイ・パートナーズフィナンシャル,0,73.33333333333334,18,19
1375,ユキグニファクトリー,0,70.0,14,20
6061,ユニバーサル園芸社,0,77.08333333333334,75,27
8139,ナガホリ,0,75.0,62,5
7847,グラファイトデザイン,0,96.66666666666669,8,8
4040,南海化学,0,24.583333333333336,59,8
5936,東洋シヤッター,0,95.0,28,7
3557,ユナイテッド＆コレクティブ,0,92.91666666666669,29,60
1948,弘電社,0,36.66666666666667,73,0
9278,ブックオフグループホールディングス,0,93.33333333333331,0,5
9503,関西電力,0,42.08333333333333,23,25
7235,東京ラヂエーター製造,0,76.66666666666666,24,23
8399,琉球銀行,0,36.25000000000001,58,20
5381,Ｍｉｐｏｘ,0,40.0,18,8
7119,ハルメクホールディングス,0,77.91666666666667,34,0
4262,ニフティライフスタイル,0,92.91666666666669,27,30
2894,石井食品,0,30.000000000000004,24,12
9059,カンダホールディングス,0,83.33333333333334,21,21
7214,ＧＭＢ,0,9.999999999999998,7,7
8860,フジ住宅,0,95.41666666666669,13,10
4492,ゼネテック,0,96.66666666666669,3,16
4847,インテリジェント　ウェイブ,0,17.91666666666667,1,0
6305,日立建機,0,6.666666666666665,72,14
4263,サスメド,0,46.66666666666666,58,10
244A,グロースエクスパートナーズ,0,66.25,73,16
7291,日本プラスト,0,66.66666666666667,59,8
7081,コーユーレンティア,0,24.16666666666667,2,2
8742,小林洋行,0,23.750000000000004,22,1
1841,サンユー建設,0,57.91666666666666,0,0
4059,まぐまぐ,0,69.16666666666667,8,8
2122,インタースペース,0,17.91666666666667,0,0
3375,ＺＯＡ,0,72.5,66,15
7871,フクビ化学工業,0,84.58333333333333,15,17
6504,富士電機,0,88.33333333333333,27,17
7374,コンフィデンス・インターワークス,0,81.25,58,8
8309,三井住友トラストグループ,0,25.0,57,10
6158,和井田製作所,0,1.2499999999999956,0,2
5702,大紀アルミニウム工業所,0,51.66666666666666,25,21
9605,東映,0,18.75,18,19
9880,イノテック,0,92.08333333333334,56,62
8511,日本証券金融,0,61.25000000000001,27,16
5940,不二サッシ,0,29.166666666666664,25,25
5986,モリテック　スチール,0,88.75,59,27
4179,ジーネクスト,0,52.5,19,3
4170,Ｋａｉｚｅｎ　Ｐｌａｔｆｏｒｍ,0,43.75,67,16
7211,三菱自動車工業,0,16.666666666666664,0,0
3777,環境フレンドリーホールディングス,0,97.91666666666666,31,31
6651,日東工業,0,96.66666666666669,25,31
5480,日本冶金工業,0,37.91666666666666,20,25
7085,カーブスホールディングス,0,100.0,11,7
8345,岩手銀行,0,55.00000000000001,46,59
4650,ＳＤエンターテイメント,0,67.5,18,5
2221,岩塚製菓,0,9.999999999999998,0,0
4592,サンバイオ,0,65.0,0,3
8041,ＯＵＧホールディングス,0,91.25,48,51
7893,プロネクサス,0,86.66666666666667,1,25
6977,日本抵抗器製作所,0,77.08333333333334,7,7
8368,百五銀行,0,52.91666666666666,25,19
7463,アドヴァングループ,0,95.0,13,13
7487,小津産業,0,47.5,0,2
9709,ＮＣＳ＆Ａ,0,9.583333333333332,74,8
3480,ジェイ・エス・ビー,0,66.25,77,24
334A,ビジュアル・プロセッシング・ジャパン,0,66.66666666666667,7,6
4651,サニックスホールディングス,0,92.5,18,7
5903,シンポ,0,15.833333333333332,0,0
4442,バルテス・ホールディングス,0,90.0,20,22
5884,クラダシ,0,87.91666666666667,78,3
5911,横河ブリッジホールディングス,0,68.33333333333333,19,19
1446,キャンディル,0,70.0,40,7
7180,九州フィナンシャルグループ,0,21.666666666666668,28,23
8570,イオンフィナンシャルサービス,0,91.25,60,7
9143,ＳＧホールディングス,0,66.66666666666667,39,7
6614,シキノハイテック,0,56.66666666666666,0,0
8940,インテリックス,0,35.416666666666664,0,0
288A,ラクサス・テクノロジーズ,0,36.66666666666667,2,2
2220,亀田製菓,0,14.583333333333336,23,24
6416,桂川電機,0,96.25,6,11
6702,富士通,0,61.66666666666667,2,2
2686,ジーフット,0,30.000000000000004,59,69
4075,ブレインズテクノロジー,0,9.583333333333332,46,0
1811,錢高組,0,86.66666666666667,65,19
3864,三菱製紙,0,96.66666666666669,1,7
5131,リンカーズ,0,83.75,59,0
3329,東和フードサービス,0,61.66666666666667,17,8
5458,高砂鐵工,0,61.66666666666667,13,18
7203,トヨタ自動車,0,8.333333333333337,7,7
3559,ピーバンドットコム,0,61.25000000000001,38,1
6617,東光高岳,0,98.33333333333331,71,27
9023,東京地下鉄,0,28.33333333333333,0,0
7746,岡本硝子,0,69.58333333333333,16,17
2875,東洋水産,0,11.66666666666667,13,13
3321,ミタチ産業,0,23.33333333333333,66,8
7062,フレアス,0,47.91666666666666,42,9
8522,名古屋銀行,0,23.750000000000004,61,23
6752,パナソニック　ホールディングス,0,15.000000000000002,0,0
6894,パルステック工業,0,78.33333333333333,42,28
7840,フランスベッドホールディングス,0,44.58333333333333,11,8
6588,東芝テック,0,19.58333333333333,32,27
6552,ＧａｍｅＷｉｔｈ,0,75.0,38,1
9562,ビジネスコーチ,0,9.166666666666668,70,0
5578,ＡＲアドバンストテクノロジ,0,68.33333333333333,67,18
3387,クリエイト・レストランツ・ホールディングス,0,83.75,14,12
3692,ＦＦＲＩセキュリティ,0,30.000000000000004,66,8
4889,レナサイエンス,0,53.333333333333336,57,18
5918,瀧上工業,0,27.916666666666668,0,0
9509,北海道電力,0,98.33333333333331,25,27
4337,ぴあ,0,29.58333333333333,54,12
7353,ＫＩＹＯラーニング,0,73.33333333333334,5,3
1711,ＳＤＳホールディングス,0,92.91666666666669,6,3
3242,アーバネットコーポレーション,0,66.25,21,15
5869,早稲田学習研究会,0,61.25000000000001,62,15
5210,日本山村硝子,0,61.66666666666667,72,17
4627,ナトコ,0,79.16666666666666,12,22
3920,アイビーシー,0,23.750000000000004,72,10
7567,栄電子,0,99.16666666666669,32,11
6958,日本シイエムケイ,0,85.41666666666666,7,20
8584,ジャックス,0,19.58333333333333,54,24
2820,やまみ,0,22.916666666666664,0,0
9466,アイドママーケティングコミュニケーション,0,51.24999999999999,0,8
7453,良品計画,0,58.75,79,6
6177,ＡｐｐＢａｎｋ,0,25.83333333333333,55,0
3815,メディア工房,0,98.75,74,75
7725,インターアクション,0,85.0,29,5
3917,アイリッジ,0,61.25000000000001,16,22
4527,ロート製薬,0,86.66666666666667,2,7
6481,ＴＨＫ,0,86.66666666666667,58,9
9511,沖縄電力,0,59.583333333333336,20,25
4616,川上塗料,0,58.33333333333333,13,12
9339,コーチ・エィ,0,88.33333333333333,8,20
324A,ブッキングリゾート,0,98.33333333333331,0,4
4523,エーザイ,0,90.41666666666669,7,7
9052,山陽電気鉄道,0,96.66666666666669,0,5
3537,昭栄薬品,0,20.0,0,6
5589,オートサーバー,0,48.33333333333333,0,0
5817,ＪＭＡＣＳ,0,50.83333333333333,42,9
6239,ナガオカ,0,53.333333333333336,68,11
6147,ヤマザキ,0,12.5,32,33
9904,ベリテ,0,88.75,21,1
4625,アトミクス,0,3.749999999999998,45,0
4746,東計電算,0,64.16666666666666,6,6
7219,エッチ・ケー・エス,0,25.83333333333333,48,48
6223,西部技研,0,81.66666666666667,7,7
4091,日本酸素ホールディングス,0,25.0,61,0
135A,ＶＲＡＩＮ　Ｓｏｌｕｔｉｏｎ,0,53.333333333333336,0,0
1401,エムビーエス,0,5.000000000000004,73,0
5122,オカモト,0,93.33333333333331,7,9
343A,ＩＡＣＥトラベル,0,6.666666666666665,65,8
6258,平田機工,0,80.0,63,26
3064,ＭｏｎｏｔａＲＯ,0,8.333333333333337,0,0
3050,ＤＣＭホールディングス,0,93.33333333333331,18,21
6560,エル・ティー・エス,0,65.0,33,6
6342,太平製作所,0,9.166666666666668,8,14
5959,岡部,0,53.75,8,19
7445,ライトオン,0,89.16666666666666,77,77
2780,コメ兵ホールディングス,0,63.33333333333333,8,8
6775,ＴＢグループ,0,11.250000000000004,3,17
2186,ソーバル,0,92.91666666666669,53,14
4918,アイビー化粧品,0,70.0,76,0
5842,インテグラル,0,78.33333333333333,27,38
7483,ドウシシャ,0,93.33333333333331,77,5
6118,アイダエンジニアリング,0,65.41666666666667,7,7
6250,やまびこ,0,46.66666666666666,16,7
6229,オーケーエム,0,49.583333333333336,10,8
7734,理研計器,0,77.5,66,13
5950,日本パワーファスニング,0,72.5,1,8
5707,東邦亜鉛,0,9.999999999999998,59,8
2349,エヌアイデイ,0,37.5,9,12
6277,ホソカワミクロン,0,81.25,44,49
4404,ミヨシ油脂,0,80.0,27,33
5582,グリッド,0,83.33333333333334,6,1
6564,ミダックホールディングス,0,80.0,5,8
8125,ワキタ,0,82.91666666666666,10,24
2590,ダイドーグループホールディングス,0,41.66666666666666,0,7
6634,ネクスグループ,0,33.333333333333336,0,1
7048,ベルトラ,0,16.666666666666664,0,0
6327,北川精機,0,13.33333333333333,20,18
5981,東京製綱,0,38.74999999999999,25,25
6505,東洋電機製造,0,18.333333333333336,40,33
7616,コロワイド,0,76.66666666666666,61,14
7049,識学,0,85.41666666666666,11,5
7775,大研医器,0,76.25,0,6
6222,島精機製作所,0,72.91666666666667,27,28
3625,テックファームホールディングス,0,72.5,67,1
7379,サーキュレーション,0,57.49999999999999,67,18
7994,オカムラ,0,89.58333333333334,65,25
3858,ユビキタスＡＩ,0,37.91666666666666,1,1
9219,ギックス,0,52.91666666666666,4,4
9012,秩父鉄道,0,62.083333333333336,0,0
7413,創健社,0,22.5,0,0
2747,北雄ラッキー,0,87.08333333333333,44,32
2750,石光商事,0,1.2499999999999956,55,0
7502,プラザホールディングス,0,11.66666666666667,24,1
3974,ＳＣＡＴ,0,86.66666666666667,46,36
9029,ヒガシホールディングス,0,90.0,64,67
7744,ノーリツ鋼機,0,76.66666666666666,0,7
285A,キオクシアホールディングス,0,26.66666666666667,29,0
7018,内海造船,0,95.0,35,7
5969,ロブテックス,0,17.500000000000004,13,22
8095,アステナホールディングス,0,81.25,51,17
2982,ＡＤワークスグループ,0,86.66666666666667,74,22
5989,エイチワン,0,77.91666666666667,59,20
4761,さくらケーシーエス,0,63.74999999999999,60,23
9127,玉井商船,0,65.41666666666667,53,67
4064,日本カーバイド工業,0,53.333333333333336,30,30
9361,伏木海陸運送,0,62.91666666666666,51,3
4705,クリップコーポレーション,0,64.16666666666666,23,4
8006,ユアサ・フナショク,0,44.58333333333333,44,43
4484,ランサーズ,0,79.58333333333334,63,18
4319,ＴＡＣ,0,81.66666666666667,74,7
9478,ＳＥホールディングス・アンド・インキュベーションズ,0,88.33333333333333,59,32
7239,タチエス,0,44.99999999999999,56,7
2791,大黒天物産,0,48.75000000000001,0,7
4171,グローバルインフォメーション,0,54.16666666666667,16,16
7292,村上開明堂,0,67.08333333333334,66,32
8045,横浜丸魚,0,9.999999999999998,53,15
4240,クラスターテクノロジー,0,41.66666666666666,65,7
8037,カメイ,0,78.33333333333333,61,30
1420,サンヨーホームズ,0,97.5,21,2
9504,中国電力,0,81.66666666666667,11,24
7455,パリミキホールディングス,0,90.83333333333331,19,16
4421,ディ・アイ・システム,0,67.5,48,5
8117,中央自動車工業,0,28.33333333333333,65,19
6485,前澤給装工業,0,23.750000000000004,1,13
2060,フィード・ワン,0,61.66666666666667,71,24
4196,ネオマーケティング,0,83.33333333333334,51,51
9553,マイクロアド,0,72.91666666666667,76,44
2778,パレモ・ホールディングス,0,28.75,0,2
4902,コニカミノルタ,0,86.66666666666667,12,7
6897,ツインバード,0,87.91666666666667,0,0
5243,ｎｏｔｅ,0,58.33333333333333,0,0
4534,持田製薬,0,96.25,7,13
6322,タクミナ,0,60.83333333333334,4,2
9780,ハリマビステム,0,78.33333333333333,57,59
3904,カヤック,0,85.83333333333334,18,7
7749,メディキット,0,17.91666666666667,22,30
3059,ヒラキ,0,60.83333333333334,0,0
4977,新田ゼラチン,0,76.25,50,26
2374,セントケア・ホールディング,0,78.33333333333333,8,8
5590,ネットスターズ,0,50.0,44,1
3826,システムインテグレータ,0,61.25000000000001,69,69
7575,日本ライフライン,0,46.66666666666666,0,2
8700,丸八証券,0,26.66666666666667,24,30
3939,カナミックネットワーク,0,68.75,27,27
3160,大光,0,82.91666666666666,5,11
7800,アミファ,0,75.0,50,5
4246,ダイキョーニシカワ,0,52.08333333333333,56,21
8920,東祥,0,77.91666666666667,55,20
2281,プリマハム,0,80.0,49,14
130A,Ｖｅｒｉｔａｓ　Ｉｎ　Ｓｉｌｉｃｏ,0,65.0,3,10
281A,インフォメティス,0,36.66666666666667,25,31
5984,兼房,0,21.250000000000004,13,7
2497,ユナイテッド,0,65.83333333333333,0,6
4116,大日精化工業,0,74.58333333333333,65,26
3169,ミサワ,0,94.58333333333331,0,3
3221,ヨシックスホールディングス,0,55.00000000000001,0,14
3912,モバイルファクトリー,0,68.75,11,9
7702,ＪＭＳ,0,90.0,7,26
7716,ナカニシ,0,31.666666666666664,16,1
7970,信越ポリマー,0,38.33333333333333,60,11
2469,ヒビノ,0,83.33333333333334,7,2
5247,ＢＴＭ,0,37.083333333333336,0,0
261A,日水コン,0,96.25,54,6
7148,ＦＰＧ,0,33.333333333333336,26,7
4331,テイクアンドギヴ・ニーズ,0,46.25,26,2
6962,大真空,0,57.49999999999999,37,17
7247,ミクニ,0,87.5,20,7
2475,ＷＤＢホールディングス,0,79.16666666666666,0,4
7928,旭化学工業,0,10.833333333333329,29,32
6863,ニレコ,0,52.91666666666666,55,8
8772,アサックス,0,21.250000000000004,20,17
367A,プリモグローバルホールディングス,0,100.0,18,18
2694,焼肉坂井ホールディングス,0,53.75,4,4
9347,日本管財ホールディングス,0,97.91666666666666,47,14
9360,鈴与シンワート,0,30.41666666666667,72,10
5380,新東,0,11.66666666666667,13,10
5527,ｐｒｏｐｅｒｔｙ　ｔｅｃｈｎｏｌｏｇｉｅｓ,0,39.583333333333336,0,1
4388,エーアイ,0,22.08333333333333,10,10
7069,サイバー・バズ,0,35.0,18,15
7075,ＱＬＳホールディングス,0,47.5,0,2
4447,ピー・ビーシステムズ,0,91.25,34,34
1939,四電工,0,81.25,25,8
3028,アルペン,0,93.33333333333331,2,3
4019,スタメン,0,48.33333333333333,76,2
2997,ストレージ王,0,75.83333333333333,28,23
8388,阿波銀行,0,55.41666666666667,27,26
3880,大王製紙,0,92.91666666666669,4,20
4597,ソレイジア・ファーマ,0,52.5,26,31
5801,古河電気工業,0,86.66666666666667,58,17
3976,シャノン,0,47.91666666666666,10,14
4932,アルマード,0,87.91666666666667,8,7
3698,ＣＲＩ・ミドルウェア,0,81.25,72,11
4235,ウルトラファブリックス・ホールディングス,0,48.33333333333333,18,7
6324,ハーモニック・ドライブ・システムズ,0,13.33333333333333,0,8
5162,朝日ラバー,0,86.25,75,6
2326,デジタルアーツ,0,51.66666666666666,50,10
8881,日神グループホールディングス,0,90.0,25,39
6151,日東工器,0,48.33333333333333,29,14
3779,ジェイ・エスコムホールディングス,0,26.25,56,33
323A,フライヤー,0,91.66666666666666,0,0
5139,オープンワーク,0,67.08333333333334,72,8
5192,三ツ星ベルト,0,76.25,7,13
5195,バンドー化学,0,66.66666666666667,28,27
2148,アイティメディア,0,91.25,58,6
4318,クイック,0,80.0,69,1
8769,アドバンテッジリスクマネジメント,0,92.5,0,4
8202,ラオックスホールディングス,0,30.833333333333336,0,0
3566,ユニフォームネクスト,0,96.25,77,6
8518,日本アジア投資,0,50.0,0,6
3940,ノムラシステムコーポレーション,0,70.83333333333333,56,1
8160,木曽路,0,96.25,78,10
192A,インテグループ,0,63.74999999999999,0,0
3690,イルグルム,0,91.66666666666666,6,16
4202,ダイセル,0,46.66666666666666,17,20
6838,多摩川ホールディングス,0,93.33333333333331,55,4
9990,サックスバー　ホールディングス,0,20.833333333333336,0,1
1718,美樹工業,0,90.0,70,8
9610,ウィルソン・ラーニング　ワールドワイド,0,60.41666666666667,63,7
3073,ＤＤグループ,0,50.0,60,61
5541,大平洋金属,0,28.33333333333333,16,16
3936,グローバルウェイ,0,86.25,55,0
3670,協立情報通信,0,6.25,30,0
3835,ｅＢＡＳＥ,0,54.58333333333334,0,0
2937,サンクゼール,0,70.41666666666666,28,36
7730,マニー,0,36.66666666666667,11,10
5870,ナルネットコミュニケーションズ,0,78.33333333333333,67,21
2981,ランディックス,0,80.0,0,15
4985,アース製薬,0,95.0,0,6
5618,ナイル,0,70.0,69,7
3300,アンビション　ＤＸ　ホールディングス,0,69.58333333333333,14,14
8383,鳥取銀行,0,92.91666666666669,16,16
6071,ＩＢＪ,0,70.41666666666666,69,4
5714,ＤＯＷＡホールディングス,0,44.99999999999999,24,24
7795,ＫＹＯＲＩＴＳＵ,0,52.5,65,72
9204,スカイマーク,0,86.66666666666667,0,4
6652,ＩＤＥＣ,0,44.58333333333333,7,7
8550,栃木銀行,0,32.91666666666667,69,69
2207,名糖産業,0,62.91666666666666,21,25
6996,ニチコン,0,91.66666666666666,24,25
9252,ラストワンマイル,0,17.91666666666667,0,0
6494,ＮＦＫホールディングス,0,85.41666666666666,71,17
5949,ユニプレス,0,50.0,19,25
1301,極洋,0,73.33333333333334,61,24
9759,ＮＳＤ,0,55.00000000000001,6,2
1914,日本基礎技術,0,92.91666666666669,20,24
4414,フレクト,0,80.0,0,6
3521,エコナックホールディングス,0,73.75,36,5
6999,ＫＯＡ,0,96.66666666666669,13,14
4599,ステムリム,0,71.66666666666667,1,6
4719,アルファシステムズ,0,42.91666666666667,49,1
7246,プレス工業,0,85.0,25,17
6196,ストライク,0,71.66666666666667,63,27
9031,西日本鉄道,0,95.0,6,10
8040,東京ソワール,0,60.0,72,6
4119,日本ピグメントホールディングス,0,99.58333333333331,28,7
7034,プロレド・パートナーズ,0,83.33333333333334,64,10
6050,イー・ガーディアン,0,90.0,31,33
2337,いちご,0,95.41666666666669,5,1
9164,トライト,0,22.08333333333333,72,0
7821,前田工繊,0,70.0,0,8
9661,歌舞伎座,0,90.83333333333331,69,23
3093,トレジャー・ファクトリー,0,5.000000000000004,0,0
1724,シンクレイヤ,0,23.750000000000004,23,13
2315,ＣＡＩＣＡ　ＤＩＧＩＴＡＬ,0,83.75,16,7
7611,ハイデイ日高,0,67.5,77,16
6741,日本信号,0,80.41666666666667,70,19
7270,ＳＵＢＡＲＵ,0,8.333333333333337,7,7
6333,帝国電機製作所,0,68.33333333333333,59,12
4551,鳥居薬品,0,65.0,64,1
7925,前澤化成工業,0,96.66666666666669,12,7
4849,エン・ジャパン,0,90.0,20,24
7987,ナカバヤシ,0,60.41666666666667,25,8
5079,ノバック,0,84.58333333333333,12,17
2485,ティア,0,20.41666666666667,58,64
3241,ウィル,0,79.58333333333334,30,8
3187,ミラタップ,0,68.75,0,0
1663,Ｋ＆Ｏエナジーグループ,0,94.58333333333331,7,7
6309,巴工業,0,81.66666666666667,13,16
4814,ネクストウェア,0,89.16666666666666,2,7
7888,三光合成,0,76.66666666666666,29,29
4093,東邦アセチレン,0,13.749999999999996,0,1
7743,シード,0,96.25,22,32
8032,日本紙パルプ商事,0,81.66666666666667,36,36
5333,日本碍子,0,21.666666666666668,24,27
2678,アスクル,0,85.83333333333334,1,7
8291,日産東京販売ホールディングス,0,70.41666666666666,24,25
6138,ダイジェット工業,0,44.99999999999999,61,65
9304,澁澤倉庫,0,69.58333333333333,61,21
7747,朝日インテック,0,50.0,7,7
2588,プレミアムウォーターホールディングス,0,80.0,35,33
7990,グローブライド,0,69.58333333333333,58,66
5071,ヴィス,0,46.66666666666666,24,18
7709,クボテック,0,15.000000000000002,0,0
8008,ヨンドシーホールディングス,0,57.91666666666666,0,2
4398,ブロードバンドセキュリティ,0,97.91666666666666,0,0
1736,オーテック,0,65.0,14,29
5406,神戸製鋼所,0,13.33333333333333,8,17
160A,アズパートナーズ,0,6.666666666666665,75,1
2652,まんだらけ,0,55.41666666666667,13,17
2904,一正蒲鉾,0,29.166666666666664,0,0
5423,東京製鐵,0,85.0,6,0
8181,東天紅,0,82.08333333333333,20,20
9305,ヤマタネ,0,98.33333333333331,0,21
9476,中央経済社ホールディングス,0,77.08333333333334,69,22
7177,ＧＭＯフィナンシャルホールディングス,0,67.91666666666667,61,16
3991,ウォンテッドリー,0,54.16666666666667,6,0
3076,あい　ホールディングス,0,86.66666666666667,75,7
9913,日邦産業,0,40.0,43,5
1435,ｒｏｂｏｔ　ｈｏｍｅ,0,96.66666666666669,7,8
2208,ブルボン,0,96.66666666666669,1,6
3151,バイタルケーエスケー・ホールディングス,0,80.0,1,15
2229,カルビー,0,70.0,0,9
4564,オンコセラピー・サイエンス,0,66.25,25,0
9346,ココルポート,0,65.83333333333333,67,6
4840,トライアイズ,0,94.58333333333331,36,10
6458,新晃工業,0,85.0,17,17
6455,モリタホールディングス,0,82.5,29,25
4406,新日本理化,0,82.5,26,27
4829,日本エンタープライズ,0,74.58333333333333,17,10
5609,日本鋳造,0,25.83333333333333,58,0
9505,北陸電力,0,88.33333333333333,10,25
6626,ＳＥＭＩＴＥＣ,0,98.33333333333331,65,66
2136,ヒップ,0,78.75,59,27
9475,昭文社ホールディングス,0,83.33333333333334,22,5
3607,クラウディアホールディングス,0,43.333333333333336,56,65
2999,ホームポジション,0,84.58333333333333,76,47
4613,関西ペイント,0,85.0,7,16
3856,Ａｂａｌａｎｃｅ,0,71.66666666666667,32,24
4762,エックスネット,0,32.91666666666667,10,9
4811,ドリーム・アーツ,0,91.66666666666666,56,17
7245,大同メタル工業,0,38.33333333333333,62,17
9842,アークランズ,0,36.66666666666667,2,2
8917,ファースト住建,0,100.0,8,8
4997,日本農薬,0,69.58333333333333,72,12
4463,日華化学,0,82.5,12,14
1972,三晃金属工業,0,81.25,66,66
8227,しまむら,0,86.66666666666667,88,24
4107,伊勢化学工業,0,80.0,64,4
6824,新コスモス電機,0,97.91666666666666,48,5
6165,パンチ工業,0,85.0,17,27
8595,ジャフコ　グループ,0,28.33333333333333,68,2
365A,伊澤タオル,0,82.91666666666666,0,0
6694,ズーム,0,63.33333333333333,16,16
5952,アマテイ,0,13.749999999999996,9,9
6763,帝国通信工業,0,69.58333333333333,14,7
5351,品川リフラクトリーズ,0,68.33333333333333,17,16
2134,北浜キャピタルパートナーズ,0,71.66666666666667,55,1
173A,ハンモック,0,91.66666666666666,1,1
6390,加藤製作所,0,28.33333333333333,53,20
4362,日本精化,0,90.0,69,47
6615,ユー・エム・シー・エレクトロニクス,0,72.08333333333333,0,1
2121,ＭＩＸＩ,0,12.5,54,17
2292,Ｓ　Ｆｏｏｄｓ,0,96.66666666666669,5,5
2698,キャンドゥ,0,50.41666666666666,16,21
5974,中国工業,0,9.999999999999998,67,11
5463,丸一鋼管,0,38.33333333333333,25,21
5570,ジェノバ,0,76.66666666666666,0,0
7250,太平洋工業,0,81.66666666666667,27,27
4172,東和ハイシステム,0,81.25,51,6
3386,コスモ・バイオ,0,85.0,75,22
7080,スポーツフィールド,0,67.08333333333334,63,5
6378,木村化工機,0,43.333333333333336,58,17
2329,東北新社,0,41.66666666666666,16,17
5971,共和工業所,0,41.25,2,2
2212,山崎製パン,0,57.08333333333333,2,10
7695,交換できるくん,0,90.83333333333331,0,5
3030,ハブ,0,32.91666666666667,48,55
5902,ホッカンホールディングス,0,81.66666666666667,69,21
3556,リネットジャパングループ,0,29.58333333333333,71,3
3248,アールエイジ,0,80.0,69,5
7916,光村印刷,0,35.416666666666664,27,32
3036,アルコニックス,0,97.08333333333331,59,71
5273,三谷セキサン,0,81.66666666666667,50,17
5332,ＴＯＴＯ,0,18.333333333333336,7,7
6080,Ｍ＆Ａキャピタルパートナーズ,0,95.0,40,3
9702,アイ・エス・ビー,0,50.0,68,20
142A,ジンジブ,0,1.6666666666666718,28,20
8818,京阪神ビルディング,0,73.33333333333334,76,11
3679,じげん,0,100.0,71,7
7711,助川電気工業,0,44.58333333333333,60,17
9627,アインホールディングス,0,31.25,38,19
8707,岩井コスモホールディングス,0,88.33333333333333,25,33
8706,極東証券,0,52.91666666666666,33,0
8075,神鋼商事,0,80.0,61,27
2676,高千穂交易,0,67.91666666666667,0,1
4343,イオンファンタジー,0,38.33333333333333,48,33
4073,ジィ・シィ企画,0,50.0,16,8
6233,ＫＬＡＳＳ,0,41.66666666666666,70,15
4082,第一稀元素化学工業,0,42.08333333333333,14,21
5947,リンナイ,0,73.33333333333334,59,7
7552,ハピネット,0,73.33333333333334,46,7
9507,四国電力,0,46.66666666666666,25,13
6971,京セラ,0,60.0,1,1
253A,ＥＴＳグループ,0,93.33333333333331,39,38
7523,アールビバン,0,85.83333333333334,0,20
7464,セフテック,0,90.0,3,7
3474,Ｇ－ＦＡＣＴＯＲＹ,0,47.91666666666666,22,24
6156,エーワン精密,0,51.66666666666666,0,0
1960,サンテック,0,96.66666666666669,51,24
5891,魁力屋,0,50.0,70,1
7040,サン・ライフホールディング,0,91.25,1,7
6432,竹内製作所,0,57.91666666666666,17,25
7084,Ｓｍｉｌｅ　Ｈｏｌｄｉｎｇｓ,0,86.66666666666667,54,64
9332,ＮＩＳＳＯホールディングス,0,65.83333333333333,10,26
9345,ビズメイツ,0,99.16666666666669,66,67
9211,エフ・コード,0,8.333333333333337,76,0
6474,不二越,0,52.08333333333333,17,25
6358,酒井重工業,0,36.66666666666667,16,23
6952,カシオ計算機,0,71.66666666666667,17,38
3963,シンクロ・フード,0,68.33333333333333,46,8
9362,兵機海運,0,22.916666666666664,45,0
6218,エンシュウ,0,85.0,0,0
1431,Ｌｉｂ　Ｗｏｒｋ,0,31.666666666666664,17,8
3454,ファーストブラザーズ,0,63.33333333333333,35,35
4464,ソフト９９コーポレーション,0,80.0,0,1
3526,芦森工業,0,31.666666666666664,37,2
7277,ＴＢＫ,0,5.833333333333335,24,25
8275,フォーバル,0,96.66666666666669,16,7
8367,南都銀行,0,36.66666666666667,59,25
8416,高知銀行,0,59.16666666666666,23,25
215A,タイミー,0,5.000000000000004,68,31
5942,日本フイルコン,0,40.0,3,23
4248,竹本容器,0,82.91666666666666,0,4
6779,日本電波工業,0,76.25,14,17
2331,綜合警備保障,0,42.91666666666667,4,17
7130,ヤマエグループホールディングス,0,85.0,20,23
276A,ククレブ・アドバイザーズ,0,87.91666666666667,79,4
153A,カウリス,0,74.58333333333333,63,5
9539,京葉瓦斯,0,82.08333333333333,0,6
3928,マイネット,0,92.5,55,4
3914,ＪＩＧ－ＳＡＷ,0,13.33333333333333,0,7
7839,ＳＨＯＥＩ,0,26.66666666666667,27,33
9249,日本エコシステム,0,95.0,55,7
7189,西日本フィナンシャルホールディングス,0,56.66666666666666,68,27
9984,ソフトバンクグループ,0,23.33333333333333,38,38
3461,パルマ,0,65.83333333333333,31,24
7943,ニチハ,0,74.58333333333333,21,21
9684,スクウェア・エニックス・ホールディングス,0,53.333333333333336,77,2
9895,コンセック,0,75.0,42,44
6257,藤商事,0,78.75,7,7
7562,安楽亭,0,98.75,54,65
7505,扶桑電通,0,46.25,72,72
6339,新東工業,0,93.75,27,25
3910,エムケイシステム,0,97.5,4,4
3231,野村不動産ホールディングス,0,61.66666666666667,0,0
2751,テンポスホールディングス,0,72.91666666666667,0,7
3103,ユニチカ,0,87.91666666666667,44,7
4926,シーボン,0,91.25,33,17
5975,東プレ,0,89.58333333333334,25,25
2332,クエスト,0,57.08333333333333,55,8
2449,プラップジャパン,0,88.75,75,16
4626,太陽ホールディングス,0,81.66666666666667,77,0
1518,三井松島ホールディングス,0,71.66666666666667,71,30
2700,木徳神糧,0,88.75,0,4
7867,タカラトミー,0,43.333333333333336,32,0
5632,三菱製鋼,0,28.33333333333333,25,17
8074,ユアサ商事,0,67.5,17,16
8070,東京産業,0,50.83333333333333,61,8
3847,パシフィックシステム,0,92.91666666666669,67,6
7681,レオクラン,0,57.91666666666666,5,5
9107,川崎汽船,0,48.33333333333333,14,14
6804,ホシデン,0,90.0,58,64
9517,イーレックス,0,3.749999999999998,0,8
7912,大日本印刷,0,68.33333333333333,58,25
7911,ＴＯＰＰＡＮホールディングス,0,75.0,9,26
6227,ＡＩメカテック,0,81.66666666666667,58,7
6594,ニデック,0,35.0,66,7
8030,中央魚類,0,85.0,46,16
6049,イトクロ,0,88.75,53,10
6033,エクストリーム,0,93.33333333333331,25,7
7908,きもと,0,60.0,7,11
7988,ニフコ,0,24.583333333333336,15,26
5408,中山製鋼所,0,37.91666666666666,0,8
7079,ＷＤＢココ,0,79.58333333333334,0,7
4056,ニューラルグループ,0,66.25,39,3
2293,滝沢ハム,0,53.333333333333336,1,15
9742,アイネス,0,63.33333333333333,17,14
9376,ユーラシア旅行社,0,64.58333333333333,30,9
3109,シキボウ,0,89.58333333333334,21,26
4237,フジプレアム,0,76.25,18,6
6195,ホープ,0,86.25,76,5
3374,内外テック,0,30.000000000000004,9,8
4097,高圧ガス工業,0,87.91666666666667,71,6
7545,西松屋チェーン,0,96.66666666666669,7,24
3382,セブン＆アイ・ホールディングス,0,56.66666666666666,0,0
9220,エフビー介護サービス,0,4.583333333333329,54,58
7851,カワセコンピュータサプライ,0,95.0,70,4
6045,レントラックス,0,98.33333333333331,24,18
7745,Ａ＆Ｄホロンホールディングス,0,76.66666666666666,48,7
7060,ギークス,0,88.75,67,23
3909,ショーケース,0,56.66666666666666,22,0
9950,ハチバン,0,19.166666666666664,18,18
9501,東京電力ホールディングス,0,60.0,33,34
3927,フーバーブレイン,0,31.25,66,1
4125,三和油化工業,0,76.66666666666666,7,0
6737,ＥＩＺＯ,0,63.33333333333333,41,0
8789,フィンテック　グローバル,0,69.16666666666667,17,17
8200,リンガーハット,0,42.50000000000001,7,11
5461,中部鋼鈑,0,40.0,14,1
2139,中広,0,23.33333333333333,37,41
6060,こころネット,0,81.25,57,28
6093,エスクロー・エージェント・ジャパン,0,58.75,0,0
2586,フルッタフルッタ,0,44.58333333333333,50,30
6346,キクカワエンタープライズ,0,42.91666666666667,12,19
6674,ジーエス・ユアサ　コーポレーション,0,18.333333333333336,69,7
3802,エコミック,0,45.41666666666667,17,17
2685,アダストリア,0,85.0,31,3
7347,マーキュリアホールディングス,0,56.25,17,19
8928,穴吹興産,0,53.333333333333336,0,0
8130,サンゲツ,0,86.66666666666667,25,7
3405,クラレ,0,14.583333333333336,55,17
3223,エスエルディー,0,29.166666666666664,50,61
3168,ＭＥＲＦ,0,91.25,25,23
8123,川辺,0,78.33333333333333,0,2
9037,ハマキョウレックス,0,92.08333333333334,36,36
6428,オーイズミ,0,89.16666666666666,4,5
3176,三洋貿易,0,60.0,29,7
7578,ニチリョク,0,13.33333333333333,2,2
3202,ダイトウボウ,0,59.16666666666666,33,0
3447,信和,0,92.5,26,18
5185,フコク,0,90.0,29,17
7981,タカラスタンダード,0,91.66666666666666,71,71
9876,コックス,0,93.33333333333331,48,5
5988,パイオラックス,0,13.33333333333333,0,0
4204,積水化学工業,0,55.00000000000001,25,7
1968,太平電業,0,80.0,71,71
6578,コレックホールディングス,0,28.33333333333333,0,5
5132,ｐｌｕｓｚｅｒｏ,0,95.0,55,1
8392,大分銀行,0,55.833333333333336,59,49
6965,浜松ホトニクス,0,47.91666666666666,58,64
4587,ペプチドリーム,0,66.25,0,7
6273,ＳＭＣ,0,9.999999999999998,8,7
3246,コーセーアールイー,0,13.33333333333333,0,0
5031,モイ,0,20.0,9,9
3465,ケイアイスター不動産,0,79.58333333333334,1,7
7939,研創,0,57.91666666666666,25,42
9009,京成電鉄,0,21.250000000000004,0,0
4783,ＮＣＤ,0,90.0,12,10
2462,ライク,0,84.58333333333333,3,11
4572,カルナバイオサイエンス,0,89.16666666666666,2,0
6087,アビスト,0,94.16666666666669,62,17
9417,スマートバリュー,0,82.91666666666666,0,0
9166,ＧＥＮＤＡ,0,5.41666666666667,0,11
5029,サークレイス,0,95.0,0,1
3011,バナーズ,0,78.33333333333333,2,2
7602,レダックス,0,8.750000000000002,16,0
3444,菊池製作所,0,100.0,38,3
9039,サカイ引越センター,0,63.74999999999999,51,7
9827,リリカラ,0,81.66666666666667,50,6
6289,技研製作所,0,82.5,1,7
8078,阪和興業,0,47.91666666666666,59,29
4978,リプロセル,0,46.66666666666666,54,21
6279,瑞光,0,79.58333333333334,0,2
7741,ＨＯＹＡ,0,50.0,17,17
2931,ユーグレナ,0,83.33333333333334,4,9
9470,学研ホールディングス,0,93.33333333333331,1,7
3750,サイトリ細胞研究所,0,57.91666666666666,26,54
7872,エステールホールディングス,0,95.41666666666669,11,29
1434,ＪＥＳＣＯホールディングス,0,98.33333333333331,36,7
5108,ブリヂストン,0,42.91666666666667,17,17
4270,ＢｅｅＸ,0,66.66666666666667,0,0
7443,横浜魚類,0,55.41666666666667,16,3
4825,ウェザーニューズ,0,80.0,77,18
9672,東京都競馬,0,80.0,58,61
3948,光ビジネスフォーム,0,35.416666666666664,96,0
3439,三ツ知,0,11.66666666666667,0,7
8558,東和銀行,0,25.416666666666664,59,21
4767,テー・オー・ダブリュー,0,93.75,1,4
9302,三井倉庫ホールディングス,0,56.66666666666666,18,2
7923,トーイン,0,58.75,3,9
4477,ＢＡＳＥ,0,72.5,0,4
3636,三菱総合研究所,0,74.16666666666667,11,10
9163,ナレルグループ,0,96.66666666666669,7,8
7039,ブリッジインターナショナル,0,100.0,10,7
1377,サカタのタネ,0,81.66666666666667,2,0
1379,ホクト,0,93.33333333333331,10,10
7217,テイン,0,30.000000000000004,44,1
2454,オールアバウト,0,90.0,58,31
7606,ユナイテッドアローズ,0,58.75,16,25
7318,セレンディップ・ホールディングス,0,90.41666666666669,57,62
1821,三井住友建設,0,76.25,77,25
6210,ＴＯＹＯイノベックス,0,84.16666666666667,49,8
9341,ＧＥＮＯＶＡ,0,48.33333333333333,0,1
4490,ビザスク,0,78.33333333333333,0,0
6986,双葉電子工業,0,19.58333333333333,47,7
9247,ＴＲＥホールディングス,0,38.33333333333333,0,2
9560,プログリット,0,95.0,0,0
3551,ダイニック,0,85.0,58,31
9558,ジャパニアス,0,50.0,8,0
6240,ヤマシンフィルタ,0,29.58333333333333,34,31
7201,日産自動車,0,18.333333333333336,0,0
8946,ＡＳＩＡＮ　ＳＴＡＲ,0,39.583333333333336,74,18
4998,フマキラー,0,70.0,16,15
3798,ＵＬＳグループ,0,14.583333333333336,65,19
5660,神鋼鋼線工業,0,55.41666666666667,20,33
9708,帝国ホテル,0,85.41666666666666,70,6
6862,ミナトホールディングス,0,84.58333333333333,4,8
2340,極楽湯ホールディングス,0,66.66666666666667,2,7
7044,ピアラ,0,82.08333333333333,71,7
9706,日本空港ビルデング,0,44.99999999999999,66,7
5970,ジーテクト,0,96.25,53,32
6506,安川電機,0,16.666666666666664,7,7
1911,住友林業,0,15.000000000000002,0,7
4005,住友化学,0,75.41666666666667,24,25
5287,イトーヨーギョー,0,89.58333333333334,46,46
6247,日阪製作所,0,87.91666666666667,69,14
6157,日進工具,0,42.50000000000001,23,27
6189,グローバルキッズＣＯＭＰＡＮＹ,0,35.83333333333333,41,1
4883,モダリス,0,86.25,18,17
186A,アストロスケールホールディングス,0,17.91666666666667,0,8
4521,科研製薬,0,92.91666666666669,6,11
8935,ＦＪネクストホールディングス,0,60.0,7,7
7359,東京通信グループ,0,78.33333333333333,71,71
6083,ＥＲＩホールディングス,0,60.41666666666667,21,24
9193,東京汽船,0,34.583333333333336,61,8
5261,リソルホールディングス,0,67.5,17,17
4494,バリオセキュア,0,67.91666666666667,76,1
1928,積水ハウス,0,13.33333333333333,0,0
4544,Ｈ．Ｕ．グループホールディングス,0,91.66666666666666,69,6
2695,くら寿司,0,98.33333333333331,40,41
4088,エア・ウォーター,0,86.66666666666667,68,36
4076,シイエヌエス,0,73.33333333333334,0,0
7157,ライフネット生命保険,0,92.5,73,8
246A,アスア,0,69.58333333333333,53,9
4025,多木化学,0,76.66666666666666,0,7
7822,永大産業,0,72.5,66,19
6420,ガリレイ,0,98.33333333333331,71,6
7282,豊田合成,0,68.33333333333333,36,27
6632,ＪＶＣケンウッド,0,6.25,7,7
6433,ヒーハイスト,0,100.0,30,43
8803,平和不動産,0,36.25000000000001,0,0
4929,アジュバンホールディングス,0,18.333333333333336,0,0
6155,高松機械工業,0,66.25,27,24
4183,三井化学,0,3.3333333333333326,26,1
4344,ソースネクスト,0,19.166666666666664,0,7
7172,ジャパンインベストメントアドバイザー,0,62.5,16,16
4615,神東塗料,0,85.0,3,14
4611,大日本塗料,0,51.24999999999999,16,27
4635,東京インキ,0,84.58333333333333,58,20
8377,ほくほくフィナンシャルグループ,0,40.0,68,22
7780,メニコン,0,42.91666666666667,7,29
8165,千趣会,0,14.583333333333336,0,0
9761,東海リース,0,76.25,59,5
4028,石原産業,0,48.33333333333333,53,66
5476,日本高周波鋼業,0,31.666666666666664,71,8
8835,太平洋興発,0,97.91666666666666,29,5
4917,マンダム,0,81.66666666666667,40,39
3983,オロ,0,86.25,59,41
4440,ヴィッツ,0,55.00000000000001,66,13
7357,ジオコード,0,100.0,49,28
4777,ガーラ,0,66.66666666666667,33,0
5410,合同製鐵,0,22.916666666666664,17,8
7255,桜井製作所,0,81.66666666666667,32,9
4771,エフアンドエム,0,41.66666666666666,90,11
6479,ミネベアミツミ,0,51.66666666666666,20,25
8585,オリエントコーポレーション,0,95.0,66,67
9365,トレーディア,0,66.25,34,1
6731,ピクセラ,0,32.49999999999999,27,36
6480,日本トムソン,0,85.41666666666666,59,21
3547,串カツ田中ホールディングス,0,56.66666666666666,49,14
3591,ワコールホールディングス,0,78.33333333333333,14,29
3180,ビューティガレージ,0,46.66666666666666,9,9
8747,豊トラスティ証券,0,55.00000000000001,12,16
4691,ワシントンホテル,0,86.25,2,6
3195,ジェネレーションパス,0,0.8333333333333304,1,1
3947,ダイナパック,0,90.41666666666669,59,16
8152,ソマール,0,50.41666666666666,0,7
2138,クルーズ,0,87.91666666666667,66,6
8737,あかつき本社,0,96.66666666666669,25,25
3388,明治電機工業,0,66.66666666666667,54,7
3075,銚子丸,0,80.0,19,30
7370,Ｅｎｊｉｎ,0,1.6666666666666718,35,0
7779,ＣＹＢＥＲＤＹＮＥ,0,61.25000000000001,16,15
7886,ヤマト　モビリティ　＆　Ｍｆｇ．,0,71.66666666666667,44,22
7722,国際計測器,0,90.41666666666669,3,3
1514,住石ホールディングス,0,28.33333333333333,0,7
3611,マツオカコーポレーション,0,75.0,32,14
9979,大庄,0,54.58333333333334,20,16
1414,ショーボンドホールディングス,0,70.0,0,10
1866,北野建設,0,64.58333333333333,2,2
7363,ベビーカレンダー,0,86.66666666666667,64,13
4212,積水樹脂,0,92.91666666666669,45,48
2158,ＦＲＯＮＴＥＯ,0,90.0,7,7
4316,ビーマップ,0,70.0,55,19
8600,トモニホールディングス,0,15.416666666666668,72,23
3104,富士紡ホールディングス,0,54.58333333333334,48,2
4169,ＥＮＥＣＨＡＮＧＥ,0,68.33333333333333,0,0
2436,共同ピーアール,0,57.91666666666666,62,13
9983,ファーストリテイリング,0,18.333333333333336,0,0
3139,ラクト・ジャパン,0,76.66666666666666,74,45
8057,内田洋行,0,90.0,71,71
4750,ダイサン,0,83.33333333333334,15,17
4801,セントラルスポーツ,0,96.66666666666669,17,18
3395,サンマルクホールディングス,0,76.66666666666666,0,16
7699,オムニ・プラス・システム・リミテッド　ＪＤＲ,0,94.58333333333331,54,5
6547,グリーンズ,0,73.33333333333334,0,3
3988,ＳＹＳホールディングス,0,64.58333333333333,34,4
6678,テクノメディカ,0,13.33333333333333,71,9
6750,エレコム,0,91.66666666666666,61,16
8203,ＭｒＭａｘＨＤ,0,31.666666666666664,19,20
4678,秀英予備校,0,25.83333333333333,44,0
8370,紀陽銀行,0,58.33333333333333,71,21
4098,チタン工業,0,79.16666666666666,0,6
5868,ロココ,0,76.66666666666666,64,0
5930,文化シヤッター,0,88.33333333333333,77,38
8289,Ｏｌｙｍｐｉｃグループ,0,16.666666666666664,2,0
7590,タカショー,0,51.66666666666666,33,7
4229,群栄化学工業,0,78.75,0,7
8544,京葉銀行,0,47.91666666666666,59,66
1430,ファーストコーポレーション,0,32.91666666666667,0,17
4178,Ｓｈａｒｉｎｇ　Ｉｎｎｏｖａｔｉｏｎｓ,0,70.0,13,13
7992,セーラー万年筆,0,33.333333333333336,0,5
4165,プレイド,0,55.00000000000001,2,7
9536,西部ガスホールディングス,0,42.91666666666667,25,8
2108,日本甜菜製糖,0,76.25,27,10
6325,タカキタ,0,84.58333333333333,18,4
7481,尾家産業,0,29.58333333333333,47,47
6927,ヘリオス　テクノ　ホールディング,0,60.0,0,0
7686,カクヤスグループ,0,17.08333333333333,0,0
5994,ファインシンター,0,61.25000000000001,40,16
9165,クオルテック,0,96.66666666666669,52,42
3434,アルファＣｏ,0,35.0,23,24
2932,ＳＴＩフードホールディングス,0,44.99999999999999,50,6
1930,北陸電気工事,0,98.33333333333331,21,21
3583,オーベクス,0,94.58333333333331,6,8
6522,アスタリスク,0,82.5,7,7
5018,ＭＯＲＥＳＣＯ,0,98.33333333333331,57,18
7241,フタバ産業,0,30.000000000000004,25,29
9934,因幡電機産業,0,33.333333333333336,49,0
5451,淀川製鋼所,0,66.25,0,17
8233,高島屋,0,40.0,10,17
4563,アンジェス,0,70.41666666666666,6,8
6568,神戸天然物化学,0,54.16666666666667,37,51
9218,メンタルヘルステクノロジーズ,0,76.25,0,8
184A,学びエイド,0,55.00000000000001,57,1
6166,中村超硬,0,41.25,24,32
1966,高田工業所,0,38.33333333333333,67,10
4967,小林製薬,0,72.91666666666667,0,4
9433,ＫＤＤＩ,0,10.416666666666664,0,7
3192,白鳩,0,90.0,1,0
3157,ジオリーブグループ,0,70.0,54,63
2654,アスモ,0,51.24999999999999,63,52
8425,みずほリース,0,80.41666666666667,25,17
9003,相鉄ホールディングス,0,96.25,26,40
3236,プロパスト,0,97.5,0,0
3837,アドソル日進,0,43.333333333333336,54,28
5284,ヤマウホールディングス,0,35.0,61,17
9765,オオバ,0,94.16666666666669,2,5
2124,ジェイエイシーリクルートメント,0,81.66666666666667,77,18
6734,ニューテック,0,30.000000000000004,20,20
6245,ヒラノテクシード,0,91.66666666666666,13,14
2305,スタジオアリス,0,96.25,7,1
157A,グリーンモンスター,0,76.66666666666666,0,5
4488,ＡＩ　ｉｎｓｉｄｅ,0,46.66666666666666,37,11
9962,ミスミグループ本社,0,81.66666666666667,12,15
3694,オプティム,0,77.91666666666667,0,6
6090,ヒューマン・メタボローム・テクノロジーズ,0,30.41666666666667,56,1
4531,有機合成薬品工業,0,71.66666666666667,47,6
8387,四国銀行,0,56.66666666666666,18,19
4012,アクシス,0,61.66666666666667,68,26
4478,フリー,0,75.0,12,13
5386,鶴弥,0,72.91666666666667,45,9
6539,ＭＳ－Ｊａｐａｎ,0,96.66666666666669,20,26
6551,ツナググループ・ホールディングス,0,74.58333333333333,20,11
9377,エージーピー,0,85.41666666666666,65,1
9404,日本テレビホールディングス,0,13.33333333333333,9,9
6323,ローツェ,0,29.58333333333333,63,1
4391,ロジザード,0,99.16666666666669,0,6
1942,関電工,0,63.33333333333333,73,73
4579,ラクオリア創薬,0,11.66666666666667,67,0
3315,日本コークス工業,0,95.83333333333334,19,20
3633,ＧＭＯペパボ,0,77.08333333333334,58,7
3086,Ｊ．フロント　リテイリング,0,15.416666666666668,58,10
137A,Ｃｏｃｏｌｉｖｅ,0,72.91666666666667,0,0
5572,Ｒｉｄｇｅ－ｉ,0,90.0,0,0
8247,大和,0,99.16666666666669,6,10
6850,チノー,0,96.66666666666669,59,4
4021,日産化学,0,85.0,26,16
3224,ゼネラル・オイスター,0,44.99999999999999,0,0
4118,カネカ,0,53.333333333333336,57,17
2445,タカミヤ,0,90.41666666666669,0,6
2344,平安レイサービス,0,93.33333333333331,61,62
2428,ウェルネット,0,82.5,10,7
3045,カワサキ,0,59.16666666666666,74,25
2354,ＹＥ　ＤＩＧＩＴＡＬ,0,73.33333333333334,65,4
4347,ブロードメディア,0,73.33333333333334,50,0
5491,日本金属,0,47.5,68,0
4293,セプテーニ・ホールディングス,0,69.16666666666667,71,71
6467,ニチダイ,0,48.33333333333333,33,17
9872,北恵,0,91.25,77,47
9885,シャルレ,0,25.83333333333333,0,0
2924,イフジ産業,0,93.33333333333331,18,23
7555,大田花き,0,56.25,23,8
9635,武蔵野興業,0,68.33333333333333,23,12
6629,テクノホライゾン,0,54.58333333333334,21,31
6874,協立電機,0,53.333333333333336,0,6
6599,エブレン,0,92.08333333333334,16,7
9221,フルハシＥＰＯ,0,86.66666666666667,95,15
6493,ＮＩＴＴＡＮ,0,85.41666666666666,60,66
9025,鴻池運輸,0,18.75,61,31
3961,シルバーエッグ・テクノロジー,0,66.25,8,5
3842,ネクストジェン,0,93.33333333333331,6,9
5446,北越メタル,0,72.91666666666667,0,2
151A,ダイブ,0,59.583333333333336,59,8
4886,あすか製薬ホールディングス,0,25.0,55,7
6459,大和冷機工業,0,21.666666666666668,29,2
4927,ポーラ・オルビスホールディングス,0,52.08333333333333,0,1
4222,児玉化学工業,0,11.250000000000004,55,0
6571,キュービーネットホールディングス,0,23.33333333333333,77,20
8118,キング,0,64.16666666666666,74,8
2929,ファーマフーズ,0,94.16666666666669,0,8
4264,セキュア,0,78.33333333333333,4,10
8844,コスモスイニシア,0,93.33333333333331,77,7
6496,中北製作所,0,77.08333333333334,63,63
1946,トーエネック,0,70.0,66,69
9973,ＫＯＺＯホールディングス,0,62.083333333333336,31,0
6180,ＧＭＯメディア,0,86.66666666666667,16,7
6867,リーダー電子,0,58.75,45,0
1853,森組,0,75.83333333333333,18,25
2170,リンクアンドモチベーション,0,51.66666666666666,0,7
7238,曙ブレーキ工業,0,41.66666666666666,7,7
9980,ＭＲＫホールディングス,0,93.75,44,7
4417,グローバルセキュリティエキスパート,0,97.91666666666666,0,3
7296,エフ・シー・シー,0,66.25,16,25
1723,日本電技,0,93.33333333333331,71,19
4671,ファルコホールディングス,0,94.58333333333331,14,14
6254,野村マイクロ・サイエンス,0,88.33333333333333,7,4
6777,ｓａｎｔｅｃ　Ｈｏｌｄｉｎｇｓ,0,60.41666666666667,48,17
5923,高田機工,0,65.0,42,13
3683,サイバーリンクス,0,59.583333333333336,71,11
3426,アトムリビンテック,0,20.0,6,6
4976,東洋ドライルーブ,0,20.0,51,63
3695,ＧＭＯリサーチ＆ＡＩ,0,86.66666666666667,6,8
3186,ネクステージ,0,56.66666666666666,48,17
5580,プロディライト,0,81.66666666666667,74,46
6981,村田製作所,0,40.0,16,17
6310,井関農機,0,25.0,51,18
6753,シャープ,0,93.33333333333331,0,7
7092,Ｆａｓｔ　Ｆｉｔｎｅｓｓ　Ｊａｐａｎ,0,98.33333333333331,7,5
7942,ＪＳＰ,0,43.333333333333336,7,7
5905,日本製罐,0,23.750000000000004,0,0
7808,シー・エス・ランバー,0,68.75,25,25
4198,テンダ,0,86.66666666666667,0,0
6762,ＴＤＫ,0,56.66666666666666,32,29
9735,セコム,0,61.66666666666667,10,10
4800,オリコン,0,87.5,0,7
9343,アイビス,0,15.000000000000002,32,0
7827,オービス,0,83.33333333333334,42,43
5015,ビーピー・カストロール,0,96.25,0,1
5259,ＢＢＤイニシアティブ,0,95.0,67,71
5384,フジミインコーポレーテッド,0,75.41666666666667,26,27
9600,アイネット,0,93.75,17,7
366A,ウェルネス・コミュニケーションズ,0,35.0,0,0
2693,ＹＫＴ,0,85.0,60,6
6964,サンコー,0,90.0,2,6
7030,スプリックス,0,61.66666666666667,59,5
4483,ＪＭＤＣ,0,61.66666666666667,49,2
5357,ヨータイ,0,56.66666666666666,0,1
4885,室町ケミカル,0,91.66666666666666,0,0
4712,ＫｅｙＨｏｌｄｅｒ,0,81.66666666666667,0,2
9119,飯野海運,0,26.25,21,0
9506,東北電力,0,39.583333333333336,25,0
6871,日本マイクロニクス,0,8.333333333333337,58,1
9744,メイテックグループホールディングス,0,20.0,65,0
9552,Ｍ＆Ａ総研ホールディングス,0,70.0,21,17
7607,進和,0,44.99999999999999,25,24
8739,スパークス・グループ,0,73.75,7,7
4845,スカラ,0,53.75,22,22
3962,チェンジホールディングス,0,20.41666666666667,0,4
9746,ＴＫＣ,0,66.66666666666667,73,19
3951,朝日印刷,0,35.83333333333333,21,24
3561,力の源ホールディングス,0,92.08333333333334,28,7
2789,カルラ,0,7.499999999999996,25,1
7494,コナカ,0,86.25,65,5
6875,メガチップス,0,53.333333333333336,66,27
6877,ＯＢＡＲＡ　ＧＲＯＵＰ,0,77.08333333333334,62,27
9363,大運,0,61.25000000000001,24,24
1381,アクシーズ,0,79.58333333333334,2,8
7550,ゼンショーホールディングス,0,51.66666666666666,0,0
197A,タウンズ,0,85.41666666666666,0,2
6755,富士通ゼネラル,0,30.833333333333336,76,1
4570,免疫生物研究所,0,44.58333333333333,55,8
1384,ホクリヨウ,0,68.33333333333333,30,4
7442,中山福,0,48.75000000000001,44,1
6635,大日光・エンジニアリング,0,95.0,19,7
2984,ヤマイチ・ユニハイムエステート,0,86.66666666666667,4,20
8617,光世証券,0,89.16666666666666,38,38
8793,ＮＥＣキャピタルソリューション,0,17.08333333333333,17,0
4558,中京医薬品,0,65.0,7,2
7561,ハークスレイ,0,72.91666666666667,1,8
8898,センチュリー２１・ジャパン,0,59.583333333333336,1,1
6294,オカダアイヨン,0,83.33333333333334,16,7
1814,大末建設,0,78.33333333333333,77,8
6923,スタンレー電気,0,15.000000000000002,45,0
7361,ヒューマンクリエイションホールディングス,0,53.333333333333336,0,9
228A,オプロ,0,72.91666666666667,65,19
5820,三ッ星,0,62.083333333333336,0,1
3569,セーレン,0,91.66666666666666,17,16
5726,大阪チタニウムテクノロジーズ,0,95.0,7,8
9168,ライズ・コンサルティング・グループ,0,16.666666666666664,80,17
9424,日本通信,0,88.33333333333333,7,7
9046,神戸電鉄,0,97.08333333333331,7,7
1783,ｆａｎｔａｓｉｓｔａ,0,22.08333333333333,32,32
5256,Ｆｕｓｉｃ,0,83.33333333333334,8,19
6548,旅工房,0,73.75,0,7
2816,ダイショー,0,97.08333333333331,6,8
4333,東邦システムサイエンス,0,31.666666666666664,45,0
6146,ディスコ,0,3.3333333333333326,60,1
6255,エヌ・ピー・シー,0,38.33333333333333,0,0
7781,平山ホールディングス,0,82.08333333333333,7,3
3232,三重交通グループホールディングス,0,82.5,9,9
4539,日本ケミファ,0,83.33333333333334,21,5
3553,共和レザー,0,48.33333333333333,61,20
9159,Ｗ　ＴＯＫＹＯ,0,85.0,6,6
6365,電業社機械製作所,0,86.25,53,0
4120,スガイ化学工業,0,47.083333333333336,5,5
3945,スーパーバッグ,0,1.2499999999999956,59,19
9214,Ｒｅｃｏｖｅｒｙ　Ｉｎｔｅｒｎａｔｉｏｎａｌ,0,12.916666666666664,0,10
4026,神島化学工業,0,51.66666666666666,7,8
7740,タムロン,0,48.33333333333333,0,23
8334,群馬銀行,0,61.66666666666667,32,26
6988,日東電工,0,68.33333333333333,25,25
9928,ミロク情報サービス,0,74.58333333333333,15,16
6176,ブランジスタ,0,68.33333333333333,38,38
7095,Ｍａｃｂｅｅ　Ｐｌａｎｅｔ,0,50.41666666666666,0,1
7236,ティラド,0,93.33333333333331,69,7
8061,西華産業,0,30.833333333333336,57,24
9994,やまや,0,43.333333333333336,6,7
3543,コメダホールディングス,0,66.25,38,2
6070,キャリアリンク,0,85.0,25,33
5821,平河ヒューテック,0,71.25,17,13
7375,リファインバースグループ,0,47.91666666666666,0,0
3577,東海染工,0,12.5,0,1
2152,幼児活動研究会,0,72.91666666666667,19,15
3035,ケイティケイ,0,83.33333333333334,71,71
9882,イエローハット,0,91.66666666666666,61,16
4371,コアコンセプト・テクノロジー,0,91.66666666666666,7,4
4366,ダイトーケミックス,0,82.91666666666666,70,16
5962,浅香工業,0,6.666666666666665,24,18
6262,ＰＥＧＡＳＵＳ,0,26.66666666666667,33,17
4193,ファブリカホールディングス,0,91.66666666666666,4,17
4450,パワーソリューションズ,0,70.0,55,10
9007,小田急電鉄,0,95.41666666666669,2,0
9010,富士急行,0,92.91666666666669,7,9
2388,ウェッジホールディングス,0,33.333333333333336,61,5
9020,東日本旅客鉄道,0,67.91666666666667,24,2
7451,三菱食品,0,38.74999999999999,73,1
4422,ＶＡＬＵＥＮＥＸ,0,36.66666666666667,0,0
5078,セレコーポレーション,0,6.666666666666665,77,12
4011,ヘッドウォータース,0,56.66666666666666,31,1
5587,インバウンドプラットフォーム,0,78.75,58,7
2156,セーラー広告,0,57.91666666666666,2,0
4448,ｋｕｂｅｌｌ,0,63.74999999999999,18,17
3687,フィックスターズ,0,41.66666666666666,7,1
6523,ＰＨＣホールディングス,0,92.5,1,7
6096,レアジョブ,0,82.08333333333333,0,1
2415,ヒューマンホールディングス,0,99.58333333333331,65,9
6919,ケル,0,78.75,25,14
7050,フロンティアインターナショナル,0,100.0,39,46
7604,梅の花グループ,0,39.583333333333336,0,0
2908,フジッコ,0,71.25,1,6
7150,島根銀行,0,47.91666666666666,15,26
8836,ＲＩＳＥ,0,38.33333333333333,30,3
7383,ネットプロテクションズホールディングス,0,81.66666666666667,44,44
6238,フリュー,0,68.33333333333333,47,10
8093,極東貿易,0,60.0,7,7
5805,ＳＷＣＣ,0,83.33333333333334,68,32
4197,アスマーク,0,58.33333333333333,4,11
7791,ドリームベッド,0,59.583333333333336,18,18
6664,オプトエレクトロニクス,0,78.75,59,37
3766,システムズ・デザイン,0,99.58333333333331,61,10
3634,ソケッツ,0,83.75,29,22
8225,タカチホ,0,50.41666666666666,71,2
6644,大崎電気工業,0,37.91666666666666,70,70
3063,ジェイグループホールディングス,0,90.0,75,75
7475,アルビス,0,62.083333333333336,77,8
6292,カワタ,0,100.0,7,14
4735,京進,0,67.5,0,0
8023,ＤＡＩＫＯ　ＸＴＥＣＨ,0,98.33333333333331,61,16
143A,イシン,0,78.75,42,4
6026,ＧＭＯ　ＴＥＣＨ,0,25.83333333333333,0,0
7814,日本創発グループ,0,7.916666666666671,59,14
3116,トヨタ紡織,0,36.66666666666667,20,21
5269,日本コンクリート工業,0,91.25,0,7
2009,鳥越製粉,0,84.58333333333333,13,6
1380,秋川牧園,0,66.25,14,15
2726,パルグループホールディングス,0,73.33333333333334,16,16
7701,島津製作所,0,31.666666666666664,0,0
7679,薬王堂ホールディングス,0,55.41666666666667,70,7
3776,ブロードバンドタワー,0,50.0,46,1
5471,大同特殊鋼,0,90.0,8,8
9769,学究社,0,70.0,19,16
7820,ニホンフラッシュ,0,14.166666666666671,0,0
6074,ジェイエスエス,0,94.58333333333331,56,62
8601,大和証券グループ本社,0,41.25,45,62
3178,チムニー,0,82.08333333333333,21,23
6912,菊水ホールディングス,0,26.25,38,0
4503,アステラス製薬,0,81.66666666666667,14,14
6137,小池酸素工業,0,52.91666666666666,32,33
3497,ＬｅＴｅｃｈ,0,12.5,1,1
6902,デンソー,0,8.333333333333337,63,7
3571,ソトー,0,97.91666666666666,26,26
7071,アンビスホールディングス,0,72.91666666666667,21,17
3457,Ａｎｄ　Ｄｏホールディングス,0,81.25,0,0
7976,三菱鉛筆,0,76.66666666666666,0,10
2669,カネ美食品,0,79.16666666666666,57,0
2597,ユニカフェ,0,97.5,71,15
7264,ムロコーポレーション,0,67.91666666666667,20,17
7732,トプコン,0,48.33333333333333,94,3
4401,ＡＤＥＫＡ,0,40.0,47,66
7088,フォーラムエンジニアリング,0,71.66666666666667,64,70
1929,日特建設,0,99.58333333333331,39,36
3772,ウェルス・マネジメント,0,83.33333333333334,0,1
2375,ギグワークス,0,91.25,7,4
4374,ＲＯＢＯＴ　ＰＡＹＭＥＮＴ,0,98.33333333333331,70,3
7466,ＳＰＫ,0,6.666666666666665,59,24
6586,マキタ,0,35.0,16,7
4376,くふうカンパニーホールディングス,0,10.416666666666664,0,1
4326,インテージホールディングス,0,93.75,33,20
3788,ＧＭＯグローバルサイン・ホールディングス,0,93.75,4,7
2687,シー・ヴイ・エス・ベイエリア,0,97.91666666666666,47,4
2762,ＳＡＮＫＯ　ＭＡＲＫＥＴＩＮＧ　ＦＯＯＤＳ,0,66.66666666666667,0,0
7192,日本モーゲージサービス,0,90.41666666666669,7,7
4317,レイ,0,61.66666666666667,73,14
7951,ヤマハ,0,61.66666666666667,7,7
1905,テノックス,0,70.0,53,14
4538,扶桑薬品工業,0,98.33333333333331,2,13
7279,ハイレックスコーポレーション,0,78.33333333333333,56,65
2502,アサヒグループホールディングス,0,33.333333333333336,0,2
2531,宝ホールディングス,0,67.08333333333334,14,14
5983,イワブチ,0,93.33333333333331,48,3
6384,昭和真空,0,70.41666666666666,9,8
2393,日本ケアサプライ,0,53.75,21,29
3891,ニッポン高度紙工業,0,98.33333333333331,16,14
6125,岡本工作機械製作所,0,53.333333333333336,61,66
6656,インスペック,0,44.16666666666666,3,2
8304,あおぞら銀行,0,11.66666666666667,56,15
7771,日本精密,0,10.416666666666664,65,0
8153,モスフードサービス,0,94.58333333333331,14,14
8173,上新電機,0,93.33333333333331,70,7
9531,東京瓦斯,0,61.66666666666667,15,13
7269,スズキ,0,30.000000000000004,0,0
6098,リクルートホールディングス,0,88.33333333333333,7,7
6840,ＡＫＩＢＡホールディングス,0,63.33333333333333,64,29
3656,ＫＬａｂ,0,84.58333333333333,7,7
7065,ユーピーアール,0,78.33333333333333,50,59
7061,日本ホスピスホールディングス,0,55.00000000000001,0,0
6167,冨士ダイス,0,68.75,24,7
4095,日本パーカライジング,0,72.91666666666667,47,25
9223,ＡＳＮＯＶＡ,0,6.666666666666665,57,8
5697,サンユウ,0,91.25,29,8
1904,大成温調,0,51.24999999999999,64,25
7036,イーエムネットジャパン,0,35.0,55,63
9720,ホテル、ニューグランド,0,54.58333333333334,59,3
9723,京都ホテル,0,57.49999999999999,0,1
1840,土屋ホールディングス,0,97.5,26,13
7276,小糸製作所,0,83.33333333333334,16,17
8914,エリアリンク,0,90.0,54,14
5074,テスホールディングス,0,94.58333333333331,76,17
3512,日本フエルト,0,96.25,16,22
6957,芝浦電子,0,67.91666666666667,77,11
2053,中部飼料,0,83.33333333333334,75,26
3361,トーエル,0,38.74999999999999,19,6
9344,アクシスコンサルティング,0,26.66666666666667,0,18
5184,ニチリン,0,68.75,17,15
2411,ゲンダイエージェンシー,0,6.25,74,26
5834,ＳＢＩリーシングサービス,0,86.66666666666667,65,17
9474,ゼンリン,0,93.33333333333331,1,7
7083,ＡＨＣグループ,0,62.91666666666666,1,2
2311,エプコ,0,22.916666666666664,62,0
9713,ロイヤルホテル,0,66.66666666666667,0,7
2335,キューブシステム,0,75.0,68,11
9502,中部電力,0,26.25,25,25
4641,アルプス技研,0,26.66666666666667,1,1
8563,大東銀行,0,53.75,58,10
3804,システム　ディ,0,49.16666666666667,70,6
3137,ファンデリー,0,12.916666666666664,0,7
8613,丸三証券,0,54.58333333333334,25,7
6543,日宣,0,85.0,76,33
1436,グリーンエナジー＆カンパニー,0,78.33333333333333,3,17
3996,サインポスト,0,82.91666666666666,0,0
2226,湖池屋,0,25.0,78,25
4288,アズジェント,0,18.75,0,8
3370,フジタコーポレーション,0,70.41666666666666,77,0
9160,ノバレーゼ,0,77.91666666666667,75,8
4389,プロパティデータバンク,0,85.0,0,5
3800,ユニリタ,0,57.91666666666666,1,1
2481,タウンニュース社,0,87.5,22,6
4045,東亞合成,0,81.66666666666667,49,21
3896,阿波製紙,0,67.08333333333334,4,8
9760,進学会ホールディングス,0,65.0,0,12
8697,日本取引所グループ,0,8.333333333333337,0,0
9303,住友倉庫,0,50.83333333333333,63,19
2206,江崎グリコ,0,82.91666666666666,7,8
7868,広済堂ホールディングス,0,31.666666666666664,0,0
6803,ティアック,0,46.25,56,11
9340,アソインターナショナル,0,53.333333333333336,30,0
4113,田岡化学工業,0,81.66666666666667,58,17
4548,生化学工業,0,50.0,2,13
2801,キッコーマン,0,18.333333333333336,0,7
7476,アズワン,0,30.41666666666667,7,0
8996,ハウスフリーダム,0,12.916666666666664,14,20
9996,サトー商会,0,28.33333333333333,19,21
5588,ファーストアカウンティング,0,7.916666666666671,1,0
8254,さいか屋,0,43.75,75,49
6488,ヨシタケ,0,97.91666666666666,59,6
245A,ＩＮＧＳ,0,71.66666666666667,70,12
9419,ワイヤレスゲート,0,45.41666666666667,56,2
5871,ＳＯＬＩＺＥ,0,71.66666666666667,57,7
7472,鳥羽洋行,0,88.33333333333333,47,4
4243,ニックス,0,81.66666666666667,69,6
1764,工藤建設,0,70.41666666666666,0,4
3177,ありがとうサービス,0,7.499999999999996,0,0
5711,三菱マテリアル,0,60.41666666666667,17,8
6380,オリエンタルチエン工業,0,59.16666666666666,0,5
8338,筑波銀行,0,53.333333333333336,19,19
5933,アルインコ,0,28.33333333333333,39,6
3932,アカツキ,0,56.25,0,3
5939,大谷工業,0,18.333333333333336,0,1
2884,ヨシムラ・フード・ホールディングス,0,87.91666666666667,0,0
3396,フェリシモ,0,97.91666666666666,75,0
2180,サニーサイドアップグループ,0,88.33333333333333,47,7
7833,アイフィスジャパン,0,98.33333333333331,75,16
3597,自重堂,0,90.0,0,3
7033,マネジメントソリューションズ,0,27.083333333333336,0,2
2198,アイ・ケイ・ケイホールディングス,0,82.5,0,15
3653,モルフォ,0,83.33333333333334,26,28
3082,きちりホールディングス,0,87.5,1,5
2743,ピクセルカンパニーズ,0,74.58333333333333,32,24
8132,シナネンホールディングス,0,23.750000000000004,17,22
3708,特種東海製紙,0,85.41666666666666,43,43
7134,アップガレージグループ,0,95.41666666666669,61,4
2692,伊藤忠食品,0,52.5,73,2
6173,アクアライン,0,93.33333333333331,0,5
8053,住友商事,0,38.33333333333333,68,24
3647,ジー・スリーホールディングス,0,74.58333333333333,44,5
6497,ハマイ,0,46.25,42,4
303A,ｖｉｓｕｍｏ,0,82.08333333333333,2,4
2179,成学社,0,97.5,13,10
7813,プラッツ,0,95.41666666666669,3,6
6538,ディスラプターズ,0,51.66666666666666,54,0
8897,ＭＩＲＡＲＴＨホールディングス,0,96.25,0,7
3923,ラクス,0,62.083333333333336,77,3
145A,Ｌ　ｉｓ　Ｂ,0,80.0,55,64
6993,大黒屋ホールディングス,0,1.2499999999999956,33,0
3204,トーア紡コーポレーション,0,67.08333333333334,28,28
9279,ギフトホールディングス,0,69.58333333333333,0,4
189A,Ｄ＆Ｍカンパニー,0,88.33333333333333,6,4
194A,ＷＯＬＶＥＳ　ＨＡＮＤ,0,71.66666666666667,47,8
6555,ＭＳ＆Ｃｏｎｓｕｌｔｉｎｇ,0,27.916666666666668,15,2
8542,トマト銀行,0,55.00000000000001,45,16
3371,ソフトクリエイトホールディングス,0,80.0,49,4
7122,近畿車輛,0,96.25,61,6
8208,エンチョー,0,96.25,65,71
8515,アイフル,0,84.58333333333333,69,69
2351,ＡＳＪ,0,80.0,7,4
4043,トクヤマ,0,21.666666666666668,51,66
4645,市進ホールディングス,0,89.16666666666666,38,9
5938,ＬＩＸＩＬ,0,88.33333333333333,23,7
3712,情報企画,0,95.0,32,7
4205,日本ゼオン,0,70.0,25,31
2164,地域新聞社,0,88.33333333333333,54,63
6899,ＡＳＴＩ,0,85.0,7,16
6613,ＱＤレーザ,0,58.33333333333333,7,15
6904,原田工業,0,23.750000000000004,0,0
3089,テクノアルファ,0,7.08333333333333,44,4
2653,イオン九州,0,95.0,75,75
4102,丸尾カルシウム,0,87.5,13,13
9900,サガミホールディングス,0,88.33333333333333,7,7
4074,ラキール,0,67.08333333333334,5,1
7937,ツツミ,0,23.33333333333333,1,1
2109,ＤＭ三井製糖,0,85.0,0,9
2810,ハウス食品グループ本社,0,5.000000000000004,0,0
9353,櫻島埠頭,0,73.33333333333334,5,10
9753,アイエックス・ナレッジ,0,99.58333333333331,45,48
6819,伊豆シャボテンリゾート,0,72.5,27,4
2883,大冷,0,69.16666666666667,49,60
9351,東洋埠頭,0,72.08333333333333,57,64
2935,ピックルスホールディングス,0,44.16666666666666,31,33
6817,スミダコーポレーション,0,85.0,16,7
6248,横田製作所,0,63.33333333333333,8,4
5255,モンスターラボ,0,78.33333333333333,47,3
3902,メディカル・データ・ビジョン,0,52.91666666666666,23,23
6092,エンバイオ・ホールディングス,0,95.0,54,8
6082,ライドオンエクスプレスホールディングス,0,65.0,0,0
6073,アサンテ,0,68.33333333333333,7,7
9889,ＪＢＣＣホールディングス,0,72.91666666666667,1,1
6768,タムラ製作所,0,22.916666666666664,24,0
7803,ブシロード,0,67.5,54,0
5621,ヒューマンテクノロジーズ,0,78.33333333333333,70,2
2813,和弘食品,0,48.75000000000001,0,15
6413,理想科学工業,0,81.66666666666667,7,25
336A,ダイナミックマッププラットフォーム,0,73.33333333333334,0,0
220A,Ｆａｂｅｒ　Ｃｏｍｐａｎｙ,0,70.41666666666666,3,6
2788,アップルインターナショナル,0,48.33333333333333,0,8
2814,佐藤食品工業,0,79.16666666666666,5,5
9755,応用地質,0,73.75,47,65
8218,コメリ,0,80.0,18,29
3341,日本調剤,0,70.0,97,12
3863,日本製紙,0,66.66666666666667,17,19
6663,太洋テクノレックス,0,97.91666666666666,36,9
6537,ＷＡＳＨハウス,0,66.66666666666667,56,8
1766,東建コーポレーション,0,5.000000000000004,77,0
6820,アイコム,0,11.66666666666667,56,0
2876,デルソーレ,0,39.583333333333336,13,24
2796,ファーマライズホールディングス,0,55.833333333333336,33,3
1743,コーアツ工業,0,57.49999999999999,68,16
4465,ニイタカ,0,72.91666666666667,0,0
7362,Ｔ．Ｓ．Ｉ,0,79.58333333333334,24,1
4644,イマジニア,0,82.5,16,7
2341,アルバイトタイムス,0,44.99999999999999,65,14
4839,ＷＯＷＯＷ,0,93.33333333333331,21,24
6198,キャリア,0,30.000000000000004,0,0
3953,大村紙業,0,50.0,22,23
7585,かんなん丸,0,71.25,5,5
6351,鶴見製作所,0,30.000000000000004,71,17
6336,石井表記,0,42.91666666666667,66,66
6030,アドベンチャー,0,66.66666666666667,0,7
3787,テクノマセマティカル,0,22.916666666666664,7,7
4360,マナック・ケミカル・パートナーズ,0,87.08333333333333,6,7
4571,ＮＡＮＯ　ＭＲＮＡ,0,86.25,17,5
5659,日本精線,0,21.250000000000004,0,1
8876,リログループ,0,61.66666666666667,2,11
7462,ＣＡＰＩＴＡ,0,80.0,59,7
340A,ジグザグ,0,70.0,0,0
7305,新家工業,0,88.33333333333333,27,26
2769,ヴィレッジヴァンガードコーポレーション,0,94.58333333333331,3,3
3845,アイフリークモバイル,0,84.16666666666667,54,22
2459,アウンコンサルティング,0,70.41666666666666,0,0
9215,ＣａＳｙ,0,57.49999999999999,41,28
4367,広栄化学,0,30.833333333333336,0,0
3848,データ・アプリケーション,0,95.0,5,5
3723,日本ファルコム,0,76.66666666666666,0,0
4290,プレステージ・インターナショナル,0,97.91666666666666,6,10
4310,ドリームインキュベータ,0,83.33333333333334,0,7
9216,ビーウィズ,0,98.33333333333331,0,9
2201,森永製菓,0,86.66666666666667,0,7
7480,スズデン,0,68.33333333333333,0,0
6306,日工,0,52.91666666666666,42,42
2705,大戸屋ホールディングス,0,71.25,49,7
2175,エス・エム・エス,0,61.25000000000001,68,7
4554,富士製薬工業,0,65.0,27,10
4177,ｉ‐ｐｌｕｇ,0,61.66666666666667,31,31
4231,タイガースポリマー,0,95.0,24,23
7995,バルカー,0,96.66666666666669,25,17
1967,ヤマト,0,91.66666666666666,70,8
5189,櫻護謨,0,65.0,24,29
3077,ホリイフードサービス,0,68.75,5,5
302A,ビースタイルホールディングス,0,49.16666666666667,0,1
5644,メタルアート,0,90.0,49,65
3191,ジョイフル本田,0,96.66666666666669,7,2
6194,アトラエ,0,70.0,24,26
6203,豊和工業,0,85.41666666666666,2,7
2489,アドウェイズ,0,30.833333333333336,48,44
9162,ブリーチ,0,64.16666666666666,0,6
7506,ハウス　オブ　ローゼ,0,69.16666666666667,0,0
6630,ヤーマン,0,37.083333333333336,0,0
6498,キッツ,0,91.25,51,16
9719,ＳＣＳＫ,0,20.0,65,3
1934,ユアテック,0,91.66666666666666,71,71
6701,日本電気,0,81.66666666666667,73,6
6707,サンケン電気,0,13.33333333333333,58,59
2433,博報堂ＤＹホールディングス,0,16.666666666666664,63,7
4245,ダイキアクシス,0,47.91666666666666,16,14
4247,ポバール興業,0,45.833333333333336,19,19
9051,センコン物流,0,31.666666666666664,48,3
6668,アドテック　プラズマ　テクノロジー,0,20.41666666666667,48,0
7133,ＨＹＵＧＡ　ＰＲＩＭＡＲＹ　ＣＡＲＥ,0,83.33333333333334,8,8
7183,あんしん保証,0,81.25,75,8
2303,ドーン,0,96.25,66,4
6486,イーグル工業,0,95.41666666666669,25,25
3538,ウイルプラスホールディングス,0,28.33333333333333,7,7
5013,ユシロ,0,23.33333333333333,21,21
6625,ＪＡＬＣＯホールディングス,0,86.66666666666667,14,13
4686,ジャストシステム,0,67.91666666666667,48,48
4409,東邦化学工業,0,15.000000000000002,56,24
3536,アクサスホールディングス,0,74.16666666666667,75,38
6730,アクセル,0,3.3333333333333326,0,8
5010,日本精蝋,0,70.83333333333333,27,6
5142,アキレス,0,31.25,0,7
3402,東レ,0,76.66666666666666,24,7
2294,柿安本店,0,85.0,0,11
6699,ダイヤモンドエレクトリックホールディングス,0,80.41666666666667,15,14
2370,メディネット,0,50.0,27,0
2304,ＣＳＳホールディングス,0,79.58333333333334,8,12
7057,エヌ・シー・エヌ,0,73.75,0,7
4887,サワイグループホールディングス,0,30.000000000000004,13,16
7278,エクセディ,0,67.08333333333334,15,17
1871,ピーエス・コンストラクション,0,40.0,71,3
255A,ジーエルテクノホールディングス,0,68.33333333333333,36,13
5187,クリエートメディック,0,94.16666666666669,19,8
4578,大塚ホールディングス,0,96.66666666666669,6,7
8085,ナラサキ産業,0,89.16666666666666,60,7
7191,イントラスト,0,68.33333333333333,76,9
4444,インフォネット,0,77.91666666666667,59,18
9246,プロジェクトホールディングス,0,71.66666666666667,0,4
8207,テンアライド,0,85.0,27,38
7875,竹田ｉＰホールディングス,0,79.58333333333334,26,37
4543,テルモ,0,43.333333333333336,0,6
3994,マネーフォワード,0,81.66666666666667,72,10
8705,日産証券グループ,0,92.08333333333334,4,17
8877,エスリード,0,29.58333333333333,45,44
7896,セブン工業,0,73.33333333333334,37,5
5533,エリッツホールディングス,0,77.91666666666667,27,5
8995,誠建設工業,0,10.416666666666664,22,13
3664,モブキャストホールディングス,0,52.91666666666666,36,36
4092,日本化学工業,0,53.333333333333336,14,26
331A,メディックス,0,57.91666666666666,8,14
7856,萩原工業,0,96.66666666666669,36,7
6554,エスユーエス,0,93.33333333333331,72,6
2429,ワールドホールディングス,0,88.33333333333333,59,8
4768,大塚商会,0,51.66666666666666,0,0
3437,特殊電極,0,96.25,22,20
7986,日本アイ・エス・ケイ,0,23.33333333333333,76,0
6845,アズビル,0,43.333333333333336,73,38
2461,ファンコミュニケーションズ,0,85.0,71,31
4519,中外製薬,0,86.66666666666667,0,6
4242,タカギセイコー,0,71.25,11,11
1847,イチケン,0,85.41666666666666,54,7
8944,ランドビジネス,0,78.75,62,7
4020,ビートレンド,0,66.66666666666667,32,32
7919,野崎印刷紙業,0,38.74999999999999,0,0
7093,アディッシュ,0,55.00000000000001,66,2
8135,ゼット,0,61.25000000000001,16,16
8174,日本瓦斯,0,25.0,81,2
9908,日本電計,0,87.08333333333333,71,6
8604,野村ホールディングス,0,96.66666666666669,48,60
5597,ブルーイノベーション,0,86.66666666666667,46,6
9902,日伝,0,63.33333333333333,14,16
5945,天龍製鋸,0,99.58333333333331,40,40
8283,ＰＡＬＴＡＣ,0,93.33333333333331,24,17
3925,ダブルスタンダード,0,88.33333333333333,64,3
2120,ＬＩＦＵＬＬ,0,99.16666666666669,65,5
3929,ソーシャルワイヤー,0,90.41666666666669,27,25
6464,ツバキ・ナカシマ,0,36.66666666666667,0,14
7198,ＳＢＩアルヒ,0,13.33333333333333,21,20
8065,佐藤商事,0,88.33333333333333,49,25
2215,第一屋製パン,0,95.41666666666669,0,1
3161,アゼアス,0,20.0,0,0
9416,ビジョン,0,73.75,0,1
4690,日本パレットプール,0,92.91666666666669,66,31
9632,スバル興業,0,90.0,3,14
4324,電通グループ,0,15.000000000000002,0,0
3423,エスイー,0,76.66666666666666,0,0
4634,ａｒｔｉｅｎｃｅ,0,77.91666666666667,26,27
9227,マイクロ波化学,0,76.25,7,2
6822,大井電気,0,71.66666666666667,27,27
1717,明豊ファシリティワークス,0,65.41666666666667,52,17
5990,スーパーツール,0,62.5,19,6
4023,クレハ,0,97.08333333333331,58,22
7863,平賀,0,60.41666666666667,3,7
4346,ＮＥＸＹＺ．Ｇｒｏｕｐ,0,66.66666666666667,72,26
2923,サトウ食品,0,81.25,0,5
6016,ジャパンエンジンコーポレーション,0,36.66666666666667,49,1
9679,ホウライ,0,16.249999999999996,72,27
3004,神栄,0,90.0,57,31
9368,キムラユニティー,0,72.91666666666667,23,18
5742,エヌアイシ・オートテック,0,44.99999999999999,0,0
4875,メディシノバ・インク,0,71.25,1,5
3372,関門海,0,97.91666666666666,74,8
5271,トーヨーアサノ,0,48.33333333333333,20,16
5121,藤倉コンポジット,0,86.25,58,14
9380,東海運,0,91.25,14,28
195A,ライスカレー,0,67.5,1,1
3494,マリオン,0,82.91666666666666,64,32
4053,Ｓｕｎ　Ａｓｔｅｒｉｓｋ,0,37.083333333333336,8,9
4031,片倉コープアグリ,0,61.66666666666667,43,5
4498,サイバートラスト,0,98.33333333333331,7,5
2540,養命酒製造,0,3.3333333333333326,54,19
8046,丸藤シートパイル,0,97.91666666666666,66,14
6141,ＤＭＧ森精機,0,38.33333333333333,59,29
4351,山田再生系債権回収総合事務所,0,65.0,0,0
7215,ファルテック,0,75.83333333333333,7,15
9327,イー・ロジット,0,68.33333333333333,49,0
7354,ダイレクトマーケティングミックス,0,17.91666666666667,16,10
8077,トルク,0,97.91666666666666,29,17
6101,ツガミ,0,84.58333333333333,17,15
5957,日東精工,0,96.66666666666669,18,19
9273,コーア商事ホールディングス,0,96.25,24,17
4996,クミアイ化学工業,0,66.66666666666667,27,7
4992,北興化学工業,0,83.33333333333334,58,66
268A,リガク・ホールディングス,0,86.66666666666667,4,7
9603,エイチ・アイ・エス,0,88.33333333333333,0,9
4552,ＪＣＲファーマ,0,35.0,44,0
6563,みらいワークス,0,75.0,0,11
9044,南海電気鉄道,0,75.0,6,24
6466,ＴＶＥ,0,66.66666666666667,73,12
7985,ネポン,0,87.91666666666667,2,6
7817,パラマウントベッドホールディングス,0,35.0,49,0
4249,森六,0,63.33333333333333,7,7
4596,窪田製薬ホールディングス,0,54.58333333333334,19,19
7438,コンドーテック,0,91.66666666666666,49,7
2300,きょくとう,0,1.6666666666666718,37,0
9428,クロップス,0,86.25,68,71
6029,アトラグループ,0,30.833333333333336,61,19
9145,ビーイングホールディングス,0,96.66666666666669,74,74
5268,旭コンクリート工業,0,81.66666666666667,20,14
9782,ディーエムエス,0,12.916666666666664,79,1
7885,タカノ,0,37.5,31,30
7849,スターツ出版,0,58.33333333333333,36,4
156A,マテリアルグループ,0,16.249999999999996,48,1
4335,アイ・ピー・エス,0,26.25,0,0
6307,サンセイ,0,75.0,67,0
7038,フロンティア・マネジメント,0,12.083333333333336,0,0
6293,日精樹脂工業,0,82.91666666666666,33,7
2708,久世,0,70.0,9,20
9612,ラックランド,0,69.58333333333333,0,14
8107,キムラタン,0,94.16666666666669,16,8
3289,東急不動産ホールディングス,0,81.66666666666667,2,2
2204,中村屋,0,1.6666666666666718,0,0
6171,土木管理総合試験所,0,96.25,20,20
3524,日東製網,0,63.74999999999999,0,6
7613,シークス,0,95.0,65,7
6995,東海理化電機製作所,0,48.33333333333333,28,46
3067,東京一番フーズ,0,19.58333333333333,1,1
3878,巴川コーポレーション,0,60.0,23,2
6454,マックス,0,91.25,62,18
7957,フジコピアン,0,72.5,23,31
7610,テイツー,0,89.58333333333334,0,0
5753,日本伸銅,0,96.25,7,7
6882,三社電機製作所,0,47.083333333333336,40,0
2483,翻訳センター,0,59.583333333333336,18,18
9212,Ｇｒｅｅｎ　Ｅａｒｔｈ　Ｉｎｓｔｉｔｕｔｅ,0,85.0,8,4
3665,エニグモ,0,53.333333333333336,0,0
3058,三洋堂ホールディングス,0,30.41666666666667,3,0
9619,イチネンホールディングス,0,98.33333333333331,16,17
2795,日本プリメックス,0,15.000000000000002,11,9
3054,ハイパー,0,68.33333333333333,17,10
3267,フィル・カンパニー,0,17.91666666666667,8,0
4461,第一工業製薬,0,90.0,58,66
8113,ユニ・チャーム,0,81.66666666666667,0,3
8869,明和地所,0,70.0,17,8
7972,イトーキ,0,70.0,71,71
4933,Ｉ－ｎｅ,0,68.33333333333333,17,10
7128,フルサト・マルカホールディングス,0,73.33333333333334,16,8
2722,ＩＫホールディングス,0,94.16666666666669,0,1
4410,ハリマ化成グループ,0,88.33333333333333,16,25
9171,栗林商船,0,57.91666666666666,11,16
5992,中央発條,0,97.91666666666666,17,14
4896,ケイファーマ,0,56.25,0,2
2464,Ａｏｂａ‐ＢＢＴ,0,48.33333333333333,60,65
4356,応用技術,0,45.833333333333336,57,1
8016,オンワードホールディングス,0,79.58333333333334,79,4
2907,あじかん,0,61.25000000000001,26,19
9385,ショーエイコーポレーション,0,91.25,22,33
6268,ナブテスコ,0,91.66666666666666,62,32
5101,横浜ゴム,0,13.33333333333333,58,26
9639,三協フロンテア,0,85.0,27,50
7544,スリーエフ,0,22.08333333333333,64,18
6343,フリージア・マクロス,0,47.91666666666666,65,16
4189,ＫＨネオケム,0,96.66666666666669,46,21
7111,ＩＮＥＳＴ,0,81.25,24,27
6961,エンプラス,0,86.25,12,7
9319,中央倉庫,0,86.66666666666667,5,14
3688,ＣＡＲＴＡ　ＨＯＬＤＩＮＧＳ,0,34.166666666666664,51,2
7228,デイトナ,0,75.0,6,6
3392,デリカフーズホールディングス,0,50.0,62,2
4524,森下仁丹,0,42.91666666666667,22,19
3810,サイバーステップ,0,34.166666666666664,17,1
3598,山喜,0,54.16666666666667,43,39
3997,トレードワークス,0,52.91666666666666,6,6
5729,日本精鉱,0,61.66666666666667,18,16
4556,カイノス,0,1.6666666666666718,65,8
1418,インターライフホールディングス,0,50.0,11,11
6099,エラン,0,95.0,63,11
7619,田中商事,0,70.41666666666666,59,32
9369,キユーソー流通システム,0,75.0,64,70
8572,アコム,0,80.0,71,7
241A,ＲＯＸＸ,0,95.0,6,5
1770,藤田エンジニアリング,0,11.66666666666667,23,23
7603,マックハウス,0,22.916666666666664,34,7
4925,ハーバー研究所,0,65.83333333333333,0,4
8209,フレンドリー,0,85.0,75,17
4004,レゾナック・ホールディングス,0,38.33333333333333,47,27
6492,岡野バルブ製造,0,96.25,49,58
9633,東京テアトル,0,98.33333333333331,20,25
5009,富士興産,0,89.58333333333334,0,7
5444,大和工業,0,23.33333333333333,0,0
3944,古林紙工,0,84.16666666666667,67,8
8039,築地魚市場,0,9.166666666666668,0,0
2767,円谷フィールズホールディングス,0,98.33333333333331,50,9
7360,オンデック,0,75.41666666666667,5,5
7539,アイナボホールディングス,0,38.33333333333333,76,14
5110,住友ゴム工業,0,16.666666666666664,7,17
6998,日本タングステン,0,88.33333333333333,49,6
5943,ノーリツ,0,46.25,64,1
175A,Ｗｉｌｌ　Ｓｍａｒｔ,0,53.333333333333336,32,17
9331,キャスター,0,19.58333333333333,7,7
9330,揚羽,0,93.33333333333331,10,11
7601,ポプラ,0,5.833333333333335,0,0
7272,ヤマハ発動機,0,8.333333333333337,7,7
5851,リョービ,0,46.66666666666666,23,23
4496,コマースＯｎｅホールディングス,0,5.000000000000004,0,11
4495,アイキューブドシステムズ,0,86.66666666666667,76,5
177A,コージンバイオ,0,76.66666666666666,16,4
8616,東海東京フィナンシャル・ホールディングス,0,59.583333333333336,27,27
8285,三谷産業,0,85.0,26,28
2811,カゴメ,0,61.66666666666667,0,7
4628,エスケー化研,0,96.66666666666669,11,13
2183,リニカル,0,6.25,44,0
3733,ソフトウェア・サービス,0,62.083333333333336,73,12
1443,技研ホールディングス,0,97.5,36,6
1605,ＩＮＰＥＸ,0,96.66666666666669,47,7
7879,ノダ,0,98.33333333333331,8,20
5218,オハラ,0,81.66666666666667,25,25
6081,アライドアーキテクツ,0,83.75,44,9
7815,東京ボード工業,0,65.0,43,4
7807,幸和製作所,0,79.16666666666666,4,8
8349,東北銀行,0,78.33333333333333,31,45
3001,片倉工業,0,51.66666666666666,34,34
9906,藤井産業,0,91.66666666666666,60,1
3422,Ｊ－ＭＡＸ,0,90.0,14,15
7983,ミロク,0,82.5,41,8
8230,はせがわ,0,80.83333333333333,7,15
4424,Ａｍａｚｉａ,0,86.66666666666667,4,4
7218,田中精密工業,0,32.91666666666667,1,1
9366,サンリツ,0,12.5,25,39
5900,ダイケン,0,84.58333333333333,41,0
6136,オーエスジー,0,98.33333333333331,36,36
3053,ペッパーフードサービス,0,82.91666666666666,0,6
9256,サクシード,0,47.5,0,0
7501,ティムコ,0,97.91666666666666,78,78
9355,リンコーコーポレーション,0,13.749999999999996,40,1
7102,日本車輌製造,0,93.33333333333331,20,20
6592,マブチモーター,0,55.00000000000001,7,7
7372,デコルテ・ホールディングス,0,91.66666666666666,20,19
2323,ｆｏｎｆｕｎ,0,45.41666666666667,27,10
3565,アセンテック,0,59.583333333333336,76,0
4754,トスネット,0,47.91666666666666,27,17
2892,日本食品化工,0,68.33333333333333,69,11
6042,ニッキ,0,39.16666666666667,29,3
2342,トランスジェニックグループ,0,55.00000000000001,17,7
5619,マーソ,0,83.75,44,3
7922,三光産業,0,18.333333333333336,24,27
3550,スタジオアタオ,0,55.833333333333336,57,17
4893,ノイルイミューン・バイオテック,0,23.750000000000004,55,2
5283,高見澤,0,91.25,3,4
211A,カドス・コーポレーション,0,13.33333333333333,75,46
2498,オリエンタルコンサルタンツホールディングス,0,30.000000000000004,37,37
3280,エストラスト,0,92.91666666666669,77,17
4809,パラカ,0,75.0,25,20
2408,ＫＧ情報,0,67.91666666666667,0,7
7244,市光工業,0,30.41666666666667,7,20
3539,ＪＭホールディングス,0,95.0,39,37
7901,マツモト,0,97.08333333333331,17,19
3317,フライングガーデン,0,50.83333333333333,15,18
8365,富山銀行,0,90.0,54,13
2961,日本調理機,0,50.83333333333333,69,5
1897,金下建設,0,56.66666666666666,32,12
7446,東北化学薬品,0,49.583333333333336,32,0
6059,ウチヤマホールディングス,0,27.916666666666668,24,0
6316,丸山製作所,0,79.58333333333334,28,28
7460,ヤギ,0,75.0,65,68
8179,ロイヤルホールディングス,0,85.0,29,30
8012,長瀬産業,0,83.33333333333334,59,24
5105,ＴＯＹＯ　ＴＩＲＥ,0,30.000000000000004,68,27
4912,ライオン,0,92.91666666666669,0,2
4666,パーク２４,0,31.666666666666664,0,6
7325,アイリックコーポレーション,0,62.91666666666666,68,8
4221,大倉工業,0,82.91666666666666,71,6
8804,東京建物,0,85.0,0,2
6072,地盤ネットホールディングス,0,25.416666666666664,0,0
9647,協和コンサルタンツ,0,71.25,10,0
6360,東京自働機械製作所,0,39.583333333333336,0,14
9225,ブリッジコンサルティンググループ,0,40.0,70,2
4286,ＣＬホールディングス,0,62.91666666666666,0,1
5867,エスネットワークス,0,90.0,65,18
265A,Ｈｍｃｏｍｍ,0,86.66666666666667,18,9
4166,かっこ,0,91.66666666666666,63,4
7129,ミアヘルサホールディングス,0,61.25000000000001,37,37
7120,ＳＨＩＮＫＯ,0,74.58333333333333,60,33
2359,コア,0,58.33333333333333,48,7
6161,エスティック,0,94.58333333333331,59,60
7975,リヒトラブ,0,13.33333333333333,5,0
5888,ＤＡＩＷＡ　ＣＹＣＬＥ,0,47.91666666666666,0,0
7265,エイケン工業,0,59.16666666666666,67,13
6549,ディーエムソリューションズ,0,70.0,65,4
6181,タメニー,0,66.66666666666667,11,2
4612,日本ペイントホールディングス,0,21.666666666666668,40,45
8060,キヤノンマーケティングジャパン,0,50.0,7,7
9250,ＧＲＣＳ,0,78.33333333333333,4,1
6982,リード,0,28.33333333333333,41,16
6973,協栄産業,0,63.74999999999999,43,0
5906,エムケー精工,0,95.0,49,6
9386,日本コンセプト,0,6.666666666666665,36,37
7902,ソノコム,0,90.83333333333331,18,13
8147,トミタ,0,37.5,0,0
8144,デンキョーグループホールディングス,0,93.33333333333331,28,22
3041,ビューティカダンホールディングス,0,81.66666666666667,0,0
9896,ＪＫホールディングス,0,38.74999999999999,61,8
2334,イオレ,0,63.33333333333333,56,54
7581,サイゼリヤ,0,23.33333333333333,69,8
4323,日本システム技術,0,86.66666666666667,0,1
5258,トランザクション・メディア・ネットワークス,0,95.0,61,5
1447,ＳＡＡＦホールディングス,0,98.33333333333331,3,5
3908,コラボス,0,60.0,52,1
5967,ＴＯＮＥ,0,64.58333333333333,0,14
3627,テクミラホールディングス,0,70.0,48,0
5138,Ｒｅｂａｓｅ,0,66.25,0,7
2127,日本Ｍ＆Ａセンターホールディングス,0,91.66666666666666,63,7
7687,ミクリード,0,87.91666666666667,4,12
1938,日本リーテック,0,81.66666666666667,72,36
7809,壽屋,0,88.33333333333333,79,13
5331,ノリタケ,0,93.75,25,20
6579,ログリー,0,64.16666666666666,70,17
6287,サトー,0,58.33333333333333,25,27
4194,ビジョナル,0,90.0,75,75
8089,ナイス,0,83.33333333333334,64,29
3184,ＩＣＤＡホールディングス,0,87.5,66,30
7877,永大化工,0,76.25,51,16
5161,西川ゴム工業,0,68.33333333333333,48,30
4452,花王,0,68.33333333333333,17,12
5987,オーネックス,0,93.75,0,4
6328,荏原実業,-2,85.0,18,14
3911,Ａｉｍｉｎｇ,-2,66.66666666666667,2,2
7956,ピジョン,-2,18.333333333333336,0,0
2752,フジオフードグループ本社,-2,56.66666666666666,0,4
4888,ステラファーマ,-2,73.75,38,7
8746,ＵＮＢＡＮＫＥＤ,-2,76.66666666666666,33,10
9767,日建工学,-2,88.75,6,6
3768,リスクモンスター,-2,28.33333333333333,0,0
2587,サントリー食品インターナショナル,-2,18.333333333333336,0,2
3593,ホギメディカル,-2,91.66666666666666,4,6
3710,ジョルダン,-2,90.83333333333331,0,7
7356,Ｒｅｔｔｙ,-2,60.41666666666667,37,4
4486,ユナイトアンドグロウ,-2,82.91666666666666,0,6
3484,イノベーションホールディングス,-2,89.58333333333334,38,6
7859,アルメディオ,-2,91.25,3,7
5025,マーキュリー,-2,86.25,8,3
5035,ＨＯＵＳＥＩ,-2,84.16666666666667,4,7
4956,コニシ,-2,87.91666666666667,20,24
7805,プリントネット,-2,69.58333333333333,61,60
6836,ぷらっとホーム,-2,88.33333333333333,18,7
7946,光陽社,-2,78.33333333333333,8,9
5352,黒崎播磨,-2,24.583333333333336,48,48
3173,Ｃｏｍｉｎｉｘ,-2,91.25,23,25
5932,三協立山,-2,67.5,0,0
2975,スター・マイカ・ホールディングス,-2,78.75,4,7
3771,システムリサーチ,-2,91.66666666666666,75,10
7551,ウェッズ,-2,72.08333333333333,36,13
9514,エフオン,-2,28.33333333333333,13,14
9229,サンウェルズ,-2,78.33333333333333,44,17
7369,メイホーホールディングス,-2,81.66666666666667,77,4
7067,ブランディングテクノロジー,-2,71.66666666666667,41,8
6757,ＯＳＧコーポレーション,-2,85.0,61,4
4370,モビルス,-2,93.33333333333331,76,16
7571,ヤマノホールディングス,-2,43.75,54,19
4707,キタック,-2,94.16666666666669,72,6
3672,オルトプラス,-2,50.83333333333333,52,18
1407,ウエストホールディングス,-2,46.66666666666666,0,0
4420,イーソル,-2,54.16666666666667,7,9
7366,ＬＩＴＡＬＩＣＯ,-2,89.58333333333334,7,7
7094,ＮｅｘＴｏｎｅ,-2,51.66666666666666,71,0
7944,ローランド,-2,27.916666666666668,0,7
5843,ニッポンインシュア,-2,98.33333333333331,38,28
6440,ＪＵＫＩ,-2,12.5,24,36
6039,日本動物高度医療センター,-2,73.33333333333334,25,26
6135,牧野フライス製作所,-2,66.66666666666667,46,3
168A,イタミアート,-2,77.08333333333334,0,0
4320,ＣＥホールディングス,-2,78.33333333333333,30,23
4620,藤倉化成,-2,65.83333333333333,35,38
4990,昭和化学工業,-2,40.0,36,8
9972,アルテック,-2,20.0,0,0
2173,博展,-2,28.33333333333333,12,14
5337,ダントーホールディングス,-2,53.333333333333336,99,0
8015,豊田通商,-2,42.91666666666667,67,32
9367,大東港運,-2,3.3333333333333326,23,29
8022,美津濃,-2,9.999999999999998,25,13
7841,遠藤製作所,-2,86.66666666666667,4,15
7837,アールシーコア,-2,67.5,42,26
3926,オープンドア,-2,89.16666666666666,0,4
9890,マキヤ,-2,86.66666666666667,24,23
4974,タカラバイオ,-2,92.91666666666669,17,25
3877,中越パルプ工業,-2,52.91666666666666,73,21
3477,フォーライフ,-2,36.25000000000001,61,23
7952,河合楽器製作所,-2,13.33333333333333,0,0
7343,ブロードマインド,-2,80.41666666666667,25,9
6367,ダイキン工業,-2,28.33333333333333,24,24
9663,ナガワ,-2,90.0,7,7
5242,アイズ,-2,80.0,64,0
4667,アイサンテクノロジー,-2,61.66666666666667,0,10
3796,いい生活,-2,44.99999999999999,8,8
5956,トーソー,-2,29.166666666666664,35,0
3409,北日本紡績,-2,71.66666666666667,98,3
6727,ワコム,-2,38.33333333333333,61,0
6823,リオン,-2,43.75,36,36
7087,ウイルテック,-2,80.41666666666667,0,7
7284,盟和産業,-2,37.083333333333336,31,42
3542,ベガコーポレーション,-2,60.0,79,48
6662,ユビテック,-2,68.75,57,27
7940,ウェーブロックホールディングス,-2,42.91666666666667,58,32
9508,九州電力,-2,63.33333333333333,20,25
4299,ハイマックス,-2,20.0,0,0
3674,オークファン,-2,46.66666666666666,38,6
3486,グローバル・リンク・マネジメント,-2,50.0,50,16
6566,要興業,-2,7.916666666666671,40,0
4972,綜研化学,-2,88.33333333333333,19,19
339A,プログレス・テクノロジーズ　グループ,-2,83.33333333333334,0,0
2936,ベースフード,-2,65.0,9,9
7161,じもとホールディングス,-2,16.249999999999996,30,6
4308,Ｊストリーム,-2,15.416666666666668,0,0
7231,トピー工業,-2,91.66666666666666,59,24
3839,ＯＤＫソリューションズ,-2,31.666666666666664,51,0
2112,塩水港精糖,-2,91.25,45,25
2114,フジ日本,-2,93.75,61,61
2818,ピエトロ,-2,73.75,4,4
3111,オーミケンシ,-2,11.250000000000004,0,0
6334,明治機械,-2,80.0,51,6
6276,シリウスビジョン,-2,67.91666666666667,17,5
7812,クレステック,-2,83.75,0,7
7707,プレシジョン・システム・サイエンス,-2,74.16666666666667,0,0
3671,ソフトマックス,-2,54.58333333333334,0,0
7326,ＳＢＩインシュアランスグループ,-2,67.08333333333334,61,27
4769,ＩＣ,-2,57.91666666666666,18,3
6696,トラース・オン・プロダクト,-2,29.58333333333333,8,0
5246,ＥＬＥＭＥＮＴＳ,-3,60.0,4,0
6495,宮入バルブ製作所,-3,64.58333333333333,74,25
2491,バリューコマース,-3,32.91666666666667,13,11
6545,インターネットインフィニティー,-3,7.08333333333333,61,9
7077,ＡＬｉＮＫインターネット,-3,16.249999999999996,69,7
3954,昭和パックス,-3,81.66666666666667,54,18
7267,本田技研工業,-3,20.0,21,21
9930,北沢産業,-3,68.75,12,10
6337,テセック,-3,21.666666666666668,56,16
7037,テノ．ホールディングス,-3,18.333333333333336,0,0
5915,駒井ハルテック,-3,51.24999999999999,11,10
8237,松屋,-3,20.0,14,14
4112,保土谷化学工業,-3,37.91666666666666,8,16
3306,日本製麻,-3,43.75,40,9
5699,イボキン,-3,66.66666666666667,60,17
6619,ダブル・スコープ,-3,37.5,0,7
1776,三井住建道路,-3,75.0,54,7
350A,デジタルグリッド,-3,1.6666666666666718,55,17
4425,Ｋｕｄａｎ,-3,8.750000000000002,0,9
7727,オーバル,-3,71.66666666666667,58,7
4598,Ｄｅｌｔａ－Ｆｌｙ　Ｐｈａｒｍａ,-3,7.916666666666671,54,0
6966,三井ハイテック,-3,26.66666666666667,17,14
7897,ホクシン,-3,75.0,64,5
3467,アグレ都市デザイン,-3,19.58333333333333,57,61
7500,西川計測,-3,52.91666666666666,0,0
7261,マツダ,-3,8.333333333333337,7,7
7371,Ｚｅｎｋｅｎ,-3,14.583333333333336,66,66
1419,タマホーム,-3,68.33333333333333,0,21
2930,北の達人コーポレーション,-3,36.25000000000001,8,0
7256,河西工業,-3,8.333333333333337,19,20
6584,三櫻工業,-3,79.16666666666666,25,27
3955,イムラ,-3,21.250000000000004,0,0
7898,ウッドワン,-3,27.083333333333336,7,8
7538,大水,-3,34.166666666666664,23,0
7072,インティメート・マージャー,-4,60.0,12,12
2493,イーサポートリンク,-4,65.0,0,0
6954,ファナック,-4,58.33333333333333,11,9
8143,ラピーヌ,-4,24.16666666666667,0,0
5575,Ｇｌｏｂｅｅ,-4,43.333333333333336,5,0
3198,ＳＦＰホールディングス,-4,23.33333333333333,49,0
