Ticker,銘柄名,終値,DR25,75SMA越
3070,ジェリービーンズグループ,127.0,-48.24775876120619,0
2586,フルッタフルッタ,255.0,-22.717905200630376,0
3803,イメージ情報開発,1022.0,-21.33378490717079,82
4889,レナサイエンス,2034.0,-20.96059687572861,0
9127,玉井商船,2039.0,-20.76999595884236,0
6594,ニデック,2420.0,-19.5633820606399,0
4393,バンク・オブ・イノベーション,9810.0,-18.37787466302792,0
6731,ピクセラ,60.0,-17.30981256890849,51
3077,ホリイフードサービス,416.0,-16.76670668267307,29
7603,マックハウス,345.0,-16.34335596508244,0
2999,ホームポジション,478.0,-16.298942354836456,0
7063,Ｂｉｒｄｍａｎ,251.0,-15.737881025916476,0
6507,シンフォニアテクノロジー,7410.0,-15.249714067861234,0
7901,マツモト,1069.0,-14.896665923637862,41
9211,エフ・コード,2144.0,-14.335943743007835,0
7035,ａｎｄ　ｆａｃｔｏｒｙ,257.0,-14.207504339698223,0
6993,大黒屋ホールディングス,47.0,-13.856304985337248,0
3815,メディア工房,500.0,-13.745514766767863,0
3987,エコモット,507.0,-12.772692863533136,0
4488,ＡＩ　ｉｎｓｉｄｅ,3065.0,-12.56846188954815,0
6323,ローツェ,1638.0,-12.154625021451864,0
4058,トヨクモ,3030.0,-12.005575884300402,0
4935,リベルタ,2199.0,-11.965346613928617,0
7445,ライトオン,286.0,-11.956655584287642,0
6946,日本アビオニクス,4110.0,-11.77228232869654,0
7357,ジオコード,1141.0,-11.744686117384976,72
3779,ジェイ・エスコムホールディングス,203.0,-11.074119502365516,80
3541,農業総合研究所,522.0,-10.994407311417271,44
9424,日本通信,147.0,-10.976532929598788,0
3905,データセクション,2529.0,-10.71806820588858,4
3106,倉敷紡績,7140.0,-10.571142284569138,0
7157,ライフネット生命保険,2144.0,-10.435291168852876,0
5255,モンスターラボ,217.0,-10.375020650916902,62
5344,ＭＡＲＵＷＡ,38130.0,-10.285730419560672,0
299A,ｄｅｌｙ,1801.0,-10.18531447607269,0
4680,ラウンドワン,1391.0,-10.174613834788444,0
7694,いつも,812.0,-10.169041508098058,87
4375,セーフィー,964.0,-9.9233788076995,0
5580,プロディライト,1652.0,-9.894185665975789,98
4593,ヘリオス,517.0,-9.754224270353305,0
281A,インフォメティス,1570.0,-9.72861085556578,49
3182,オイシックス・ラ・大地,1595.0,-9.716981132075476,0
7513,コジマ,1092.0,-9.59017524492893,0
168A,イタミアート,1160.0,-9.488139825218472,14
5258,トランザクション・メディア・ネットワークス,417.0,-9.481635842667362,0
6573,アジャイルメディア・ネットワーク,120.0,-9.3929326487466,62
3989,シェアリングテクノロジー,1047.0,-9.3569276586903,0
5930,文化シヤッター,2365.0,-9.298008774890317,0
3562,Ｎｏ．１,2110.0,-9.236381155580018,0
4427,ＥｄｕＬａｂ,350.0,-9.204109162602474,0
3983,オロ,2689.0,-9.167680043237404,0
4776,サイボウズ,3590.0,-9.118525644271172,0
9229,サンウェルズ,733.0,-9.106691136352367,68
2404,鉄人化ホールディングス,529.0,-9.09403354412977,0
3195,ジェネレーションパス,464.0,-9.06953045386846,25
7806,ＭＴＧ,4180.0,-9.06717716672468,1
2134,北浜キャピタルパートナーズ,66.0,-9.04079382579934,79
4685,菱友システムズ,7040.0,-8.996897621509824,0
5618,ナイル,435.0,-8.99581589958159,0
253A,ＥＴＳグループ,1026.0,-8.9747684445864,63
7447,ナガイレーベン,2027.0,-8.964340249708071,0
177A,コージンバイオ,1572.0,-8.920253076548706,0
3850,エヌ・ティ・ティ・データ・イントラマート,3660.0,-8.896301090257383,0
9601,松竹,12820.0,-8.845278725824802,0
6141,ＤＭＧ森精機,3014.0,-8.780000605308553,0
8914,エリアリンク,2320.0,-8.62256392481843,0
4419,Ｆｉｎａｔｅｘｔホールディングス,1190.0,-8.593725996251582,0
3079,ディーブイエックス,1059.0,-8.539745051300661,31
7721,東京計器,4140.0,-8.4070796460177,0
3777,環境フレンドリーホールディングス,62.0,-8.33826138379657,55
6707,サンケン電気,7762.0,-8.324278357821129,0
9264,ポエック,1683.0,-8.072555133252923,0
6501,日立製作所,3832.0,-8.004401320396127,0
5885,ジーデップ・アドバンス,3005.0,-7.968883988729629,78
9973,ＫＯＺＯホールディングス,26.0,-7.932011331444754,55
350A,デジタルグリッド,10520.0,-7.922837236984917,79
4760,アルファ,2055.0,-7.921856797204057,70
9168,ライズ・コンサルティング・グループ,1058.0,-7.830086768651784,0
7359,東京通信グループ,472.0,-7.762057375127028,80
3698,ＣＲＩ・ミドルウェア,1401.0,-7.71480515374278,0
3560,ほぼ日,3065.0,-7.691844356101677,0
3607,クラウディアホールディングス,349.0,-7.652413209144797,0
6029,アトラグループ,211.0,-7.634389774120118,103
9428,クロップス,1498.0,-7.599784111645117,1
7760,ＩＭＶ,1736.0,-7.50607390989302,0
3691,デジタルプラス,1309.0,-7.499010684606246,71
7805,プリントネット,685.0,-7.457443934071878,0
6537,ＷＡＳＨハウス,439.0,-7.383966244725738,79
3763,プロシップ,3005.0,-7.3685897831099485,136
4194,ビジョナル,11025.0,-7.309322033898303,99
2485,ティア,536.0,-7.285684632948178,0
9554,ＡＶｉＣ,2005.0,-7.270372768476544,0
7571,ヤマノホールディングス,130.0,-7.195888063963459,78
3660,アイスタイル,574.0,-7.11372904395107,84
4307,野村総合研究所,5555.0,-6.986323389548977,0
4594,ブライトパス・バイオ,77.0,-6.824782187802518,57
3349,コスモス薬品,8758.0,-6.73890727560048,0
4391,ロジザード,1179.0,-6.718779669599346,0
6146,ディスコ,38160.0,-6.671693960114536,0
148A,ハッチ・ワーク,2390.0,-6.615819827141591,80
7011,三菱重工業,3540.0,-6.60911959309013,1
7013,ＩＨＩ,15150.0,-6.603703795033663,0
2138,クルーズ,608.0,-6.576521204671168,0
8209,フレンドリー,363.0,-6.558896210873151,0
276A,ククレブ・アドバイザーズ,6570.0,-6.447570769493652,172
3664,モブキャストホールディングス,54.0,-6.444906444906443,60
6031,ＺＥＴＡ,392.0,-6.41711229946524,72
5616,雨風太陽,1125.0,-6.390414378432348,0
4709,ＩＤホールディングス,2235.0,-6.3050222184958535,0
2164,地域新聞社,670.0,-6.293706293706294,78
6517,デンヨー,2788.0,-6.260769672601958,0
7366,ＬＩＴＡＬＩＣＯ,1302.0,-6.212182331585317,0
4046,大阪ソーダ,1769.0,-6.171765604446891,0
3035,ケイティケイ,622.0,-6.138709482706578,0
3370,フジタコーポレーション,348.0,-6.128614587829096,0
9861,吉野家ホールディングス,3149.0,-6.108745691557244,0
4056,ニューラルグループ,790.0,-6.0865430337612985,62
9684,スクウェア・エニックス・ホールディングス,10050.0,-6.064231502598416,0
367A,プリモグローバルホールディングス,1939.0,-6.058022131354042,1
7078,ＩＮＣＬＵＳＩＶＥ,505.0,-5.980041703902295,0
7965,象印マホービン,1656.0,-5.951840072694227,46
6208,石川製作所,1513.0,-5.943056073604371,36
1992,神田通信機,2670.0,-5.931594300934346,0
6543,日宣,1238.0,-5.892726830454876,81
9766,コナミグループ,22085.0,-5.865052640552406,35
5834,ＳＢＩリーシングサービス,4845.0,-5.860179536004359,89
4170,Ｋａｉｚｅｎ　Ｐｌａｔｆｏｒｍ,207.0,-5.840611353711791,85
9628,燦ホールディングス,1455.0,-5.820366103099194,0
4761,さくらケーシーエス,1348.0,-5.742175481777745,0
5078,セレコーポレーション,5250.0,-5.738293593794893,101
4722,フューチャー,2202.0,-5.700777690225765,0
4403,日油,2669.0,-5.608329384137671,0
6526,ソシオネクスト,2697.0,-5.606227119047446,75
9722,藤田観光,10730.0,-5.60228032515747,71
6637,寺崎電気産業,3815.0,-5.513176144244103,78
2698,キャンドゥ,3590.0,-5.461631642702904,0
6367,ダイキン工業,18165.0,-5.4310138378400925,48
3168,ＭＥＲＦ,536.0,-5.373914271590999,0
4177,ｉ‐ｐｌｕｇ,1275.0,-5.373311563010248,0
6237,イワキポンプ,2392.0,-5.355786275006336,0
6564,ミダックホールディングス,1955.0,-5.279172076978238,0
4431,スマレジ,3260.0,-5.276615527661551,0
4437,ｇｏｏｄｄａｙｓホールディングス,706.0,-5.229810996563578,0
7928,旭化学工業,590.0,-5.223928548480368,0
7356,Ｒｅｔｔｙ,228.0,-5.221150648486865,79
9327,イー・ロジット,349.0,-5.214557305812056,0
7878,光・彩,1250.0,-5.205363101377183,48
245A,ＩＮＧＳ,3055.0,-5.200769564947555,94
5631,日本製鋼所,8802.0,-5.165986459056094,98
7735,ＳＣＲＥＥＮホールディングス,10890.0,-5.11457698004705,0
1945,東京エネシス,1647.0,-5.098301334501119,91
9412,スカパーＪＳＡＴホールディングス,1351.0,-5.09441384736428,0
3353,メディカル一光グループ,3020.0,-5.085171915268092,101
5619,マーソ,1039.0,-5.076012278906588,68
3911,Ａｉｍｉｎｇ,262.0,-5.072463768115942,0
6721,ウインテスト,119.0,-5.012771392081738,35
9072,ニッコンホールディングス,3153.0,-4.996735800733194,0
7865,ピープル,534.0,-4.98220640569395,0
7077,ＡＬｉＮＫインターネット,1035.0,-4.951695257686521,0
3810,サイバーステップ,342.0,-4.9471928849360784,41
3542,ベガコーポレーション,2115.0,-4.901079136690647,103
5805,ＳＷＣＣ,7920.0,-4.889999039292928,1
3675,クロス・マーケティンググループ,702.0,-4.878048780487805,0
4498,サイバートラスト,2742.0,-4.860378615444398,31
5707,東邦亜鉛,663.0,-4.85074626865671,0
7426,山大,1257.0,-4.844814534443604,46
6227,ＡＩメカテック,3830.0,-4.806879753442364,56
6190,フェニックスバイオ,404.0,-4.806786050895377,68
4166,かっこ,793.0,-4.801920768307324,82
6508,明電舎,5650.0,-4.7886532790338485,1
9780,ハリマビステム,847.0,-4.771541644180614,77
8946,ＡＳＩＡＮ　ＳＴＡＲ,106.0,-4.744787922358016,98
6407,ＣＫＤ,2408.0,-4.73025368339426,0
3680,ホットリンク,292.0,-4.724614983033156,0
6496,中北製作所,4935.0,-4.715013901760886,89
6706,電気興業,2069.0,-4.624490623789951,0
8275,フォーバル,1400.0,-4.624356214404454,40
4440,ヴィッツ,1321.0,-4.615429050053438,89
6061,ユニバーサル園芸社,5740.0,-4.613134804573257,103
9467,アルファポリス,1427.0,-4.540832708979992,0
9029,ヒガシホールディングス,1643.0,-4.530029750836744,0
4766,ピーエイ,274.0,-4.4763631292706645,0
4487,スペースマーケット,389.0,-4.469548133595282,81
3932,アカツキ,2869.0,-4.466022003782729,0
6699,ダイヤモンドエレクトリックホールディングス,568.0,-4.428590658231264,0
7049,識学,851.0,-4.424977538185082,0
4326,インテージホールディングス,1795.0,-4.417559479435133,0
3670,協立情報通信,2165.0,-4.406570116566591,54
3967,エルテス,690.0,-4.35264762960909,0
3496,アズーム,9210.0,-4.349451645064798,35
9435,光通信,39350.0,-4.346346443677378,0
5597,ブルーイノベーション,2532.0,-4.31706874659894,70
4113,田岡化学工業,1362.0,-4.297478849883364,82
3549,クスリのアオキホールディングス,3880.0,-4.275056250740146,95
4362,日本精化,2614.0,-4.191528977114461,72
2931,ユーグレナ,456.0,-4.145295552005387,28
3648,ＡＧＳ,1246.0,-4.144997999815376,83
215A,タイミー,2150.0,-4.135975316128351,92
6333,帝国電機製作所,3200.0,-4.116977287708997,0
3193,エターナルホスピタリティグループ,2987.0,-4.088211872896817,0
4674,クレスコ,1640.0,-4.080104810031817,0
3963,シンクロ・フード,561.0,-4.063205417607222,0
4251,恵和,1123.0,-4.056455471259655,63
3548,バロックジャパンリミテッド,758.0,-3.997162976847858,0
3198,ＳＦＰホールディングス,2152.0,-3.9662989539823688,0
3774,インターネットイニシアティブ,2750.5,-3.9515864313500857,0
8279,ヤオコー,9163.0,-3.938087609973743,0
3661,エムアップホールディングス,2232.0,-3.925619834710736,42
3744,サイオス,492.0,-3.913756737754856,66
7065,ユーピーアール,763.0,-3.894598952035465,0
2130,メンバーズ,1224.0,-3.891453877320264,24
6912,菊水ホールディングス,1571.0,-3.8343821160108775,60
3045,カワサキ,1438.0,-3.815282534246573,2
4343,イオンファンタジー,3670.0,-3.8112919078300713,1
4031,片倉コープアグリ,971.0,-3.804240142659003,4
3480,ジェイ・エス・ビー,3815.0,-3.792807787360672,0
3521,エコナックホールディングス,155.0,-3.774521976657569,0
9259,タカヨシホールディングス,695.0,-3.750721292556266,0
3770,ザッパラス,405.0,-3.745603194219981,30
6469,放電精密加工研究所,1660.0,-3.739098162924477,32
6867,リーダー電子,511.0,-3.737472684801452,0
277A,グロービング,2901.0,-3.726172144639735,82
7059,コプロ・ホールディングス,2154.0,-3.71721289492034,1
5032,ＡＮＹＣＯＬＯＲ,4630.0,-3.6580798202172407,0
4553,東和薬品,2970.0,-3.6522397339893535,0
2186,ソーバル,920.0,-3.640705517616992,0
2653,イオン九州,2906.0,-3.6331560307206607,87
3826,システムインテグレータ,420.0,-3.6255162918770094,101
7777,スリー・ディー・マトリックス,223.0,-3.6134163208852064,69
9686,東洋テック,1609.0,-3.609405421596525,1
5074,テスホールディングス,377.0,-3.590425531914899,7
7946,光陽社,1896.0,-3.589952201769547,32
4978,リプロセル,188.0,-3.589743589743589,0
3753,フライトソリューションズ,226.0,-3.567161631677766,0
3495,香陵住販,2400.0,-3.5633347798833053,96
8836,ＲＩＳＥ,39.0,-3.5608308605341192,54
2371,カカクコム,2691.0,-3.507576681176991,96
9692,シーイーシー,2246.0,-3.5016111707841038,0
9621,建設技術研究所,2907.0,-3.498871331828445,78
6387,サムコ,2777.0,-3.475842891901286,0
3063,ジェイグループホールディングス,752.0,-3.426311193301478,1
6466,ＴＶＥ,2457.0,-3.421329853304192,83
8276,平和堂,2885.0,-3.414797455641112,1
1828,田辺工業,2446.0,-3.3888932775100784,99
2686,ジーフット,280.0,-3.3816425120772986,0
4199,ワンダープラネット,1245.0,-3.371519046288539,100
202A,豆蔵デジタルホールディングス,1795.0,-3.353290833907648,80
9602,東宝,9260.0,-3.350784465987,74
6081,アライドアーキテクツ,224.0,-3.331607112031762,0
2329,東北新社,666.0,-3.32694652499564,40
7135,ジャパンクラフトホールディングス,225.0,-3.300670448684892,103
7832,バンダイナムコホールディングス,5070.0,-3.291521699322476,31
7811,中本パックス,1953.0,-3.278526148969891,73
3539,ＪＭホールディングス,2821.0,-3.2685027706150267,99
3992,ニーズウェル,525.0,-3.2650353773584952,42
9345,ビズメイツ,2316.0,-3.2403616370594404,0
5801,古河電気工業,8507.0,-3.2301364128604746,76
7068,フィードフォースグループ,557.0,-3.191045606229146,68
211A,カドス・コーポレーション,4560.0,-3.188824253747184,103
7581,サイゼリヤ,5250.0,-3.179403953968716,89
4481,ベース,3510.0,-3.1724137931034484,89
4668,明光ネットワークジャパン,740.0,-3.17177849890087,0
2767,円谷フィールズホールディングス,2197.0,-3.169790032262049,4
2195,アミタホールディングス,367.0,-3.1560059109140752,0
9065,山九,8181.0,-3.142358199236356,1
7725,インターアクション,1347.0,-3.132550914739382,53
7111,ＩＮＥＳＴ,57.0,-3.127124405166559,48
4373,シンプレクス・ホールディングス,4275.0,-3.109559856760796,101
6750,エレコム,1850.0,-3.106865271405524,1
6460,セガサミーホールディングス,3105.0,-3.105613321183827,0
4433,ヒト・コミュニケーションズ・ホールディングス,1112.0,-3.105503467986485,51
9755,応用地質,2950.0,-3.104594484516442,0
2124,ジェイエイシーリクルートメント,1061.0,-3.0873218852758457,139
4826,ＣＩＪ,482.0,-3.064918349288072,0
9746,ＴＫＣ,4350.0,-3.057586022463893,0
155A,情報戦略テクノロジー,817.0,-3.0428178106902104,83
3903,ｇｕｍｉ,612.0,-3.0172413793103394,0
7363,ベビーカレンダー,1665.0,-3.003681782168986,88
6532,ベイカレント,8271.0,-2.996767731735813,42
6597,ＨＰＣシステムズ,1862.0,-2.9945610269447984,86
9240,デリバリーコンサルティング,521.0,-2.9722884386174084,56
4771,エフアンドエム,2630.0,-2.953461941521157,0
3796,いい生活,509.0,-2.9514948139109247,16
7422,東邦レマック,588.0,-2.950278522797607,1
7067,ブランディングテクノロジー,1005.0,-2.9435624058407712,62
6161,エスティック,1010.0,-2.9406111858543063,77
4175,ｃｏｌｙ,2036.0,-2.916324934673552,101
5368,日本インシュレーション,1052.0,-2.9090372120496144,81
6840,ＡＫＩＢＡホールディングス,322.0,-2.8833393654240567,76
4475,ＨＥＮＮＧＥ,1743.0,-2.879621993893065,34
6222,島精機製作所,1074.0,-2.8511469715608926,51
7219,エッチ・ケー・エス,2153.0,-2.8359448335619963,56
7358,ポピンズ,1437.0,-2.818730218843838,85
3628,データホライゾン,537.0,-2.801911381407475,0
5947,リンナイ,3717.0,-2.7798120985122776,2
5273,三谷セキサン,8690.0,-2.778295730001872,1
3167,ＴＯＫＡＩホールディングス,1057.0,-2.7706232982559325,101
5817,ＪＭＡＣＳ,454.0,-2.750406991688796,0
6786,ＲＶＨ,94.0,-2.731788079470199,101
341A,トヨコー,3015.0,-2.714318903430648,103
3222,ユナイテッド・スーパーマーケット・ホールディングス,967.0,-2.696719661903799,35
9165,クオルテック,1470.0,-2.695403516204196,66
3180,ビューティガレージ,1691.0,-2.692593569424801,1
5969,ロブテックス,1219.0,-2.6908365208714398,0
7134,アップガレージグループ,1131.0,-2.677864592296828,0
9238,バリュークリエーション,1610.0,-2.6766931837415657,0
2533,オエノンホールディングス,587.0,-2.646941754013539,101
9342,スマサポ,1205.0,-2.64671664943123,33
9946,ミニストップ,1982.0,-2.6388697856286734,101
6351,鶴見製作所,3895.0,-2.60552110422084,95
3150,グリムス,2459.0,-2.601517816119264,93
1773,ワイ・ティー・エル・コーポレーション・バーハッド,87.0,-2.59740259740259,64
3271,ＴＨＥグローバル社,1109.0,-2.596261944912868,152
4168,ヤプリ,1025.0,-2.5961684658658903,79
8844,コスモスイニシア,1413.0,-2.5947168146473345,203
6703,沖電気工業,1547.0,-2.591678420310301,1
6083,ＥＲＩホールディングス,2874.0,-2.5855173068319006,45
5576,オービーシステム,2761.0,-2.570363887869469,0
9441,ベルパーク,2408.0,-2.559039186804996,85
8225,タカチホ,3750.0,-2.536646221020894,0
4288,アズジェント,544.0,-2.529921880599155,0
9661,歌舞伎座,4550.0,-2.515319021296646,0
8066,三谷商事,2169.0,-2.5010788262370487,0
7637,白銅,2309.0,-2.4882597385046825,3
7460,ヤギ,3200.0,-2.472326522650799,89
2379,ディップ,2378.0,-2.438624130235003,51
5578,ＡＲアドバンストテクノロジ,2787.0,-2.426898946896712,99
3042,セキュアヴェイル,325.0,-2.414124429497964,79
3402,東レ,971.7999877929688,-2.409339195870756,0
3843,フリービット,1586.0,-2.4048046865385047,26
8904,ＡＶＡＮＴＩＡ,838.0,-2.3992546005124646,82
2153,Ｅ・Ｊホールディングス,1767.0,-2.390790374969616,36
9312,ケイヒン,2670.0,-2.388496222276389,1
4958,長谷川香料,2941.0,-2.3235114382123987,0
2927,ＡＦＣ－ＨＤアムスライフサイエンス,862.0,-2.294160319187524,0
6503,三菱電機,3520.0,-2.27877385772123,1
8023,ＤＡＩＫＯ　ＸＴＥＣＨ,1073.0,-2.276867030965392,85
4754,トスネット,1458.0,-2.265719265317064,51
7974,任天堂,13325.0,-2.264959145652711,92
4728,トーセ,669.0,-2.261570827489484,65
7383,ネットプロテクションズホールディングス,811.0,-2.251470446437174,68
9360,鈴与シンワート,2993.0,-2.2444900252145787,0
9254,ラバブルマーケティンググループ,1426.0,-2.224294451605829,61
6233,ＫＬＡＳＳ,431.0,-2.1877269426289003,0
9687,ＫＳＫ,4280.0,-2.185402085416369,1
3563,ＦＯＯＤ　＆　ＬＩＦＥ　ＣＯＭＰＡＮＩＥＳ,8044.0,-2.180627775642924,155
5946,長府製作所,1872.0,-2.178002591864892,0
7514,ヒマラヤ,859.0,-2.1684661291057314,0
4450,パワーソリューションズ,2015.0,-2.1540672830393968,79
3771,システムリサーチ,2062.0,-2.145026575550485,100
5011,ニチレキグループ,2802.0,-2.138835724563773,96
3306,日本製麻,842.0,-2.138540213854019,64
2488,ＪＴＰ,1526.0,-2.1343184033656546,67
1968,太平電業,6310.0,-2.0976850989883915,93
3280,エストラスト,1170.0,-2.07238273795574,103
3559,ピーバンドットコム,526.0,-2.063007373203255,0
9731,白洋舎,3470.0,-2.049342290972729,149
7220,武蔵精密工業,3125.0,-2.04867162326509,79
7616,コロワイド,1925.0,-2.0296404869508624,103
3536,アクサスホールディングス,132.0,-1.989901989901995,2
5955,ワイズホールディングス,85.0,-1.970206631427193,1
1949,住友電設,6740.0,-1.955079716047941,97
4931,新日本製薬,2366.0,-1.9396551724138005,22
6481,ＴＨＫ,4009.0,-1.938242373246184,9
8056,ＢＩＰＲＯＧＹ,6248.0,-1.9287759304837024,96
3927,フーバーブレイン,887.0,-1.928265003759238,0
3132,マクニカホールディングス,2015.0,-1.905420273204352,63
3994,マネーフォワード,6249.0,-1.8767311714495745,89
6579,ログリー,390.0,-1.862103673880216,0
9347,日本管財ホールディングス,2775.0,-1.861623120340633,74
1776,三井住建道路,1479.0,-1.8475750577367156,0
7046,ＴＤＳＥ,1564.0,-1.8461377543015576,1
5698,エンビプロ・ホールディングス,497.0,-1.8097044412833931,0
6018,阪神内燃機工業,3075.0,-1.7973480493600122,1
9434,ソフトバンク,229.3000030517578,-1.7970312592530624,24
3490,アズ企画設計,2894.0,-1.789107889449958,42
3984,ユーザーローカル,2022.0,-1.7683637776914154,83
5699,イボキン,1351.0,-1.7597440372309516,0
6744,能美防災,3940.0,-1.7505361328611997,97
9257,ＹＣＰホールディングス（グローバル）リミテッド　ＪＤＲ,770.0,-1.7491626349088252,1
6626,ＳＥＭＩＴＥＣ,2359.0,-1.7427233801502868,86
7779,ＣＹＢＥＲＤＹＮＥ,194.0,-1.7423014586709875,40
8871,ゴールドクレスト,3380.0,-1.7384731670446008,0
2742,ハローズ,5060.0,-1.736124597040425,103
9735,セコム,5529.0,-1.7304260658756223,34
6125,岡本工作機械製作所,4580.0,-1.7251738048236125,84
3065,ライフフーズ,1635.0,-1.7120734845023695,0
6663,太洋テクノレックス,290.0,-1.7082429501084666,60
2152,幼児活動研究会,1402.0,-1.696816715748145,43
4091,日本酸素ホールディングス,5385.0,-1.6962642754914288,0
9972,アルテック,240.0,-1.6876945764378193,0
2305,スタジオアリス,2107.0,-1.6835582432760294,0
4293,セプテーニ・ホールディングス,412.0,-1.680030546009932,0
255A,ジーエルテクノホールディングス,3045.0,-1.6663437318349128,56
6099,エラン,818.0,-1.65905265688867,84
6134,ＦＵＪＩ,2718.0,-1.6514451954668434,76
3804,システム　ディ,2079.0,-1.6463241555492565,0
3907,シリコンスタジオ,977.0,-1.6350529579960544,72
7522,ワタミ,1005.0,-1.6210501585809884,0
4634,ａｒｔｉｅｎｃｅ,3120.0,-1.619959796618186,1
6457,グローリー,3729.0,-1.6063833155667224,81
6540,船場,1816.0,-1.5995491785513016,95
8273,イズミ,3257.0,-1.5976410020907132,0
2344,平安レイサービス,993.0,-1.589629747086336,85
9143,ＳＧホールディングス,1644.0,-1.5851731238925348,63
7162,アストマックス,246.0,-1.5842534805568922,0
3245,ディア・ライフ,1322.0,-1.584182002263115,101
9816,ストライダーズ,271.0,-1.5833817547937297,26
7466,ＳＰＫ,2341.0,-1.5741410336186767,83
3148,クリエイトＳＤホールディングス,3435.0,-1.5702905610636764,102
2692,伊藤忠食品,10250.0,-1.5596788444546852,101
9057,遠州トラック,3110.0,-1.530343007915572,1
6459,大和冷機工業,1652.0,-1.5189450842931074,0
9145,ビーイングホールディングス,4065.0,-1.5118476522750313,99
6092,エンバイオ・ホールディングス,648.0,-1.5017936401775394,70
7442,中山福,410.0,-1.489668428640074,71
4719,アルファシステムズ,3695.0,-1.4719214975201276,69
6183,ベルシステム２４ホールディングス,1323.0,-1.471595817569781,70
3054,ハイパー,304.0,-1.4650589913133611,0
7610,テイツー,144.0,-1.4238773274917935,0
5210,日本山村硝子,2833.0,-1.4180078294910832,1
8714,池田泉州ホールディングス,642.0,-1.4127764127764195,96
9028,ゼロ,3215.0,-1.4106102422569764,1
6932,遠藤照明,2228.0,-1.4089493061455742,0
5571,エキサイトホールディングス,1277.0,-1.4051883878937652,14
2053,中部飼料,1738.0,-1.400140694851026,101
1997,暁飯島工業,2943.0,-1.371350438349556,67
6823,リオン,2625.0,-1.3588059342542296,60
8386,百十四銀行,4900.0,-1.3568466400934018,82
3202,ダイトウボウ,112.0,-1.3389711064129637,57
2139,中広,449.0,-1.3100052751890232,58
5301,東海カーボン,1011.0,-1.3073119975655882,0
4102,丸尾カルシウム,1350.0,-1.304246110656211,0
7745,Ａ＆Ｄホロンホールディングス,1996.0,-1.2936661787395696,1
2669,カネ美食品,3275.0,-1.2840607668193849,0
7172,ジャパンインベストメントアドバイザー,1865.0,-1.280965488037267,40
3543,コメダホールディングス,3045.0,-1.2773959278952176,63
9980,ＭＲＫホールディングス,99.0,-1.2764260071798974,71
6074,ジェイエスエス,550.0,-1.2709126157823003,79
5246,ＥＬＥＭＥＮＴＳ,1088.0,-1.2704174228675136,0
4733,オービックビジネスコンサルタント,8617.0,-1.2676966510992598,2
3758,アエリア,334.0,-1.2652240747309842,81
4951,エステー,1581.0,-1.2615538346240347,94
5202,日本板硝子,530.0,-1.2575687005123428,1
9932,杉本商事,1832.0,-1.248409840660648,2
6962,大真空,581.0,-1.2375059495478298,60
1965,テクノ菱和,4675.0,-1.2337854396416876,89
2157,コシダカホールディングス,1374.0,-1.2306630628558206,72
2502,アサヒグループホールディングス,1887.5,-1.2255876750465782,0
6804,ホシデン,2284.0,-1.2127817857822514,75
4845,スカラ,421.0,-1.2108128402478,46
8167,リテールパートナーズ,1460.0,-1.1991446282110296,53
6247,日阪製作所,1376.0,-1.197690783238078,0
9854,愛眼,192.0,-1.193906957595715,43
8200,リンガーハット,2282.0,-1.191589594374588,31
2212,山崎製パン,3361.0,-1.1679879554917725,23
7649,スギホールディングス,3770.0,-1.167119323007875,154
9996,サトー商会,2049.0,-1.1653707383896976,43
3440,日創グループ,1101.0,-1.1634169988150416,88
4814,ネクストウェア,164.0,-1.1333494092114755,0
1950,日本電設工業,2759.0,-1.105439738479631,95
9221,フルハシＥＰＯ,1100.0,-1.1040385514438786,0
2303,ドーン,2513.0,-1.1034851871674576,72
9982,タキヒヨー,1736.0,-1.091638369151535,86
4461,第一工業製薬,5540.0,-1.078494393257618,80
4382,ＨＥＲＯＺ,1091.0,-1.055648262352182,0
6368,オルガノ,11020.0,-1.052329131199949,83
9706,日本空港ビルデング,4928.0,-1.0465611270411133,81
3415,ＴＯＫＹＯ　ＢＡＳＥ,523.0,-1.0444259441459136,72
7922,三光産業,402.0,-1.0437179992122907,18
4262,ニフティライフスタイル,1401.0,-1.0369575045208002,51
3156,レスター,2625.0,-1.0136205258156517,72
4707,キタック,375.0,-1.0136205258156412,77
8699,ＨＳホールディングス,1062.0,-1.0067114093959688,108
8025,ツカモトコーポレーション,1330.0,-1.0063117780159567,100
6364,ＡＩＲＭＡＮ,2039.0,-1.0040394624407596,42
3183,ウイン・パートナーズ,1327.0,-1.0009325458501763,0
1380,秋川牧園,1010.0,-0.9803921568627452,38
3676,デジタルハーツホールディングス,967.0,-0.9748904272313912,26
4914,高砂香料工業,8080.0,-0.9609727397528884,101
7970,信越ポリマー,1821.0,-0.957250081583809,82
7679,薬王堂ホールディングス,2279.0,-0.9561060408518036,94
1723,日本電技,5130.0,-0.9499536607970308,96
6378,木村化工機,985.0,-0.9373240003218328,82
4409,東邦化学工業,799.0,-0.93240093240093,81
8203,ＭｒＭａｘＨＤ,867.0,-0.9324009324009288,43
9989,サンドラッグ,4644.0,-0.9292681053682595,24
9258,ＣＳ－Ｃ,436.0,-0.9278545729975342,1
7255,桜井製作所,597.0,-0.9227296866701982,56
1799,第一建設工業,3225.0,-0.9153171605965518,1
6580,ライトアップ,2545.0,-0.9126162184049482,83
7815,東京ボード工業,601.0,-0.9101101365165174,0
4396,システムサポートホールディングス,2823.0,-0.907035846168972,92
8132,シナネンホールディングス,6560.0,-0.9003565170100967,41
4275,カーリット,1341.0,-0.8927779584355638,74
4397,チームスピリット,540.0,-0.8883341898539078,72
9537,北陸瓦斯,3700.0,-0.8840075006697026,24
3034,クオールホールディングス,2093.0,-0.8770932787754784,27
3396,フェリシモ,845.0,-0.8727887006710212,92
6180,ＧＭＯメディア,4980.0,-0.8718499940284282,40
6930,日本アンテナ,887.0,-0.8717031738936025,80
3011,バナーズ,147.0,-0.8632317237658492,17
3075,銚子丸,1568.0,-0.8623959940315179,43
6566,要興業,1160.0,-0.8614795569533645,63
9647,協和コンサルタンツ,6170.0,-0.861237868757638,0
1446,キャンディル,561.0,-0.8553654743390414,0
1827,ナカノフドー建設,770.0,-0.8498583569405128,34
3993,ＰＫＳＨＡ　Ｔｅｃｈｎｏｌｏｇｙ,3520.0,-0.8450704225352111,72
6118,アイダエンジニアリング,929.0,-0.836855813159134,3
3435,サンコーテクノ,1277.0,-0.8324791103656095,60
6923,スタンレー電気,2926.5,-0.8302270416807861,98
3891,ニッポン高度紙工業,2072.0,-0.8213827567060376,40
8194,ライフコーポレーション,2471.0,-0.8140393693201967,103
2307,クロスキャット,1134.0,-0.8116996711216826,31
7607,進和,3325.0,-0.8114074339239848,49
9887,松屋フーズホールディングス,6800.0,-0.8110158118910141,52
2424,ブラス,682.0,-0.8028857342331833,98
1810,松井建設,1405.0,-0.7964526788488133,101
7236,ティラド,6550.0,-0.7936507936507883,93
2321,ソフトフロントホールディングス,186.0,-0.7894175378707008,60
4629,大伸化学,1545.0,-0.7892976588628811,1
9033,広島電鉄,641.0,-0.7801374527892954,54
3030,ハブ,774.0,-0.7743192656786785,62
2687,シー・ヴイ・エス・ベイエリア,611.0,-0.7472384665367159,69
7971,東リ,575.0,-0.7319936468475949,78
3636,三菱総合研究所,4825.0,-0.7242500308629237,35
7417,南陽,1326.0,-0.6989515726410328,1
2916,仙波糖化工業,764.0,-0.6966829572631815,66
6458,新晃工業,1284.0,-0.6960556844547563,41
9034,南総通運,1434.0,-0.6925207756232686,99
9068,丸全昭和運輸,7280.0,-0.6877735462968267,1
1981,協和日成,1543.0,-0.6746144140896579,76
6964,サンコー,568.0,-0.6715165081141634,0
3010,ポラリス・ホールディングス,220.0,-0.668231894527718,1
9857,英和,2362.0,-0.6661507923157212,56
4801,セントラルスポーツ,2556.0,-0.6622516556291377,41
1783,ｆａｎｔａｓｉｓｔａ,60.0,-0.6622516556291367,56
6590,芝浦メカトロニクス,9970.0,-0.6615918058267869,73
6635,大日光・エンジニアリング,511.0,-0.6609642301710688,43
6307,サンセイ,410.0,-0.6590424500872328,89
372A,レント,6200.0,-0.641025641025641,17
9543,静岡ガス,1155.0,-0.6366139022711709,26
9252,ラストワンマイル,3925.0,-0.625867150076456,29
3113,ＵＮＩＶＡ・Ｏａｋホールディングス,79.0,-0.6039255158530498,0
3947,ダイナパック,2180.0,-0.6036731046305823,95
5162,朝日ラバー,622.0,-0.5881600818309599,99
6845,アズビル,1463.0,-0.5843979342212496,92
3284,フージャースホールディングス,1316.0,-0.5741915986702862,101
7486,サンリン,693.0,-0.5681818181818235,86
7837,アールシーコア,395.0,-0.5638908468432206,66
6136,オーエスジー,2015.5,-0.5496782852406003,57
6718,アイホン,2816.0,-0.5453055688978066,83
9006,京浜急行電鉄,1574.0,-0.5434095791735062,43
3302,帝国繊維,3050.0,-0.5205547365262442,86
7097,さくらさくプラス,2641.0,-0.5063214840041611,100
2226,湖池屋,4795.0,-0.5062870896792057,22
9979,大庄,1227.0,-0.5059842366449361,44
4430,東海ソフト,1607.0,-0.5052131058223384,19
4345,シーティーエス,915.0,-0.493905478272686,1
1766,東建コーポレーション,14330.0,-0.4833467596322145,103
5973,トーアミ,535.0,-0.4728315634446872,0
4512,わかもと製薬,308.0,-0.4653567735263694,20
8018,三共生興,632.0,-0.4599004599004535,3
3436,ＳＵＭＣＯ,1212.5,-0.4499252861294945,53
2376,サイネックス,799.0,-0.4485422377273889,16
4178,Ｓｈａｒｉｎｇ　Ｉｎｎｏｖａｔｉｏｎｓ,802.0,-0.4419285962560139,3
9369,キユーソー流通システム,3465.0,-0.4253117995287137,79
2332,クエスト,1478.0,-0.4231007626593346,79
4615,神東塗料,132.0,-0.4224502112251073,0
4641,アルプス技研,2926.0,-0.4206428075525166,25
4100,戸田工業,1405.0,-0.4195843846568248,51
4569,杏林製薬,1543.0,-0.4156340355225148,40
4591,リボミック,106.0,-0.4133784291619671,26
6028,テクノプロ・ホールディングス,4824.0,-0.4120595545793118,98
9563,Ａｔｌａｓ　Ｔｅｃｈｎｏｌｏｇｉｅｓ,319.0,-0.3996503059822571,1
9715,トランス・コスモス,3655.0,-0.3978635273599278,84
9310,日本トランスシティ,1157.0,-0.3945763684625804,1
5018,ＭＯＲＥＳＣＯ,1312.0,-0.39175195116767,72
3571,ソトー,787.0,-0.3898339408667528,50
7955,クリナップ,749.0,-0.3883391850196775,51
2464,Ａｏｂａ‐ＢＢＴ,349.0,-0.3654219481557533,89
3040,ソリトンシステムズ,1373.0,-0.3570599163957321,100
6312,フロイント産業,1075.0,-0.3522432332220944,50
7570,橋本総業ホールディングス,1304.0,-0.3484746591673248,73
2374,セントケア・ホールディング,793.0,-0.3368188216368327,32
7902,ソノコム,904.0,-0.3351561121890946,42
4659,エイジス,2975.0,-0.3269944652166411,102
8700,丸八証券,1630.0,-0.3180039138943276,48
7039,ブリッジインターナショナル,1958.0,-0.3160730574234704,1
5532,リアルゲイト,2823.0,-0.3148633140099408,1
3479,ティーケーピー,1966.0,-0.3083039227617504,15
7792,コラントッテ,1475.0,-0.3081997350563644,95
9948,アークス,3075.0,-0.2918287937743191,63
4180,Ａｐｐｉｅｒ　Ｇｒｏｕｐ,1543.0,-0.2843479384774519,1
3551,ダイニック,930.0,-0.2830674215131226,79
9303,住友倉庫,3120.0,-0.2812579902838207,89
2721,ジェイホールディングス,202.0,-0.2764612954186425,39
3355,クリヤマホールディングス,1557.0,-0.2690238278247531,93
2317,システナ,487.0,-0.2621446710903524,97
7972,イトーキ,2409.0,-0.2600112616342701,95
9672,東京都競馬,5170.0,-0.2585175753366446,74
7864,フジシールインターナショナル,2893.0,-0.2571432675870245,1
2894,石井食品,316.0,-0.2525252525252561,48
8929,青山財産ネットワークス,2023.0,-0.2465483234714004,23
9324,安田倉庫,2094.0,-0.2382086707956169,83
9021,西日本旅客鉄道,3377.0,-0.2351578748345633,102
8848,レオパレス２１,720.0,-0.2327901563019551,48
4444,インフォネット,1107.0,-0.2235281393085065,79
4507,塩野義製薬,2592.0,-0.217888407258835,76
3834,朝日ネット,697.0,-0.2176029319131852,25
3073,ＤＤグループ,1689.0,-0.2174067159770343,84
7896,セブン工業,516.0,-0.2165841584158424,2
9162,ブリーチ,377.0,-0.2117522498676578,23
9367,大東港運,780.0,-0.2098152602220954,47
3991,ウォンテッドリー,1333.0,-0.2096122173978106,30
9708,帝国ホテル,998.0,-0.2,80
7524,マルシェ,200.0,-0.1996007984031964,14
2411,ゲンダイエージェンシー,441.0,-0.1991490902507457,98
6651,日東工業,3445.0,-0.1969986673619613,49
8217,オークワ,964.0,-0.1946411562512937,1
4483,ＪＭＤＣ,4219.0,-0.1892595221197066,72
6087,アビスト,3395.0,-0.1881578173693212,89
9658,ビジネスブレイン太田昭和,2839.0,-0.1842319916743939,32
3319,ゴルフダイジェスト・オンライン,427.0,-0.1776697213390665,0
9478,ＳＥホールディングス・アンド・インキュベーションズ,362.0,-0.1764835649680086,83
5609,日本鋳造,877.0,-0.1730182579793268,65
9733,ナガセ,1945.0,-0.1724527294750405,63
1841,サンユー建設,1120.0,-0.1675758548151414,20
8739,スパークス・グループ,1557.0,-0.1615881809787615,31
2449,プラップジャパン,1101.0,-0.1595995502194485,100
5986,モリテック　スチール,206.0,-0.155098875533149,82
7980,重松製作所,812.0,-0.1524765136982943,0
9432,ＮＴＴ,159.0,-0.146535641997378,1
1914,日本基礎技術,668.0,-0.1435063381966091,10
6772,東京コスモス電機,9200.0,-0.138937130948238,100
6185,ＳＭＮ,449.0,-0.1334519572953787,17
2004,昭和産業,3025.0,-0.1333755909463052,33
9535,広島ガス,383.0,-0.114750678072188,59
1966,高田工業所,1572.0,-0.1118340788938587,91
7936,アシックス,3907.0,-0.1002321704356026,76
3103,ユニチカ,207.0,-0.096525096525091,68
2734,サーラコーポレーション,1020.0,-0.0901147984171099,100
1718,美樹工業,7600.0,-0.0893937003733525,99
2354,ＹＥ　ＤＩＧＩＴＡＬ,674.0,-0.088941595019274,88
9386,日本コンセプト,3045.0,-0.0853130332064545,60
6617,東光高岳,3010.0,-0.0836508969235053,95
9974,ベルク,7420.0,-0.0754147812971391,25
5928,アルメタックス,282.0,-0.070871722182845,69
3497,ＬｅＴｅｃｈ,1494.0,-0.0695633561643811,0
9466,アイドママーケティングコミュニケーション,250.0,-0.0639590661976321,4
4187,大阪有機化学工業,2942.0,-0.0625033969237508,51
1921,巴コーポレーション,1515.0,-0.0606892184284179,174
3088,マツキヨココカラ＆カンパニー,3164.0,-0.0606458786071686,3
9436,沖縄セルラー電話,5210.0,-0.053713934929408,85
9769,学究社,2341.0,-0.0529407746430673,43
7605,フジ・コーポレーション,2817.0,-0.0525105730748495,75
1814,大末建設,2534.0,-0.0504875201161291,103
5906,エムケー精工,540.0,-0.0462748727440999,1
1938,日本リーテック,2021.0,-0.0415463142484033,101
7093,アディッシュ,595.0,-0.0403198709764144,9
6616,トレックス・セミコンダクター,1639.0,-0.0390329584543009,61
6844,新電元工業,3010.0,-0.0385233597683236,51
6905,コーセル,1210.0,-0.0330469266358303,92
4118,カネカ,4362.0,-0.0330014850668188,79
7379,サーキュレーション,897.0,-0.0312054208273864,91
9164,トライト,876.0,-0.0182615047479876,96
3951,朝日印刷,907.0,-0.0132286797777586,45
7163,住信ＳＢＩネット銀行,4875.0,-0.0123061777012134,69
9301,三菱倉庫,1228.0,-0.0048857547676779,84
8604,野村ホールディングス,1047.0,-0.0034381372948646,63
1788,三東工業社,0.0,0.0,0
9696,ウィザス,0.0,0.0,0
5271,トーヨーアサノ,0.0,0.0,0
3177,ありがとうサービス,0.0,0.0,0
9720,ホテル、ニューグランド,0.0,0.0,0
4556,カイノス,0.0,0.0,0
5900,ダイケン,0.0,0.0,0
7413,創健社,0.0,0.0,0
5533,エリッツホールディングス,0.0,0.0,0
5971,共和工業所,0.0,0.0,0
3184,ＩＣＤＡホールディングス,0.0,0.0,0
6408,小倉クラッチ,0.0,0.0,0
9265,ヤマシタヘルスケアホールディングス,0.0,0.0,0
7531,清和中央ホールディングス,0.0,0.0,0
6411,中野冷機,0.0,0.0,0
7292,村上開明堂,0.0,0.0,0
4624,イサム塗料,0.0,0.0,0
6647,森尾電機,0.0,0.0,0
6396,宇野澤組鐵工所,0.0,0.0,0
9049,京福電気鉄道,0.0,0.0,0
1795,マサル,0.0,0.0,0
9311,アサガミ,0.0,0.0,0
9913,日邦産業,0.0,0.0,0
5199,不二ラテックス,0.0,0.0,0
9425,ＲｅＹｕｕ　Ｊａｐａｎ,0.0,0.0,0
7036,イーエムネットジャパン,0.0,0.0,0
9060,日本ロジテム,0.0,0.0,0
6265,コンバム,0.0,0.0,0
3600,フジックス,0.0,0.0,0
4341,西菱電機,0.0,0.0,0
8818,京阪神ビルディング,1587.0,0.0075620084694426,96
2914,日本たばこ産業,4709.0,0.0084950940831592,24
6977,日本抵抗器製作所,850.0,0.0094126506024144,5
8392,大分銀行,4815.0,0.012462612163517,95
6973,協栄産業,3915.0,0.0204384037606709,67
7183,あんしん保証,166.0,0.0241021932995854,14
3946,トーモク,3345.0,0.0299043062200956,95
5959,岡部,944.0,0.0309064417855052,1
3944,古林紙工,2150.0,0.0372231528010507,91
2612,かどや製油,3725.0,0.0483455092393688,43
8133,伊藤忠エネクス,1985.0,0.0483861212475573,85
2693,ＹＫＴ,245.0,0.0490035935968656,15
3668,コロプラ,524.0,0.0611060189428754,5
6662,ユビテック,256.0,0.0625390869293295,81
6297,鉱研工業,760.0,0.0631978091426187,88
9941,太洋物産,1003.0,0.0638493156151469,99
8255,アクシアル　リテイリング,1162.0,0.065447280493265,145
4588,オンコリスバイオファーマ,656.0,0.0793311771526182,21
7732,トプコン,3296.0,0.0862393567272815,195
9936,王将フードサービス,3865.0,0.0880464056349723,101
5952,アマテイ,184.0,0.0906618313689884,1
5621,ヒューマンテクノロジーズ,2457.0,0.0977756049865595,100
1821,三井住友建設,599.0,0.1002673796791481,102
6284,日精エー・エス・ビー機械,6910.0,0.1043054992177061,79
6336,石井表記,694.0,0.1096301425191839,97
7840,フランスベッドホールディングス,1286.0,0.1276900557476175,1
6302,住友重機械工業,3360.0,0.1299305050601413,46
3647,ジー・スリーホールディングス,152.0,0.1317523056653416,64
1871,ピーエス・コンストラクション,1850.0,0.1342340001732061,103
2433,博報堂ＤＹホールディングス,1199.5,0.1385827823415549,83
7212,エフテック,765.0,0.1413760603204577,81
4665,ダスキン,3984.0,0.1468015363886858,61
4725,ＣＡＣ　Ｈｏｌｄｉｎｇｓ,2107.0,0.1502015362384902,25
7986,日本アイ・エス・ケイ,1657.0,0.1547351369647703,100
3223,エスエルディー,997.0,0.1567146186610891,68
8291,日産東京販売ホールディングス,510.0,0.1571091908876691,48
6264,マルマエ,1530.0,0.1663984287623825,1
7871,フクビ化学工業,863.0,0.1692702036078779,1
7590,タカショー,450.0,0.1780943900267167,85
6373,大同工業,1341.0,0.1792917974002757,91
6504,富士電機,9257.0,0.1821756461824347,1
2291,福留ハム,1090.0,0.1948744346802855,45
4690,日本パレットプール,1968.0,0.1995845383080156,101
3358,ワイエスフード,100.0,0.2004008016032092,1
2340,極楽湯ホールディングス,496.0,0.202020202020202,12
3688,ＣＡＲＴＡ　ＨＯＬＤＩＮＧＳ,2097.0,0.2102647424256949,101
6937,古河電池,1398.0,0.220801192899946,31
8891,ＡＭＧホールディングス,2197.0,0.2226155502436048,101
7611,ハイデイ日高,3730.0,0.2310958241521983,101
6677,エスケーエレクトロニクス,2877.0,0.2355203746028283,91
7981,タカラスタンダード,2677.0,0.2396465213809664,101
8030,中央魚類,3680.0,0.2397036391370718,70
5974,中国工業,553.0,0.2492635395422615,1
2221,岩塚製菓,3040.0,0.2532714225411512,18
4994,大成ラミックグループ,2580.0,0.2564700396362753,49
9025,鴻池運輸,3355.0,0.2569925890509176,73
8163,ＳＲＳホールディングス,1297.0,0.2659327746683613,57
1433,ベステラ,1225.0,0.2684739547523141,100
3082,きちりホールディングス,910.0,0.2688527480276846,25
1930,北陸電気工事,1446.0,0.2690483454913675,45
8725,ＭＳ＆ＡＤインシュアランスグループホールディングス,3466.0,0.269622875128741,22
7567,栄電子,500.0,0.2727418578533638,53
6890,フェローテック,3745.0,0.273106993681049,75
4524,森下仁丹,2215.0,0.2734318412284497,46
7609,ダイトロン,4045.0,0.2776538251772477,99
2573,北海道コカ・コーラボトリング,3485.0,0.2819981583793791,103
7888,三光合成,885.0,0.2855588795213468,53
6277,ホソカワミクロン,5600.0,0.2865329512893982,68
2804,ブルドックソース,2134.0,0.2913807688692461,73
7129,ミアヘルサホールディングス,1142.0,0.2986123309327324,61
4119,日本ピグメントホールディングス,3560.0,0.2986420240040544,52
5393,ニチアス,5737.0,0.3021126908310152,89
3674,オークファン,379.0,0.3070082574634832,61
5923,高田機工,1127.0,0.3097408145827416,66
8931,和田興産,1609.0,0.3117206982543641,69
3626,ＴＩＳ,4978.0,0.3119382894174646,101
8793,ＮＥＣキャピタルソリューション,3915.0,0.3125960848621456,22
6859,エスペック,3300.0,0.3161478599221817,82
7477,ムラキ,1339.0,0.3176601036890534,19
3673,ブロードリーフ,745.0,0.3177851987504058,10
2883,大冷,1995.0,0.3198165580497174,80
1787,ナカボーテック,5350.0,0.3203375263692419,1
7014,名村造船所,3285.0,0.32372343024676,68
6702,富士通,3534.0,0.331599627518222,26
2181,パーソルホールディングス,284.79998779296875,0.3353862993749796,3
7446,東北化学薬品,4050.0,0.3419057529359344,55
1724,シンクレイヤ,655.0,0.343158281757462,3
4224,ロンシール工業,1852.0,0.3445959125289817,70
9130,共栄タンカー,1072.0,0.3594967046135333,71
7443,横浜魚類,603.0,0.3594967046135357,40
2326,デジタルアーツ,7700.0,0.359730983786043,22
4829,日本エンタープライズ,121.0,0.3649635036496331,41
8337,千葉興業銀行,1529.0,0.3755054881571364,46
6400,不二精機,287.0,0.3777280358142081,80
1890,東洋建設,1744.0,0.3821890684717099,89
5660,神鋼鋼線工業,1393.0,0.3862673315845536,44
3276,ＪＰＭＣ,1267.0,0.3993787441757238,24
4979,ＯＡＴアグリオ,2410.0,0.4032795627249631,41
1381,アクシーズ,3050.0,0.4082170134316595,12
2820,やまみ,4925.0,0.4118414614255386,3
6392,ヤマダコーポレーション,5140.0,0.4141595686488985,36
7373,アイドマ・ホールディングス,2662.0,0.4164529076259153,89
7380,十六フィナンシャルグループ,5480.0,0.4177966722861574,91
6742,京三製作所,527.0,0.4192073170731794,57
9036,東部ネットワーク,907.0,0.4296217556913805,77
8040,東京ソワール,930.0,0.4319654427645789,101
3925,ダブルスタンダード,1748.0,0.4320647177790024,71
8153,モスフードサービス,3995.0,0.4323998189954199,38
8142,トーホー,3535.0,0.4375497215592707,32
6230,ＳＡＮＥＩ,2038.0,0.4415881402042363,89
5204,石塚硝子,2920.0,0.4471964224286206,1
4097,高圧ガス工業,1086.0,0.4513837501850035,101
2220,亀田製菓,4275.0,0.460591248766282,47
4828,ビジネスエンジニアリング,5860.0,0.4663283500205701,99
9160,ノバレーゼ,327.0,0.4670025808037304,92
3388,明治電機工業,2086.0,0.4758877136196419,85
4247,ポバール興業,1243.0,0.4817952531850252,43
7515,マルヨシセンター,4125.0,0.4823151125401974,71
6776,天昇電気工業,266.0,0.4835297673012891,7
6524,湖北工業,2866.0,0.4937024881483325,69
5380,新東,1692.0,0.4941556590325914,10
1941,中電工,3860.0,0.4946628482166103,43
9757,船井総研ホールディングス,2535.0,0.5058995178888694,29
9719,ＳＣＳＫ,4657.0,0.5067421744159852,101
3341,日本調剤,3920.0,0.5076662735244393,125
5386,鶴弥,413.0,0.5159657320872285,69
3028,アルペン,2409.0,0.5190773441933461,12
6347,プラコー,227.0,0.5314437555358674,22
4662,フォーカスシステムズ,1597.0,0.533830231913984,88
7374,コンフィデンス・インターワークス,1632.0,0.5347066505679757,74
6653,正興電機製作所,1581.0,0.5367044818639705,91
9682,ＤＴＳ,5150.0,0.5388099328439865,86
4171,グローバルインフォメーション,1410.0,0.5419281232173352,40
4189,ＫＨネオケム,2788.0,0.551083412677811,69
6841,横河電機,4260.0,0.5532790754763204,88
4380,Ｍマート,1300.0,0.5569306930693104,34
2776,新都ホールディングス,156.0,0.5673027333677124,56
7525,リックス,3325.0,0.5686286371060487,66
2198,アイ・ケイ・ケイホールディングス,804.0,0.5703992794956401,19
9171,栗林商船,1125.0,0.5721437511174764,35
9934,因幡電機産業,4179.0,0.5747126436781635,60
4386,ＳＩＧグループ,777.0,0.574712643678168,81
8139,ナガホリ,1676.0,0.5857499519877083,86
9627,アインホールディングス,6161.0,0.586441319950108,62
8174,日本瓦斯,2883.0,0.5924592291749541,156
6371,椿本チエイン,2180.0,0.5961939568451591,45
2335,キューブシステム,1195.0,0.5993871434824974,84
5933,アルインコ,1074.0,0.5994754589734068,61
4811,ドリーム・アーツ,4285.0,0.601023618350011,80
4206,アイカ工業,3791.0,0.6082673403961718,89
3908,コラボス,406.0,0.6145915939730417,76
4633,サカタインクス,2265.0,0.6200832947709461,1
5982,マルゼン,3540.0,0.6336985490079909,1
4021,日産化学,5284.0,0.6368844466114014,50
9201,日本航空,3166.0,0.6370074635405397,93
6817,スミダコーポレーション,1044.0,0.6400863731009583,40
5957,日東精工,642.0,0.6598288364800478,1
2918,わらべや日洋ホールディングス,2790.0,0.6609709634589911,101
5186,ニッタ,4080.0,0.6612059607223967,93
4926,シーボン,1204.0,0.6655295809504729,57
5036,日本ビジネスシステムズ,1512.0,0.6711409395973106,96
8898,センチュリー２１・ジャパン,1121.0,0.6789768644920198,17
7681,レオクラン,1090.0,0.6798196999926014,18
8144,デンキョーグループホールディングス,1237.0,0.6902614528050026,52
4212,積水樹脂,2217.0,0.6921735339001426,69
4691,ワシントンホテル,1499.0,0.6959372312983595,26
2292,Ｓ　Ｆｏｏｄｓ,2746.0,0.7026448196447116,29
6047,Ｇｕｎｏｓｙ,705.0,0.7027768255056507,72
9795,ステップ,2366.0,0.7099926787325624,46
4482,ウィルズ,704.0,0.7153075822603719,21
3329,東和フードサービス,2132.0,0.719968253368345,41
6788,日本トリム,4605.0,0.7217847769028871,101
6963,ローム,2090.0,0.7287168414558861,70
4094,日本化学産業,2382.0,0.7307419060184801,88
6832,アオイ電子,2126.0,0.7315593965582621,62
3854,アイル,2874.0,0.737479670237226,85
6071,ＩＢＪ,841.0,0.7426928605654104,3
4099,四国化成ホールディングス,2164.0,0.7467550606156522,82
7975,リヒトラブ,1162.0,0.7491156273843467,4
7224,新明和工業,1757.0,0.7523453448631723,73
9475,昭文社ホールディングス,421.0,0.7562703427149208,46
7512,イオン北海道,928.0,0.760043431053203,1
4220,リケンテクノス,1198.0,0.7603283541918957,73
6361,荏原製作所,3040.0,0.7643506334232681,56
3166,ＯＣＨＩホールディングス,1419.0,0.7669365146996133,67
5285,ヤマックス,2102.0,0.7689505072005198,71
3444,菊池製作所,355.0,0.7721130918587565,62
4151,協和キリン,2633.0,0.7731169626454308,78
9776,札幌臨床検査センター,1074.0,0.773157183606066,89
6159,ミクロン精密,1660.0,0.779115653141754,1
386A,みのや,2232.0,0.7802340702210755,13
5819,カナレ電気,1710.0,0.7826865953133086,90
3851,日本一ソフトウェア,879.0,0.7888822639086359,24
8095,アステナホールディングス,516.0,0.7891241503242481,99
8131,ミツウロコグループホールディングス,2200.0,0.7953670784004752,49
4350,メディカルシステムネットワーク,486.0,0.7964161274265752,16
4848,フルキャストホールディングス,1770.0,0.7972665148063782,25
8308,りそなホールディングス,1474.0,0.79735218895743,81
8230,はせがわ,318.0,0.7987828071510022,31
8157,都築電気,3205.0,0.798842621713426,85
3190,ホットマン,603.0,0.8010029950546708,1
2158,ＦＲＯＮＴＥＯ,883.0,0.8036896661947993,31
1717,明豊ファシリティワークス,1083.0,0.8117064452470518,76
6454,マックス,5650.0,0.8136464206694805,90
6135,牧野フライス製作所,11590.0,0.8141679134337738,70
9063,岡山県貨物運送,3580.0,0.8154884130243517,1
8077,トルク,262.0,0.8157611205171635,53
9445,フォーバルテレコム,552.0,0.8182349503214528,93
2436,共同ピーアール,937.0,0.8220711026943259,80
7021,ニッチツ,1955.0,0.8230877135077171,73
7562,安楽亭,7540.0,0.8290986894891682,89
3326,ランシステム,627.0,0.8297954457738275,60
4479,マクアケ,1160.0,0.8309864052014834,99
137A,Ｃｏｃｏｌｉｖｅ,1416.0,0.8345913920300815,18
4042,東ソー,2333.5,0.8392103989490456,73
4323,日本システム技術,2056.0,0.8456120386901846,21
3943,大石産業,1265.0,0.848241334226227,20
4041,日本曹達,3455.0,0.8523556541537689,75
6286,靜甲,952.0,0.8602788490062302,40
9956,バローホールディングス,2870.0,0.8688072878591844,53
6046,リンクバル,130.0,0.8690254500310403,14
4074,ラキール,1056.0,0.8711600183402004,19
4249,森六,2483.0,0.8742707639306426,31
3577,東海染工,893.0,0.8765984365821688,12
4062,イビデン,6952.0,0.8770147833001467,84
7353,ＫＩＹＯラーニング,736.0,0.8771929824561372,29
8850,スターツコーポレーション,4940.0,0.8780886256891974,87
6670,ＭＣＪ,1423.0,0.8819192377495502,38
9533,東邦瓦斯,4577.0,0.8851976265418189,25
8041,ＯＵＧホールディングス,4040.0,0.8940612357025168,77
219A,Ｈｅａｒｔｓｅｅｄ,3565.0,0.9000339635457993,89
2695,くら寿司,3955.0,0.908302291167013,122
5035,ＨＯＵＳＥＩ,502.0,0.9085792393664032,9
2809,キユーピー,4265.0,0.9094866747425706,101
3191,ジョイフル本田,2184.0,0.9144991432586904,1
3491,ＧＡ　ｔｅｃｈｎｏｌｏｇｉｅｓ,2152.0,0.9172591022490642,96
9248,人・夢・技術グループ,1825.0,0.920170762458808,35
5844,京都フィナンシャルグループ,2875.0,0.9203939932181424,93
5888,ＤＡＩＷＡ　ＣＹＣＬＥ,4090.0,0.9228643340077995,14
7191,イントラスト,1021.0,0.9292210359825996,96
6158,和井田製作所,887.0,0.929262279537261,1
3750,ＡＤＲ１２０Ｓ,924.0,0.935069474788074,50
2459,アウンコンサルティング,258.0,0.938967136150237,10
8046,丸藤シートパイル,3780.0,0.9453613203012362,90
9534,北海道瓦斯,670.0,0.9461821249924623,93
3565,アセンテック,1721.0,0.9502580947911804,102
7504,高速,2926.0,0.9516690146919348,1
5599,Ｓ＆Ｊ,1363.0,0.953989275027413,30
7994,オカムラ,2439.0,0.9553296466770392,89
9842,アークランズ,1839.0,0.9640723822909316,26
6210,ＴＯＹＯイノベックス,666.0,0.9702850212249814,68
3371,ソフトクリエイトホールディングス,2325.0,0.9710593058402583,71
3910,エムケイシステム,324.0,0.9723261032161572,4
5945,天龍製鋸,2047.0,0.9767166535122314,63
7739,キヤノン電子,2632.0,0.9790982474448292,83
9856,ケーユーホールディングス,1191.0,0.9801261615681972,67
6803,ティアック,94.0,0.9883970777825544,80
7004,カナデビア,1021.0,0.9931154546173896,10
9449,ＧＭＯインターネットグループ,3927.0,0.993735147980122,101
7516,コーナン商事,4040.0,1.0101010101010124,56
156A,マテリアルグループ,817.0,1.0238401424473207,72
9869,加藤産業,5860.0,1.041451134560998,133
5596,アウトルックコンサルティング,1335.0,1.0475642617094003,99
3001,片倉工業,2767.0,1.04883357436054,65
3434,アルファＣｏ,1209.0,1.06329621827666,47
9237,笑美面,2790.0,1.0649858726363866,66
4172,東和ハイシステム,2332.0,1.067887109077035,103
2373,ケア２１,420.0,1.0684377707190291,13
8060,キヤノンマーケティングジャパン,5728.0,1.0842557036367673,31
8737,あかつき本社,557.0,1.088929219600726,49
8198,マックスバリュ東海,3280.0,1.0910435801023266,86
4658,日本空調サービス,1260.0,1.0911424903722649,88
8336,武蔵野銀行,3835.0,1.0913116828342495,83
7370,Ｅｎｊｉｎ,841.0,1.0914511010674153,59
1807,佐藤渡辺,1767.0,1.0915831388164174,74
2694,焼肉坂井ホールディングス,74.0,1.092896174863384,28
1379,ホクト,1900.0,1.0960944982441156,34
7189,西日本フィナンシャルホールディングス,2471.0,1.103091602428767,83
9304,澁澤倉庫,4505.0,1.1034224798952754,1
8795,Ｔ＆Ｄホールディングス,3929.0,1.1127810261055695,85
2055,日和産業,327.0,1.1131725417439775,30
3241,ウィル,517.0,1.1187607573149796,56
8127,ヤマトインターナショナル,410.0,1.124704025256512,88
7218,田中精密工業,1056.0,1.1261778901401966,25
7791,ドリームベッド,890.0,1.1317667378755554,42
4107,伊勢化学工業,28080.0,1.138164529606685,85
6572,オープングループ,400.0,1.1429149388085318,65
3232,三重交通グループホールディングス,544.0,1.1453220288561594,33
4539,日本ケミファ,1611.0,1.1502624507120034,45
7089,フォースタートアップス,1955.0,1.154873026057078,85
2207,名糖産業,2188.0,1.161414410415737,45
9351,東洋埠頭,1541.0,1.1685924369747869,82
6882,三社電機製作所,872.0,1.1694820865045528,3
9895,コンセック,1315.0,1.1765460199403772,1
4186,東京応化工業,4547.0,1.177549131301625,82
3091,ブロンコビリー,3935.0,1.1828233479043455,30
6059,ウチヤマホールディングス,327.0,1.1882658744894092,48
1438,岐阜造園,1966.0,1.192069341788314,50
7073,ジェイック,2332.0,1.204735617817598,65
6863,ニレコ,2008.0,1.2055965485262727,10
9513,電源開発,2833.0,1.2074878536724845,46
4992,北興化学工業,1595.0,1.2081524911799768,74
1743,コーアツ工業,1840.0,1.214574898785421,95
9729,トーカイ,2223.0,1.2184460714676093,24
9037,ハマキョウレックス,1535.0,1.218579379104794,64
8115,ムーンバット,1663.0,1.2296079863647458,101
9267,Ｇｅｎｋｙ　ＤｒｕｇＳｔｏｒｅｓ,4735.0,1.2337980490846667,1
3433,トーカロ,2077.0,1.234110582546994,82
197A,タウンズ,569.0,1.238346025193943,16
8160,木曽路,2514.0,1.2435967653597133,103
3372,関門海,253.0,1.2485993276772869,98
3003,ヒューリック,1581.0,1.25528371973869,24
5843,ニッポンインシュア,3105.0,1.2561634186428734,198
3151,バイタルケーエスケー・ホールディングス,1285.0,1.260835303388495,25
6986,双葉電子工業,651.0,1.263066202090593,71
8089,ナイス,1908.0,1.2631355482432838,89
8830,住友不動産,6152.0,1.2674897119341564,25
6643,戸上電機製作所,3900.0,1.2776565908382629,50
5423,東京製鐵,1651.0,1.280887296640745,30
1431,Ｌｉｂ　Ｗｏｒｋ,774.0,1.2823868097356652,41
5237,ノザワ,1015.0,1.2893182181063343,80
6381,アネスト岩田,1594.0,1.291240913019161,82
6835,アライドテレシスホールディングス,188.0,1.2931034482758652,52
7472,鳥羽洋行,3925.0,1.3007794352965492,71
3958,笹徳印刷,550.0,1.3040595299491715,22
6013,タクマ,2275.0,1.3056178974742692,101
369A,エータイ,3160.0,1.308027699410111,26
3484,イノベーションホールディングス,1047.0,1.3082014165731295,55
2830,アヲハタ,3855.0,1.3087354146956844,99
9401,ＴＢＳホールディングス,5445.0,1.3091109358022055,58
7551,ウェッズ,637.0,1.312127236580517,1
6177,ＡｐｐＢａｎｋ,225.0,1.3148414985590722,14
9362,兵機海運,3645.0,1.317545030020016,4
6445,ジャノメ,1173.0,1.3198355388176737,6
1946,トーエネック,1434.0,1.3255702213052196,89
4531,有機合成薬品工業,277.0,1.3315774070822308,67
6330,東洋エンジニアリング,1708.0,1.3337130381128683,57
4496,コマースＯｎｅホールディングス,847.0,1.3400335008375266,24
9625,セレスポ,1104.0,1.347629713949993,52
8135,ゼット,448.0,1.3482942720115778,40
4611,大日本塗料,1297.0,1.3534633658414552,40
9193,東京汽船,1003.0,1.3540824575586072,80
5757,ＣＫサンエツ,4125.0,1.3563320064868007,41
7817,パラマウントベッドホールディングス,2667.0,1.3636778254127562,69
5975,東プレ,2194.0,1.3668039887575631,1
6301,小松製作所,5027.0,1.3704265341679045,65
5352,黒崎播磨,4110.0,1.3763504513837546,72
4216,旭有機材,4485.0,1.3788426763110306,60
8252,丸井グループ,3269.0,1.3794301167305527,103
4078,堺化学工業,2930.0,1.379873500062285,51
8595,ジャフコ　グループ,2601.0,1.381374826548592,92
4208,ＵＢＥ,2372.0,1.382252122103218,77
4769,ＩＣ,1053.0,1.3825772163598455,42
5187,クリエートメディック,999.0,1.3924975641442054,43
2337,いちご,430.0,1.3959630258441842,29
5184,ニチリン,3670.0,1.3980217715643453,41
4428,シノプス,974.0,1.3991838094444966,51
6335,東京機械製作所,400.0,1.3993104846886997,16
8766,東京海上ホールディングス,6464.0,1.4049861634904464,38
2209,井村屋グループ,2577.0,1.4103795117190632,26
7475,アルビス,3125.0,1.4109919779848912,22
2378,ルネサンス,1201.0,1.4118282838517942,45
2359,コア,2006.0,1.4135204545914155,72
1377,サカタのタネ,3650.0,1.4170602945262571,26
2763,エフティグループ,1236.0,1.4245388301713302,57
9059,カンダホールディングス,848.0,1.4252965214791142,1
9685,ＫＹＣＯＭホールディングス,667.0,1.4294403892944003,13
7856,萩原工業,1647.0,1.4362435947970005,59
6086,シンメンテホールディングス,1157.0,1.4378397334736184,68
9744,メイテックグループホールディングス,3319.0,1.440150616770783,87
9782,ディーエムエス,3310.0,1.4403922770456636,212
8418,山口フィナンシャルグループ,1791.0,1.4420517235520032,40
5921,川岸工業,4445.0,1.4423296362225528,55
3591,ワコールホールディングス,5759.0,1.4508582541785224,38
8383,鳥取銀行,1351.0,1.4538463849088266,40
9474,ゼンリン,1094.0,1.4578773602403854,1
4043,トクヤマ,3394.0,1.4648729446935729,90
8045,横浜丸魚,1111.0,1.4648936947468367,74
8354,ふくおかフィナンシャルグループ,4437.0,1.4663105321893095,82
7698,アイスコ,1863.0,1.4683775952593645,14
7322,三十三フィナンシャルグループ,3550.0,1.4691590922083144,82
5592,くすりの窓口,3660.0,1.4693651233712226,168
1934,ユアテック,2675.0,1.4702758474190598,101
9069,センコーグループホールディングス,2069.0,1.4796043488923445,1
6155,高松機械工業,502.0,1.4995787700084289,1
7875,竹田ｉＰホールディングス,1050.0,1.5064851365503833,1
7953,菊水化学工業,396.0,1.5072285450630565,40
3293,アズマハウス,771.0,1.5114809353275778,48
7186,コンコルディア・フィナンシャルグループ,1117.0,1.534008983673019,83
2664,カワチ薬品,2847.0,1.5393175074183922,12
3080,ジェーソン,704.0,1.540414238735353,13
3242,アーバネットコーポレーション,550.0,1.5434606011372891,45
3397,トリドールホールディングス,4962.0,1.5454887771975008,34
2112,塩水港精糖,402.0,1.5459230069718108,66
8393,宮崎銀行,4360.0,1.5464877957890728,82
6147,ヤマザキ,331.0,1.5467212066982037,1
1888,若築建設,5820.0,1.5494137353433868,75
6894,パルステック工業,2000.0,1.5517101307986,52
8059,第一実業,2721.0,1.5525863999402816,65
7932,ニッピ,11580.0,1.5540042796506186,83
4095,日本パーカライジング,1424.0,1.5546997575238877,63
165A,ＳＢＩレオスひふみ,209.0,1.5549076773566513,62
3361,トーエル,822.0,1.5567086730911814,43
4392,ＦＩＧ,302.0,1.5603981705676573,82
3277,サンセイランディック,1271.0,1.56624580469873,101
6433,ヒーハイスト,453.0,1.5695067264573992,54
9511,沖縄電力,1012.0,1.5697137580794076,44
4318,クイック,2350.0,1.5750618095056992,89
8227,しまむら,11240.0,1.576055523423941,108
7427,エコートレーディング,926.0,1.5796401930671322,73
9991,ジェコス,1398.0,1.5840720825461383,93
7851,カワセコンピュータサプライ,266.0,1.5887564925145223,94
8179,ロイヤルホールディングス,2746.0,1.5893216526577496,53
4205,日本ゼオン,1696.0,1.601907432035753,49
7317,松屋アールアンドディ,733.0,1.602350853847852,65
8344,山形銀行,1605.0,1.6054290851079926,82
9651,日本プロセス,1500.0,1.615001083893339,18
3050,ＤＣＭホールディングス,1505.0,1.6150376752099869,42
6554,エスユーエス,1192.0,1.619778346121057,99
6856,堀場製作所,11340.0,1.620187827084372,90
9202,ＡＮＡホールディングス,2990.0,1.6218714738230149,20
2122,インタースペース,953.0,1.6251492919297057,12
8919,カチタス,2691.0,1.6254021964077996,85
160A,アズパートナーズ,3110.0,1.6260162601626087,99
7833,アイフィスジャパン,644.0,1.6349977905435285,99
7827,オービス,1554.0,1.6350555918901242,61
7226,極東開発工業,2762.0,1.6382825264583358,85
9273,コーア商事ホールディングス,768.0,1.6410799364743218,48
2408,ＫＧ情報,650.0,1.6514450143875803,19
9082,大和自動車交通,980.0,1.6597510373443984,1
6455,モリタホールディングス,2283.0,1.661857432937915,53
2120,ＬＩＦＵＬＬ,222.0,1.6669719728888013,73
7923,トーイン,757.0,1.670785430321271,27
8908,毎日コムネット,805.0,1.6773606830697687,38
8542,トマト銀行,1392.0,1.6860006428425274,67
4552,ＪＣＲファーマ,633.0,1.686746987951807,1
9251,ＡＢ＆Ｃｏｍｐａｎｙ,992.0,1.689355420698706,103
7640,トップカルチャー,161.0,1.6927741283476547,101
6675,サクサ,5080.0,1.6935580734275608,85
8214,ＡＯＫＩホールディングス,1813.0,1.693964550145841,86
1944,きんでん,5292.0,1.703514652070976,102
8309,三井住友トラストグループ,4229.0,1.70363814764223,77
9880,イノテック,1531.0,1.7086522108843556,72
8085,ナラサキ産業,3615.0,1.7163759144625774,84
8011,三陽商会,3230.0,1.7194684134282268,31
8306,三菱ＵＦＪフィナンシャル・グループ,2255.0,1.7305471344016228,81
4718,早稲田アカデミー,2772.0,1.7322372284204277,103
1780,ヤマウラ,1407.0,1.7324155483572448,50
5017,富士石油,340.0,1.7354877318970712,48
5079,ノバック,2749.0,1.7363145720894313,1
6988,日東電工,3352.0,1.7397744242232984,49
4809,パラカ,2021.0,1.747991219767607,49
8381,山陰合同銀行,1355.0,1.7481152194154908,40
8118,キング,870.0,1.7543859649122806,145
5134,ＰＯＰＥＲ,1266.0,1.7554012345678944,183
4526,理研ビタミン,2964.0,1.7563614891308774,101
9270,バリュエンスホールディングス,946.0,1.7569021154535718,1
8515,アイフル,477.0,1.7578291663111207,95
3139,ラクト・ジャパン,4120.0,1.7635725929951118,98
6901,澤藤電機,977.0,1.766593058622561,82
9073,京極運輸商事,1320.0,1.7733230531996915,1
3639,ボルテージ,298.0,1.7759562841530014,57
6568,神戸天然物化学,1125.0,1.780479861035724,60
8877,エスリード,5190.0,1.7806714778788864,68
6268,ナブテスコ,3146.0,1.7855337391058177,1
2782,セリア,3090.0,1.7880436930942316,45
3386,コスモ・バイオ,1200.0,1.791530944625398,12
1925,大和ハウス工業,5348.0,1.7937629431112152,26
7643,ダイイチ,1858.0,1.7970633355248715,90
9256,サクシード,840.0,1.7976166431024083,1
3766,システムズ・デザイン,1336.0,1.7982322462663751,85
6417,ＳＡＮＫＹＯ,2986.0,1.8000818219010015,82
4071,プラスアルファ・コンサルティング,2453.0,1.801128818061093,94
8934,サンフロンティア不動産,2296.0,1.8127638440526492,85
6346,キクカワエンタープライズ,6210.0,1.816631689401892,36
8331,千葉銀行,1513.5,1.8273073455602409,51
9007,小田急電鉄,1745.5,1.8283007420544124,26
8151,東陽テクニカ,1604.0,1.8283392585068532,68
9325,ファイズホールディングス,1294.0,1.828826843778527,84
7047,ポート,2179.0,1.837657967546557,60
8359,八十二銀行,1435.0,1.8380526577247955,92
4620,藤倉化成,607.0,1.8388027649151129,59
5816,オーナンバ,1050.0,1.842870999030068,38
2175,エス・エム・エス,1605.5,1.8459781781273727,88
6741,日本信号,1223.0,1.8487674883411096,92
2831,はごろもフーズ,3395.0,1.8540741629665245,40
3375,ＺＯＡ,1691.0,1.8551981688953112,89
8316,三井住友フィナンシャルグループ,4076.0,1.85925629748101,73
8804,東京建物,2817.5,1.861894432393348,24
2224,コモ,3325.0,1.8626309662398195,43
8920,東祥,713.0,1.868785004000463,57
6960,フクダ電子,6950.0,1.8703095684803055,4
9278,ブックオフグループホールディングス,1524.0,1.8716577540106951,24
8343,秋田銀行,3515.0,1.8722466960352395,83
4894,クオリプス,6910.0,1.875331721412983,18
7538,大水,350.0,1.8799272286234023,1
2370,メディネット,39.0,1.8808777429467052,51
3137,ファンデリー,499.0,1.8866383534792568,16
7624,ＮａＩＴＯ,138.0,1.890135853514473,85
4406,新日本理化,235.0,1.8903919528269224,50
5852,アーレスティ,917.0,1.8934174852215613,77
9507,四国電力,1373.0,1.898442950230806,49
2281,プリマハム,2426.0,1.898521505376336,101
5832,ちゅうぎんフィナンシャルグループ,2116.0,1.9061654193274928,81
7368,表示灯,1765.0,1.910018938519096,57
1948,弘電社,2491.0,1.913069093051428,91
2810,ハウス食品グループ本社,2896.0,1.913697116433588,13
8366,滋賀銀行,6610.0,1.9180954730479771,101
1866,北野建設,4375.0,1.9195825373899185,20
3912,モバイルファクトリー,1002.0,1.9204166327610053,35
6941,山一電機,3135.0,1.9220515754840852,82
6838,多摩川ホールディングス,808.0,1.9223976991775584,79
6848,東亜ディーケーケー,829.0,1.922887774171337,48
6734,ニューテック,1911.0,1.928697915555465,44
3420,ケー・エフ・シー,1694.0,1.9376579612468436,98
3920,アイビーシー,1000.0,1.953427674238405,11
6737,ＥＩＺＯ,2258.0,1.95603879567252,64
1833,奥村組,4875.0,1.961850581443993,43
6356,日本ギア工業,713.0,1.9620180757350456,80
4751,サイバーエージェント,1746.5,1.9723013685833044,96
4320,ＣＥホールディングス,748.0,1.974042970880142,54
9536,西部ガスホールディングス,1997.0,1.9834947093189483,49
9262,シルバーライフ,781.0,1.9859622395124925,1
5252,日本ナレッジ,1332.0,1.9908116385911176,5
6806,ヒロセ電機,19510.0,1.99174028961263,55
7494,コナカ,264.0,1.9935095039406685,89
7127,一家ホールディングス,708.0,1.99377665091622,51
7808,シー・エス・ランバー,3390.0,1.9978336743290437,49
8061,西華産業,5840.0,1.9980438731311936,81
7090,リグア,1098.0,1.9991082045184287,95
3817,ＳＲＡホールディングス,4775.0,1.9994018883240137,3
2384,ＳＢＳホールディングス,3485.0,2.0019902827372267,50
7018,内海造船,8570.0,2.004380118072744,59
5161,西川ゴム工業,3095.0,2.00516782239566,55
7634,星医療酸器,4720.0,2.0099416468554137,46
5838,楽天銀行,8074.0,2.011421640471014,20
6306,日工,800.0,2.0147921448609987,65
6420,ガリレイ,3580.0,2.017553858429277,99
7992,セーラー万年筆,127.0,2.024421593830331,10
3864,三菱製紙,695.0,2.025836758661179,17
7621,うかい,3775.0,2.027027027027027,45
3598,山喜,179.0,2.029183766529869,67
3922,ＰＲ　ＴＩＭＥＳ,2876.0,2.0321280581256813,43
6976,太陽誘電,2972.5,2.0390649136658574,51
9978,文教堂グループホールディングス,60.0,2.040816326530617,51
6349,小森コーポレーション,1549.0,2.047538737219348,89
2483,翻訳センター,2059.0,2.051942902458371,42
4767,テー・オー・ダブリュー,373.0,2.057568129583009,25
7326,ＳＢＩインシュアランスグループ,1579.0,2.06060292672838,85
8130,サンゲツ,3130.0,2.067436248614104,49
2585,ライフドリンク　カンパニー,2662.0,2.070552147239264,78
7989,立川ブラインド工業,1845.0,2.0713005377414886,78
2654,アスモ,406.0,2.0716009654062773,76
6571,キュービーネットホールディングス,1326.0,2.072235736059371,102
7305,新家工業,5240.0,2.072619604176399,51
8159,立花エレテック,2975.0,2.07372639437857,82
6305,日立建機,4709.0,2.087271718205305,101
4503,アステラス製薬,1674.0,2.0881104551885645,38
4671,ファルコホールディングス,2525.0,2.089499134766218,38
9355,リンコーコーポレーション,1862.0,2.0900497839770096,64
9767,日建工学,1549.0,2.090583148792578,30
3179,シュッピン,1246.0,2.092793008091229,1
6060,こころネット,1060.0,2.095854523038988,81
6743,大同信号,555.0,2.0971302428256027,45
7809,壽屋,1685.0,2.1014106355131164,101
8713,フィデアホールディングス,1611.0,2.1041957155533053,40
1967,ヤマト,2080.0,2.1089423869928936,95
9622,スペース,1353.0,2.110124977359177,89
1960,サンテック,1020.0,2.1143680922633354,77
9640,セゾンテクノロジー,1980.0,2.118705258597566,71
3799,キーウェアソリューションズ,1013.0,2.1210532682769427,91
9960,東テク,3215.0,2.1218474048662785,95
7877,永大化工,1688.0,2.12765957446809,1
4901,富士フイルムホールディングス,3544.0,2.1278557761025474,22
7886,ヤマト　モビリティ　＆　Ｍｆｇ．,1115.0,2.1286729684179684,68
7636,ハンズマン,836.0,2.130570758405011,15
1762,高松コンストラクショングループ,3375.0,2.136545212444011,52
8630,ＳＯＭＰＯホールディングス,4797.0,2.13684676705048,26
5976,高周波熱錬,1235.0,2.139977256280368,1
3352,バッファロー,1512.0,2.140077821011677,73
2114,フジ日本,1142.0,2.161311099978537,101
1417,ミライト・ワン,2881.5,2.162012678513183,89
7122,近畿車輛,2300.0,2.162287013840761,74
1959,九電工,7231.0,2.1720208893812347,87
8616,東海東京フィナンシャル・ホールディングス,587.0,2.1722481375757186,51
7350,おきなわフィナンシャルグループ,3665.0,2.174519096738221,83
6471,日本精工,776.7000122070312,2.1747836285701783,81
7267,本田技研工業,1671.5,2.1749229791187785,45
8801,三井不動産,1583.5,2.17579269315645,24
8411,みずほフィナンシャルグループ,4810.0,2.183020198672688,71
1964,中外炉工業,4020.0,2.19126544308302,26
9827,リリカラ,652.0,2.19435736677116,74
1852,淺沼組,870.0,2.199041443473361,49
4022,ラサ工業,4515.0,2.2001901398886283,95
2540,養命酒製造,3910.0,2.2008468816979407,230
2060,フィード・ワン,1146.0,2.200977419469916,103
9215,ＣａＳｙ,1011.0,2.2038010513546253,64
8562,福島銀行,246.0,2.210403855742061,54
8572,アコム,472.1000061035156,2.21181229522517,95
7181,かんぽ生命保険,4177.0,2.2121078647286274,78
3679,じげん,532.0,2.213341530894555,73
6144,西部電機,2090.0,2.216483752958895,40
9558,ジャパニアス,2275.0,2.2251379477685704,32
6994,指月電機製作所,480.0,2.2320667916169743,91
3550,スタジオアタオ,227.0,2.233831742028467,72
4384,ラクスル,1331.0,2.2399065937442453,42
5283,高見澤,3290.0,2.240062152013471,1
9083,神姫バス,3860.0,2.2403708199977967,1
9101,日本郵船,5397.0,2.2465701520342214,1
2702,日本マクドナルドホールディングス,6600.0,2.249488752556234,25
1867,植木組,2454.0,2.2534084469482285,101
7120,ＳＨＩＮＫＯ,2410.0,2.2538270934455675,18
9225,ブリッジコンサルティンググループ,1390.0,2.260020010593846,95
9364,上組,4503.0,2.268391504206111,95
3482,ロードスターキャピタル,3030.0,2.272267001498649,17
7544,スリーエフ,527.0,2.2969912649628026,1
7254,ユニバンス,550.0,2.298936091064656,67
9896,ＪＫホールディングス,1273.0,2.300351582119538,1
5232,住友大阪セメント,4030.0,2.305036555645821,20
4465,ニイタカ,2161.0,2.3065123941901544,14
8367,南都銀行,4925.0,2.3100253438032285,96
8065,佐藤商事,1738.0,2.312329283225014,71
7313,テイ・エス　テック,1901.5,2.314794886143514,61
5956,トーソー,559.0,2.3184868822452644,1
8835,太平洋興発,777.0,2.32300884955752,51
4491,コンピューターマネージメント,2967.0,2.323046998937804,99
167A,リョーサン菱洋ホールディングス,2960.0,2.3300836617575915,73
6546,フルテック,1196.0,2.330675245559397,93
7438,コンドーテック,1669.0,2.3348784734996157,101
5831,しずおかフィナンシャルグループ,1944.0,2.335179297129977,96
3945,スーパーバッグ,2610.0,2.3449141243824085,82
4196,ネオマーケティング,1491.0,2.350421483291689,75
8388,阿波銀行,3470.0,2.3538434310660192,51
6599,エブレン,2279.0,2.35520264443806,40
5936,東洋シヤッター,869.0,2.3557126030624262,52
4998,フマキラー,1192.0,2.356254722813772,40
7270,ＳＵＢＡＲＵ,3004.0,2.3600046341413625,31
7187,ジェイリース,1672.0,2.360662160838473,42
5351,品川リフラクトリーズ,1935.0,2.376618979090836,41
4452,花王,6938.0,2.377495248550954,41
7963,興研,1780.0,2.378870841577319,19
5868,ロココ,1025.0,2.3812377641935387,90
6850,チノー,2565.0,2.38213082560311,80
8600,トモニホールディングス,647.0,2.3928594036842448,101
8365,富山銀行,1681.0,2.3976023976023915,60
9107,川崎汽船,2286.5,2.399548573168762,38
8996,ハウスフリーダム,868.0,2.401963097541411,38
8207,テンアライド,293.0,2.4045854886061773,51
7822,永大産業,265.0,2.411501004792089,90
1786,オリエンタル白石,424.0,2.415458937198068,1
153A,カウリス,2137.0,2.4252300613496884,85
3443,川田テクノロジーズ,4045.0,2.430995188655356,100
8362,福井銀行,2008.0,2.438526680950921,69
4996,クミアイ化学工業,862.0,2.438560631268715,51
8097,三愛オブリ,2120.0,2.443173032317919,70
2730,エディオン,2073.0,2.4452439313671235,74
2892,日本食品化工,3655.0,2.4498262137010904,93
6758,ソニーグループ,4105.0,2.45083358290905,21
3071,ストリーム,117.0,2.451838879159367,15
1976,明星工業,1653.0,2.4519040063466844,95
5480,日本冶金工業,4445.0,2.45240400129073,44
6855,日本電子材料,2689.0,2.4568302013320538,82
8254,さいか屋,498.0,2.469135802469136,99
5962,浅香工業,1655.0,2.4714926990351422,1
1808,長谷工コーポレーション,2467.0,2.4765512715067786,97
3877,中越パルプ工業,1761.0,2.4790502793296034,94
1982,日比谷総合設備,4620.0,2.4799254691451176,72
7673,ダイコー通産,1593.0,2.483273288728764,88
3178,チムニー,1315.0,2.484169508037019,1
1721,コムシスホールディングス,3743.0,2.487295189695965,87
6505,東洋電機製造,2022.0,2.487856388595561,1
5218,オハラ,1247.0,2.5001712446058013,1
5632,三菱製鋼,1757.0,2.5015751522647256,49
5463,丸一鋼管,3853.0,2.503937343038349,49
9532,大阪瓦斯,4278.0,2.5053672749578384,101
4627,ナトコ,1499.0,2.5132501282270474,1
2393,日本ケアサプライ,2200.0,2.514398613259773,45
5802,住友電気工業,4084.0,2.5265102827763464,81
9900,サガミホールディングス,1903.0,2.550745464343448,1
7337,ひろぎんホールディングス,1413.5,2.5538707102952944,40
4246,ダイキョーニシカワ,769.0,2.5552117785127453,80
3135,マーケットエンタープライズ,1773.0,2.5590596728290804,35
8125,ワキタ,1853.0,2.566089536376915,34
6678,テクノメディカ,2003.0,2.5664659374871928,95
8550,栃木銀行,473.0,2.567438633012398,93
7467,萩原電気ホールディングス,3570.0,2.568522668505433,40
8923,トーセイ,3195.0,2.5787560840921118,95
6919,ケル,1447.0,2.580462214660435,49
2924,イフジ産業,2401.0,2.585794366967459,42
7983,ミロク,1210.0,2.5875809678841506,65
6058,ベクトル,1151.0,2.588327569610321,60
9531,東京瓦斯,5753.0,2.592909622654961,39
6942,ソフィアホールディングス,1247.0,2.59321420344226,57
8881,日神グループホールディングス,580.0,2.596759357532008,49
8098,稲畑産業,3500.0,2.603189493433401,73
6785,鈴木,2062.0,2.6095264635044515,79
7115,アルファパーチェス,3515.0,2.6097617935544166,196
7228,デイトナ,3945.0,2.6114550278312465,30
8864,空港施設,1061.0,2.6191581553698478,101
3690,イルグルム,650.0,2.6207767603410206,30
5869,早稲田学習研究会,1170.0,2.6243772366851514,86
8742,小林洋行,305.0,2.624495289367433,46
5356,美濃窯業,1184.0,2.624553617862217,79
8566,リコーリース,5800.0,2.6258050817467558,40
6393,油研工業,2931.0,2.6274877799408944,80
4619,日本特殊塗料,2161.0,2.6291293858399407,101
7455,パリミキホールディングス,419.0,2.635704487556337,43
6091,ウエスコホールディングス,756.0,2.6392961876832923,24
7043,アルー,895.0,2.6523297491039424,1
8585,オリエントコーポレーション,1031.0,2.6647016649406505,85
6248,横田製作所,1617.0,2.666666666666667,32
8802,三菱地所,3187.0,2.6680153857057314,101
9366,サンリツ,860.0,2.6694045174538004,49
1893,五洋建設,1078.5,2.673216427714621,103
4272,日本化薬,1435.5,2.673590249763977,40
7949,小松ウオール工業,2665.0,2.673755586376949,89
5103,昭和ホールディングス,56.0,2.6737967914438547,1
4441,トビラシステムズ,1261.0,2.677262808194648,123
7167,めぶきフィナンシャルグループ,910.2999877929688,2.6828606925438763,83
9042,阪急阪神ホールディングス,4468.0,2.6870702698561733,1
6379,レイズネクスト,1930.0,2.6945343095521936,80
5021,コスモエネルギーホールディングス,7212.0,2.6952519821379712,62
8593,三菱ＨＣキャピタル,1222.0,2.695979561651197,78
1897,金下建設,2898.0,2.7120518309539667,55
8173,上新電機,2552.0,2.71271029541979,73
4204,積水化学工業,2837.5,2.720137853140064,49
3692,ＦＦＲＩセキュリティ,6730.0,2.722998962085592,165
8341,七十七銀行,5687.0,2.727601156069364,83
8037,カメイ,2865.0,2.73088452546578,92
4368,扶桑化学工業,4660.0,2.738215970721809,90
8282,ケーズホールディングス,1554.0,2.738367557418455,71
8918,ランド,9.0,2.739726027397263,8
2726,パルグループホールディングス,5350.0,2.746303053581717,40
4752,昭和システムエンジニアリング,1577.0,2.7468661228532016,66
7608,エスケイジャパン,1119.0,2.7548209366391188,96
9502,中部電力,2059.5,2.764333117109929,49
2975,スター・マイカ・ホールディングス,1125.0,2.766004092370649,28
8570,イオンフィナンシャルサービス,1506.5,2.7738361622005185,84
8544,京葉銀行,1223.0,2.780018824794938,83
1835,東鉄工業,4510.0,2.780309936189608,93
6492,岡野バルブ製造,8750.0,2.781562749612358,72
6246,テクノスマート,1907.0,2.7855033094021557,49
2146,ＵＴグループ,2754.0,2.788808933743386,79
7906,ヨネックス,3970.0,2.7890261710699327,81
7459,メディパルホールディングス,2689.0,2.795235255439848,40
5139,オープンワーク,1238.0,2.7965989105885534,92
7921,ＴＡＫＡＲＡ　＆　ＣＯＭＰＡＮＹ,3950.0,2.8056842434022222,31
8137,サンワテクノス,2606.0,2.8072777769011004,83
7532,パン・パシフィック・インターナショナルホールディングス,5499.0,2.80906753914466,1
7520,エコス,2766.0,2.8191631724507147,25
9987,スズケン,6020.0,2.820211515863688,99
1430,ファーストコーポレーション,958.0,2.8205898767870146,22
3023,ラサ商事,1685.0,2.826665364805815,45
4203,住友ベークライト,4940.0,2.826693310020403,82
3076,あい　ホールディングス,2619.0,2.826855123674912,99
8070,東京産業,927.0,2.8354632587859365,73
4334,ユークス,439.0,2.8404099560761344,1
8706,極東証券,1602.0,2.853180615835028,56
2117,ウェルネオシュガー,2501.0,2.8625483260672824,31
9223,ＡＳＮＯＶＡ,633.0,2.866614664586581,14
9906,藤井産業,3370.0,2.868044515103344,1
2602,日清オイリオグループ,5300.0,2.8766644667883035,48
8338,筑波銀行,296.0,2.8777978590296023,43
9872,北恵,949.0,2.8793200641776098,101
9306,東陽倉庫,1745.0,2.8815682806396934,1
9409,テレビ朝日ホールディングス,3145.0,2.885370321905254,73
1861,熊谷組,4835.0,2.885474741456364,42
8360,山梨中央銀行,3100.0,2.905247503717866,83
7800,アミファ,667.0,2.9193926675718984,103
1518,三井松島ホールディングス,6510.0,2.9216467463479443,82
2461,ファンコミュニケーションズ,527.0,2.921646746347949,95
7990,グローブライド,2404.0,2.930346469369233,81
6316,丸山製作所,2296.0,2.931946561463288,52
7351,グッドパッチ,897.0,2.947252444566858,101
8601,大和証券グループ本社,1156.0,2.9513919811908966,62
1768,ソネック,1013.0,2.9555248394178437,84
2270,雪印メグミルク,2958.0,2.961446890271916,13
4917,マンダム,1476.0,2.9690813706886887,79
1882,東亜道路工業,1677.0,2.9693486590038254,49
2342,トランスジェニックグループ,230.0,2.9727793696275007,41
3787,テクノマセマティカル,589.0,2.9792293167354296,5
4045,東亞合成,1551.5,2.9802203637329145,71
6971,京セラ,1984.0,2.984687256683104,25
9635,武蔵野興業,2340.0,2.9857052320259205,47
5997,協立エアテック,688.0,2.987845039219214,45
8361,大垣共立銀行,3165.0,3.0045432651626647,85
6495,宮入バルブ製作所,122.0,3.0057413036136458,103
7182,ゆうちょ銀行,1867.5,3.008339952343128,73
4547,キッセイ薬品工業,4495.0,3.012652184292187,1
8473,ＳＢＩホールディングス,6711.0,3.015399351606242,72
8370,紀陽銀行,2949.0,3.0167956851018687,95
9419,ワイヤレスゲート,283.0,3.0183527984225766,1
9376,ユーラシア旅行社,729.0,3.018483974902495,54
9005,東急,1905.5,3.021161103361778,24
3708,特種東海製紙,4280.0,3.023300596957452,67
6877,ＯＢＡＲＡ　ＧＲＯＵＰ,4295.0,3.027250047975432,82
1840,土屋ホールディングス,260.0,3.027421144396888,50
1879,新日本建設,1919.0,3.0324506582479662,98
8078,阪和興業,6480.0,3.033772180881514,83
6470,大豊工業,690.0,3.0342850316569185,30
5185,フコク,1893.0,3.034987263503951,53
4676,フジ・メディア・ホールディングス,3463.0,3.042169033194866,5
6390,加藤製作所,1423.0,3.0442590661568736,75
8074,ユアサ商事,5080.0,3.046776745506913,41
4370,モビルス,574.0,3.052064631956912,87
6184,鎌倉新書,614.0,3.054716347767715,66
6857,アドバンテスト,11205.0,3.0553307335736952,66
8345,岩手銀行,3755.0,3.057415742672085,68
8439,東京センチュリー,1888.5,3.067183321508489,89
7781,平山ホールディングス,1121.0,3.067191350079061,31
2148,アイティメディア,1700.0,3.067782223838966,16
3097,物語コーポレーション,4360.0,3.0732860520094563,101
9039,サカイ引越センター,2954.0,3.0733586422510024,85
1826,佐田建設,1272.0,3.079416531604538,38
3024,クリエイト,1133.0,3.0824659727782326,52
6486,イーグル工業,2595.0,3.0923739452398795,49
1926,ライト工業,3345.0,3.0943721876348427,103
9691,両毛システムズ,3880.0,3.094381400498205,1
4495,アイキューブドシステムズ,2212.0,3.0947054436987367,101
9414,日本ＢＳ放送,969.0,3.0982678639826364,4
6634,ネクスグループ,153.0,3.0997304582210203,12
4502,武田薬品工業,4533.0,3.100521302437287,18
9246,プロジェクトホールディングス,1334.0,3.10712629463596,9
4447,ピー・ビーシステムズ,639.0,3.1110824243206565,58
7420,佐鳥電機,1892.0,3.122658006495133,1
6996,ニチコン,1357.0,3.140581296363852,48
6037,楽待,1135.0,3.14806063470138,139
8005,スクロール,1130.0,3.151130098221782,84
4395,アクリート,1057.0,3.1541554436506942,90
4259,エクサウィザーズ,506.0,3.155834624480147,78
3104,富士紡ホールディングス,6480.0,3.158430973000504,71
4240,クラスターテクノロジー,363.0,3.1601682391724464,89
8591,オリックス,3836.0,3.165979969233081,71
3449,テクノフレックス,1528.0,3.1791048807497995,101
7399,ナンシン,590.0,3.182931094788396,29
3948,光ビジネスフォーム,1286.0,3.1903967133136466,137
4361,川口化学工業,1511.0,3.190646597645261,75
8358,スルガ銀行,1530.0,3.1915180618879284,77
3839,ＯＤＫソリューションズ,631.0,3.192254857068094,76
9476,中央経済社ホールディングス,633.0,3.195304858167594,95
2288,丸大食品,2036.0,3.197291324534189,49
9768,いであ,3295.0,3.2009521423202147,55
3537,昭栄薬品,1738.0,3.211553993063799,10
9763,丸紅建材リース,3500.0,3.214391035092893,43
8944,ランドビジネス,213.0,3.217677844543509,79
4732,ユー・エス・エス,1823.0,3.222957057437946,95
5334,日本特殊陶業,5409.0,3.226766820867492,62
7278,エクセディ,5280.0,3.2379164711403168,39
1860,戸田建設,1059.5,3.2429693438054192,49
3300,アンビション　ＤＸ　ホールディングス,2737.0,3.244058845718597,38
6809,ＴＯＡ,1160.0,3.246938194246655,85
5131,リンカーズ,204.0,3.2597691840453527,67
1719,安藤・間,1750.0,3.261895770392748,103
6928,エノモト,1645.0,3.266874246685413,38
2001,ニップン,2341.0,3.275159258148184,26
4990,昭和化学工業,498.0,3.2766486934881813,60
5644,メタルアート,3800.0,3.277708322009021,72
2454,オールアバウト,409.0,3.2828282828282838,81
9830,トラスコ中山,2407.0,3.2905352054653365,83
8084,ＲＹＯＤＥＮ,3145.0,3.292213507796995,83
3447,信和,878.0,3.294117647058824,50
3134,Ｈａｍｅｅ,1382.0,3.2977546566209144,26
3733,ソフトウェア・サービス,14650.0,3.3086990860882377,95
8007,高島,1758.0,3.3339603122354946,98
6484,ＫＶＫ,2180.0,3.339084927662643,47
7266,今仙電機製作所,778.0,3.347502656748146,99
3934,ベネフィットジャパン,1976.0,3.349442456955164,93
8015,豊田通商,3952.0,3.3667426921386823,90
2597,ユニカフェ,983.0,3.3779236076055867,94
7481,尾家産業,2249.0,3.390890200621551,71
7088,フォーラムエンジニアリング,1335.0,3.395396387744348,86
4404,ミヨシ油脂,2152.0,3.397908979089781,51
7771,日本精密,102.0,3.40632603406326,87
6914,オプテックスグループ,1923.0,3.4071110537523333,53
7940,ウェーブロックホールディングス,710.0,3.408097873579956,67
6267,ゼネラルパッカー,3110.0,3.4110116656044838,1
6497,ハマイ,1223.0,3.4231979163143134,62
6042,ニッキ,2980.0,3.433434684215644,53
6542,ＦＣホールディングス,1410.0,3.436133689368813,103
1904,大成温調,4385.0,3.4393281751273865,87
9845,パーカーコーポレーション,1204.0,3.443535638188185,82
6494,ＮＦＫホールディングス,103.0,3.4552028927280007,99
3454,ファーストブラザーズ,1124.0,3.46097201767304,59
1802,大林組,2459.5,3.4626002366241617,1
9405,朝日放送グループホールディングス,759.0,3.4680189759528948,57
8584,ジャックス,4385.0,3.468617272298254,75
3248,アールエイジ,890.0,3.4787461631476093,100
7812,クレステック,1831.0,3.48842466992223,23
3116,トヨタ紡織,2442.5,3.488746525659284,44
9831,ヤマダホールディングス,480.6000061035156,3.4892648421121173,63
4028,石原産業,2475.0,3.494129060315122,93
9743,丹青社,1443.0,3.4942766158877725,118
4575,キャンバス,1200.0,3.498240529910986,18
9832,オートバックスセブン,1590.0,3.502148157791951,29
7916,光村印刷,1515.0,3.5232055977696346,51
5938,ＬＩＸＩＬ,1957.5,3.5232272804196927,47
8081,カナデン,2017.0,3.525088281185845,85
3289,東急不動産ホールディングス,1219.0,3.5402439438725293,26
1815,鉄建建設,3470.0,3.56354085835373,95
7462,ＣＡＰＩＴＡ,464.0,3.571428571428571,63
2588,プレミアムウォーターホールディングス,3470.0,3.575905916064718,57
3138,富士山マガジンサービス,972.0,3.5761476492903057,80
4977,新田ゼラチン,993.0,3.5799223932907807,99
2429,ワールドホールディングス,2612.0,3.5817391580216427,83
2353,日本駐車場開発,300.0,3.6054703688354737,101
4886,あすか製薬ホールディングス,2519.0,3.613090047549324,13
7381,北國フィナンシャルホールディングス,6260.0,3.6217969939747103,40
3036,アルコニックス,2184.0,3.6289098086850906,85
2341,アルバイトタイムス,169.0,3.6301201864115695,99
7180,九州フィナンシャルグループ,873.7000122070312,3.632905333453228,52
6402,兼松エンジニアリング,1497.0,3.6359105006645978,76
6113,アマダ,1867.5,3.640601587213492,70
9551,メタウォーター,3055.0,3.642235822556355,95
4825,ウェザーニューズ,4725.0,3.645696235851536,99
4243,ニックス,823.0,3.6523929471032734,93
3294,イーグランド,1705.0,3.6524572623592593,82
3802,エコミック,525.0,3.65661033012162,41
7613,シークス,1329.0,3.662912233627659,82
4169,ＥＮＥＣＨＡＮＧＥ,373.0,3.668704836020008,19
5884,クラダシ,539.0,3.669795353131259,103
6480,日本トムソン,651.0,3.68223227368287,82
9365,トレーディア,1430.0,3.686301806896946,55
7231,トピー工業,2969.0,3.687923447649644,83
6044,三機サービス,1776.0,3.6898645492760416,103
5892,ｙｕｔｏｒｉ,5480.0,3.6936118679987855,84
5951,ダイニチ工業,812.0,3.714741883980846,1
9115,明海グループ,719.0,3.7278550406832527,26
8537,大光銀行,1800.0,3.729657461620029,77
2286,林兼産業,634.0,3.7371555730087103,73
2206,江崎グリコ,5087.0,3.7502651373003335,31
9242,メディア総研,1469.0,3.7722520486013065,17
3437,特殊電極,2840.0,3.7753774646652207,47
2296,伊藤ハム米久ホールディングス,5810.0,3.779651328951136,118
6810,マクセル,2093.0,3.7823793089769513,56
2907,あじかん,1290.0,3.791194644696181,22
3985,テモナ,309.0,3.802741198602524,85
8226,理経,405.0,3.8142110119963073,18
5331,ノリタケ,4665.0,3.818934437174531,49
7419,ノジマ,3525.0,3.835532371893224,1
1720,東急建設,1154.0,3.836740570112304,101
4365,松本油脂製薬,20000.0,3.846473373764223,23
3633,ＧＭＯペパボ,1720.0,3.8471755983287865,82
7813,プラッツ,794.0,3.8505807261693072,19
6748,星和電機,685.0,3.863415817564292,89
4183,三井化学,3733.0,3.871025187262788,50
3816,大和コンピューター,1237.0,3.872766357651475,83
7887,南海プライウッド,6990.0,3.881821424325285,78
7795,ＫＹＯＲＩＴＳＵ,201.0,3.8867066363448473,75
3422,Ｊ－ＭＡＸ,356.0,3.899136119542381,38
7987,ナカバヤシ,581.0,3.920726908492516,49
7327,第四北越フィナンシャルグループ,4080.0,3.922567498726439,93
4284,ソルクシーズ,463.0,3.9235051176153752,101
3929,ソーシャルワイヤー,270.0,3.9260969976905264,5
6339,新東工業,991.0,3.935058941980952,51
3513,イチカワ,1960.0,3.947898767474917,47
8283,ＰＡＬＴＡＣ,4676.0,3.9665599430807457,48
5830,いよぎんホールディングス,2038.5,3.969031152457307,40
6337,テセック,1832.0,3.970397947833196,80
3477,フォーライフ,815.0,3.980607297780052,90
5280,ヨシコン,2375.0,3.9899293963110942,1
2705,大戸屋ホールディングス,5610.0,4.004449388209121,100
256A,飛島ホールディングス,2162.0,4.01631930412024,95
3940,ノムラシステムコーポレーション,149.0,4.021223122032945,79
4625,アトミクス,692.0,4.027560288130279,1
7130,ヤマエグループホールディングス,2800.0,4.030436333372965,44
5992,中央発條,3310.0,4.035705305506666,41
8563,大東銀行,800.0,4.042032981324461,71
3988,ＳＹＳホールディングス,593.0,4.056994454972978,15
9997,ベルーナ,1035.0,4.0619344460084434,41
6997,日本ケミコン,1379.0,4.066046848587306,92
8020,兼松,3110.0,4.067674104214906,85
9503,関西電力,2102.5,4.072823751868607,47
3407,旭化成,1208.5,4.073372373406817,49
4893,ノイルイミューン・バイオテック,186.0,4.073410922112803,71
9142,九州旅客鉄道,4160.0,4.079100116088226,21
5970,ジーテクト,2007.0,4.084014002333722,1
3204,トーア紡コーポレーション,439.0,4.087632776934752,53
6853,共和電業,669.0,4.10182995145027,103
7299,フジオーゼックス,1606.0,4.109944249967593,49
1975,朝日工業社,3130.0,4.132011444540549,89
7849,スターツ出版,4470.0,4.137545429130565,61
4750,ダイサン,613.0,4.145429833503224,39
2991,ランドネット,1310.0,4.156728047578155,59
5132,ｐｌｕｓｚｅｒｏ,3980.0,4.166666666666662,79
2970,グッドライフカンパニー,3560.0,4.16666666666667,19
6998,日本タングステン,1384.0,4.169802799939793,70
9074,日本石油輸送,3435.0,4.169825625473845,1
1929,日特建設,1296.0,4.17001575410733,60
5108,ブリヂストン,6830.0,4.178053461797572,1
6664,オプトエレクトロニクス,303.0,4.180992985834144,83
4839,ＷＯＷＯＷ,1759.0,4.183941813357347,45
7501,ティムコ,1055.0,4.193243076416612,1
7537,丸文,1179.0,4.19413042677762,1
325A,ＴＥＮＴＩＡＬ,4655.0,4.194645894887627,85
4549,栄研化学,2477.0,4.201503917547457,1
6551,ツナググループ・ホールディングス,841.0,4.207969865186365,44
3431,宮地エンジニアリンググループ,2117.0,4.217946950751239,70
4694,ビー・エム・エル,3690.0,4.219623792577532,75
7722,国際計測器,701.0,4.222420457924469,27
5989,エイチワン,1483.0,4.228163391526811,96
6908,イリソ電子工業,3005.0,4.231703087062088,54
7246,プレス工業,667.0,4.231778972371553,49
1333,マルハニチロ,3428.0,4.241421672971429,29
9227,マイクロ波化学,670.0,4.244461040577541,31
3465,ケイアイスター不動産,5430.0,4.250662366086849,25
1969,高砂熱学工業,8809.0,4.250988189069573,95
3566,ユニフォームネクスト,622.0,4.257458933959097,7
5491,日本金属,790.0,4.267487901451831,1
5702,大紀アルミニウム工業所,1168.0,4.278265838154424,49
3494,マリオン,501.0,4.279410540338024,83
7619,田中商事,827.0,4.287515762925599,83
6199,セラク,1685.0,4.305947605605899,8
4401,ＡＤＥＫＡ,3360.0,4.311543810848404,69
218A,Ｌｉｂｅｒａｗａｒｅ,2064.0,4.316183159809971,148
9343,アイビス,3750.0,4.317347279403578,56
3683,サイバーリンクス,1527.0,4.32608220376038,101
7552,ハピネット,6700.0,4.334284972748502,1
8416,高知銀行,928.0,4.344697310425473,47
7265,エイケン工業,4060.0,4.348720057571702,91
4231,タイガースポリマー,982.0,4.352631131514074,48
3662,エイチームホールディングス,1274.0,4.354378952196855,100
8076,カノークス,1974.0,4.362721255313299,51
5388,クニミネ工業,1144.0,4.364326375711567,51
7793,イメージ・マジック,1593.0,4.368677603647994,49
8129,東邦ホールディングス,5597.0,4.369457062513514,60
1418,インターライフホールディングス,442.0,4.383147553372379,35
7277,ＴＢＫ,332.0,4.389384983020997,48
7596,魚力,2605.0,4.390408104382392,25
3192,白鳩,288.0,4.395106479383779,1
9274,ＫＰＰグループホールディングス,832.0,4.396707488456129,85
6239,ナガオカ,1483.0,4.401329128182022,91
6822,大井電気,3850.0,4.409611108097844,51
4019,スタメン,1379.0,4.419069542040215,100
2961,日本調理機,4300.0,4.419621175327829,99
4463,日華化学,1385.0,4.421122470520832,24
5901,東洋製罐グループホールディングス,3610.0,4.427061361746231,1
2666,オートウェーブ,164.0,4.431991849210397,79
8425,みずほリース,1298.0,4.434860968074141,49
4617,中国塗料,3455.0,4.437458436612061,81
7435,ナ・デックス,1027.0,4.437845753335502,101
3892,岡山製紙,1542.0,4.446070064211988,20
4613,関西ペイント,2524.5,4.449390970475306,31
8707,岩井コスモホールディングス,2690.0,4.4708879637109264,49
8551,北日本銀行,3775.0,4.478025019373414,43
3902,メディカル・データ・ビジョン,570.0,4.479800571889445,47
2127,日本Ｍ＆Ａセンターホールディングス,789.0,4.480062309189563,87
5025,マーキュリー,735.0,4.486523370863178,32
3918,ＰＣＩホールディングス,1222.0,4.487311033586431,82
9361,伏木海陸運送,1793.0,4.489615142544113,21
1905,テノックス,1382.0,4.506957047791886,75
3941,レンゴー,944.0999755859376,4.514454792799348,49
5208,有沢製作所,1649.0,4.515924576136904,1
3923,ラクス,2630.0,4.520200615198738,101
9553,マイクロアド,586.0,4.523401826484021,103
5013,ユシロ,2339.0,4.52790390046835,45
1942,関電工,4067.0,4.528631643877861,103
8052,椿本興業,2930.0,4.530859793078844,95
7956,ピジョン,1858.0,4.533537374396593,13
9955,ヨンキュウ,2577.0,4.53852145128838,73
5902,ホッカンホールディングス,2165.0,4.5430767373546415,1
2874,横浜冷凍,1180.0,4.543199376284639,45
9404,日本テレビホールディングス,3944.0,4.546611247773347,33
4064,日本カーバイド工業,2140.0,4.553449286691423,54
6080,Ｍ＆Ａキャピタルパートナーズ,3170.0,4.562486805995361,63
6189,グローバルキッズＣＯＭＰＡＮＹ,785.0,4.566283034953108,64
5125,ファインズ,645.0,4.580462099716255,1
5028,セカンドサイトアナリティカ,587.0,4.589836789965076,75
8219,青山商事,2529.0,4.590570719602978,80
3512,日本フエルト,583.0,4.607765736022384,40
7389,あいちフィナンシャルグループ,3030.0,4.609733193393359,41
9678,カナモト,3655.0,4.6138874577823525,43
9022,東海旅客鉄道,4031.0,4.619776797300804,90
6240,ヤマシンフィルタ,669.0,4.622794945577372,58
4390,ＩＰＳ,2997.0,4.627780648224433,26
5367,ニッカトー,570.0,4.640916434131292,29
7271,安永,722.0,4.643747463621073,94
6745,ホーチキ,3625.0,4.659891442429845,86
3489,フェイスネットワーク,2679.0,4.669698532514417,101
8053,住友商事,4240.0,4.673783167270685,92
6101,ツガミ,2267.0,4.680371622245624,41
2768,双日,3983.0,4.681356573663292,92
6488,ヨシタケ,897.0,4.682102511436841,82
6325,タカキタ,439.0,4.683326974437234,42
1770,藤田エンジニアリング,1650.0,4.692774295068655,47
3320,クロスプラス,1324.0,4.700449168090091,96
3445,ＲＳ　Ｔｅｃｈｎｏｌｏｇｉｅｓ,3530.0,4.704277154891141,71
7173,東京きらぼしフィナンシャルグループ,7130.0,4.711272983610412,96
5195,バンドー化学,2017.0,4.7338814366075335,1
8091,ニチモウ,2613.0,4.734496248316548,89
8002,丸紅,3418.0,4.738674249852908,93
8001,伊藤忠商事,8520.0,4.738816795582278,93
7119,ハルメクホールディングス,1219.0,4.739483090459177,58
5440,共英製鋼,2330.0,4.752998723182324,68
7995,バルカー,3830.0,4.765030909787182,49
1951,エクシオグループ,2240.0,4.772774046287113,85
7628,オーハシテクニカ,2400.0,4.783360402368102,78
2415,ヒューマンホールディングス,1941.0,4.792035589340474,87
2926,篠崎屋,123.0,4.805725971370143,100
6929,日本セラミック,3340.0,4.816539673374089,41
5958,三洋工業,4220.0,4.823018008693849,1
2923,サトウ食品,7720.0,4.83432916892993,9
7110,クラシコム,1791.0,4.837387904188819,101
6592,マブチモーター,2537.0,4.852908355995672,31
9233,アジア航測,1310.0,4.853685086764432,67
2136,ヒップ,1398.0,4.860486048604857,83
9820,エムティジェネックス,3345.0,4.865508809329732,88
7421,カッパ・クリエイト,1663.0,4.866001050972154,1
7456,松田産業,4025.0,4.866864676150284,40
5981,東京製綱,1498.0,4.86830207391419,1
5714,ＤＯＷＡホールディングス,5388.0,4.871421564429353,48
8032,日本紙パルプ商事,715.0,4.8756160525698204,60
9313,丸八倉庫,929.0,4.897671136203247,1
8617,光世証券,498.0,4.9127833487823365,60
6727,ワコム,754.0,4.920405209840813,73
5753,日本伸銅,2305.0,4.92343548005316,31
3020,アプライド,3945.0,4.925793925208782,84
8181,東天紅,1024.0,4.930934131245646,44
4997,日本農薬,1029.0,4.94431526128993,96
9761,東海リース,2383.0,4.952082305686705,103
7804,ビーアンドピー,2600.0,4.957209752946883,82
6231,木村工機,11380.0,5.000922679461155,103
194A,ＷＯＬＶＥＳ　ＨＡＮＤ,896.0,5.00656291018189,17
8029,ルックホールディングス,2651.0,5.0200453198535735,32
6995,東海理化電機製作所,2721.0,5.043314442780149,52
5821,平河ヒューテック,1987.0,5.04557085157225,41
4287,ジャストプランニング,476.0,5.0494350282485865,95
9244,デジタリフト,1289.0,5.049550136914855,63
7291,日本プラスト,431.0,5.079236082893128,1
5943,ノーリツ,2083.0,5.087379424466235,95
8285,三谷産業,424.0,5.096172912948642,50
4626,太陽ホールディングス,7680.0,5.115483319076134,1
7912,大日本印刷,2545.0,5.115771909100677,72
2410,キャリアデザインセンター,2308.0,5.1250751544081465,95
9020,東日本旅客鉄道,3729.0,5.132282292441977,48
7699,オムニ・プラス・システム・リミテッド　ＪＤＲ,880.0,5.1323712128452685,73
8524,北洋銀行,716.0,5.139500734214391,83
2330,フォーサイド,269.0,5.14383989993746,43
7280,ミツバ,961.0,5.156613322390918,1
6045,レントラックス,1492.0,5.162254362964843,48
7483,ドウシシャ,2781.0,5.167223827315489,101
175A,Ｗｉｌｌ　Ｓｍａｒｔ,1190.0,5.179423722821275,56
2503,キリンホールディングス,2248.5,5.188061377245513,19
9220,エフビー介護サービス,1183.0,5.189216104709053,78
2282,日本ハム,5785.0,5.197119581029972,24
6629,テクノホライゾン,429.0,5.198626777832268,45
6493,ＮＩＴＴＡＮ,540.0,5.2057356608478855,85
9509,北海道電力,1160.5,5.211910938628074,49
8387,四国銀行,1430.0,5.236819640281422,42
8101,ＧＳＩクレオス,2390.0,5.239982386613827,74
9064,ヤマトホールディングス,2560.5,5.253962952495954,1
6369,トーヨーカネツ,4495.0,5.259460472086933,78
4072,電算システムホールディングス,3455.0,5.2698931152575845,78
3856,Ａｂａｌａｎｃｅ,1042.0,5.282302065230567,56
1885,東亜建設工業,2211.0,5.283708881735588,97
3612,ワールド,3090.0,5.2882649584298695,40
7347,マーキュリアホールディングス,866.0,5.306678340386204,41
8016,オンワードホールディングス,672.0,5.3225503103253775,71
5406,神戸製鋼所,1865.5,5.325263383732874,32
4337,ぴあ,3490.0,5.345239592504092,1
7177,ＧＭＯフィナンシャルホールディングス,987.0,5.354169335211986,96
7646,ＰＬＡＮＴ,1699.0,5.381332804049024,52
1801,大成建設,10255.0,5.396586130405372,1
2933,紀文食品,1199.0,5.401033791624183,54
8334,群馬銀行,1567.5,5.405078272096409,57
9702,アイ・エス・ビー,1656.0,5.418954404392457,1
3772,ウェルス・マネジメント,1110.0,5.429125033243426,15
8395,佐賀銀行,2946.0,5.431172698121859,70
8006,ユアサ・フナショク,5480.0,5.44139151850997,94
1870,矢作建設工業,2253.0,5.443959788082454,89
2304,ＣＳＳホールディングス,1016.0,5.446695450016608,32
2173,博展,673.0,5.45944590698258,36
8841,テーオーシー,820.0,5.4635250540179054,85
3863,日本製紙,1230.0,5.47075973246441,41
7885,タカノ,810.0,5.474243450179691,55
3678,メディアドゥ,1904.0,5.477752171600787,26
9501,東京電力ホールディングス,740.0,5.488239119686899,57
3131,シンデン・ハイテックス,3135.0,5.493041160793596,82
6376,日機装,1509.0,5.494966442953014,52
3561,力の源ホールディングス,1565.0,5.509411574348742,52
2903,シノブフーズ,1605.0,5.519907431757221,83
6565,ＡＢホテル,1668.0,5.540229303232008,25
3461,パルマ,592.0,5.548423905291686,55
5867,エスネットワークス,1301.0,5.54924549732274,88
4616,川上塗料,2051.0,5.549723131394219,37
6473,ジェイテクト,1475.0,5.569790578164584,51
8887,シーラホールディングス,438.0,5.572695719244121,45
3159,丸善ＣＨＩホールディングス,350.0,5.599806903210235,12
8399,琉球銀行,1362.0,5.604317216139935,77
8715,アニコム　ホールディングス,893.0,5.605487228003782,90
9173,東海汽船,3195.0,5.628215131117833,22
8377,ほくほくフィナンシャルグループ,3709.0,5.634605087777263,99
8141,新光商事,1048.0,5.640901576549337,7
1443,技研ホールディングス,244.0,5.66429932444137,60
7509,アイエーグループ,3975.0,5.6653929224123605,1
5476,日本高周波鋼業,463.0,5.669161949972606,87
3181,買取王国,989.0,5.676505943635635,1
7060,ギークス,624.0,5.676737569435033,103
5191,住友理工,2188.0,5.678020130986647,48
7677,ヤシマキザイ,2852.0,5.6985294117647145,16
7287,日本精機,1762.0,5.70150223710851,1
2937,サンクゼール,1814.0,5.70602769101674,52
6229,オーケーエム,1530.0,5.724315210481212,34
4421,ディ・アイ・システム,1039.0,5.735569486281855,62
9413,テレビ東京ホールディングス,4605.0,5.735672299779578,34
4261,アジアクエスト,2950.0,5.739314952614445,43
3417,大木ヘルスケアホールディングス,1339.0,5.766192733017378,88
9716,乃村工藝社,1071.0,5.7715098364541415,31
3467,アグレ都市デザイン,2198.0,5.789037983943949,82
7539,アイナボホールディングス,800.0,5.790952669568566,1
5333,日本碍子,2356.0,5.791595944356136,48
4316,ビーマップ,1352.0,5.810167793638868,76
9214,Ｒｅｃｏｖｅｒｙ　Ｉｎｔｅｒｎａｔｉｏｎａｌ,1600.0,5.817306420465069,23
6317,北川鉄工所,1609.0,5.841336666228124,89
8346,東邦銀行,416.0,5.852417302798982,40
7239,タチエス,2019.0,5.8708784293984415,73
6644,大崎電気工業,1282.0,5.883907628266544,95
8150,三信電気,2797.0,5.884401641454294,83
8058,三菱商事,3389.0,5.885734638913714,92
5940,不二サッシ,844.0,5.891799658737333,49
3798,ＵＬＳグループ,7920.0,5.8993421404503374,89
5741,ＵＡＣＪ,6340.0,5.899645887619426,55
8012,長瀬産業,3282.0,5.906497663732348,77
1301,極洋,4935.0,5.942209437121639,14
6518,三相電機,988.0,5.954015099519559,74
8368,百五銀行,862.0,5.954078371601365,49
3321,ミタチ産業,1387.0,5.955509380920372,90
7505,扶桑電通,3240.0,5.979038610933172,1
7919,野崎印刷紙業,202.0,6.003358522250209,19
1952,新日本空調,3205.0,6.007885266723111,92
7044,ピアラ,658.0,6.007921057931121,1
1491,中外鉱業,62.0,6.019151846785231,3
9765,オオバ,1127.0,6.032665964172803,26
7490,日新商事,1239.0,6.053343376587807,82
6138,ダイジェット工業,1069.0,6.072633459019651,84
1963,日揮ホールディングス,1463.5,6.084548696685904,72
6969,松尾電機,987.0,6.129032258064516,91
7085,カーブスホールディングス,843.0,6.144547972802815,35
2750,石光商事,1367.0,6.159915506958245,79
8057,内田洋行,11500.0,6.182597133993208,101
7058,共栄セキュリティーサービス,2934.0,6.205838063245688,37
3176,三洋貿易,1647.0,6.212381771281164,1
9381,エーアイテイー,2088.0,6.218460035813121,98
2413,エムスリー,2314.0,6.218900905201698,20
6196,ストライク,4450.0,6.230603962759608,87
7966,リンテック,3465.0,6.24271785122953,73
3452,ビーロット,1739.0,6.259471085691942,63
6383,ダイフク,4734.0,6.281711642943742,38
7184,富山第一銀行,1294.0,6.295590458040358,40
6226,守谷輸送機工業,5060.0,6.302521008403361,102
7425,初穂商事,2097.0,6.308553351989296,12
300A,ＭＩＣ,2758.0,6.335399895129706,143
6535,アイモバイル,684.0,6.343283582089544,101
7372,デコルテ・ホールディングス,456.0,6.3432835820895495,44
4301,アミューズ,1999.0,6.352415407533522,25
8596,九州リースサービス,1446.0,6.354810238305392,89
5541,大平洋金属,2066.0,6.360067783521744,1
6023,ダイハツインフィニアース,3120.0,6.361219063203105,71
285A,キオクシアホールディングス,2629.0,6.361459041330864,10
8917,ファースト住建,1159.0,6.369309838472844,32
1798,守谷商会,4950.0,6.375358166189119,1
4686,ジャストシステム,4695.0,6.375747688961384,68
6824,新コスモス電機,3095.0,6.391023966339876,55
9024,西武ホールディングス,5376.0,6.3914000284976975,78
3659,ネクソン,3397.0,6.400305701202138,97
1847,イチケン,3705.0,6.4043653072946585,93
7762,シチズン時計,1042.0,6.40470549791684,40
3101,東洋紡,1122.0,6.407192443382264,49
3288,オープンハウスグループ,7785.0,6.412352307582955,131
9890,マキヤ,1296.0,6.417920252249893,48
3663,セルシス,1798.0,6.430837713690398,91
7050,フロンティアインターナショナル,2432.0,6.435123590784958,71
8136,サンリオ,7822.0,6.436829156778645,18
3205,ダイドーリミテッド,1065.0,6.4531606093318885,61
5590,ネットスターズ,1117.0,6.486424649176323,67
5105,ＴＯＹＯ　ＴＩＲＥ,3817.0,6.498639819572643,1
1813,不動テトラ,2771.0,6.506464953953546,27
3359,ｃｏｔｔａ,541.0,6.512836667191681,69
4188,三菱ケミカルグループ,867.7000122070312,6.569821112647939,73
4088,エア・ウォーター,2625.5,6.569953402282806,92
4075,ブレインズテクノロジー,924.0,6.584229225303378,67
7279,ハイレックスコーポレーション,2852.0,6.589726723673989,80
9984,ソフトバンクグループ,15505.0,6.591412190125251,62
2009,鳥越製粉,1020.0,6.605351170568567,37
7092,Ｆａｓｔ　Ｆｉｔｎｅｓｓ　Ｊａｐａｎ,1851.0,6.648997464853658,31
184A,学びエイド,661.0,6.654188718213503,71
3861,王子ホールディングス,836.7999877929688,6.73414722675728,95
3924,ランドコンピュータ,950.0,6.779965830410941,85
1429,日本アクア,939.0,6.796779036440562,86
7247,ミクニ,380.0,6.837606837606836,44
1812,鹿島建設,4519.0,6.843265020474933,101
6538,ディスラプターズ,286.0,6.843992827256423,78
3475,グッドコムアセット,1555.0,6.852289593755155,30
6016,ジャパンエンジンコーポレーション,9830.0,6.866411549834758,73
5922,那須電機鉄工,14880.0,6.893480072411714,45
6171,土木管理総合試験所,480.0,6.904231625835189,44
2480,システム・ロケーション,1698.0,6.953892668178388,45
2264,森永乳業,3551.0,6.978453677817406,7
6176,ブランジスタ,798.0,6.981981981981988,60
9633,東京テアトル,1405.0,6.997075667113449,44
7282,豊田合成,3740.0,7.0087385701171945,1
9791,ビケンテクノ,1160.0,7.018968189534276,20
1332,ニッスイ,1055.5,7.046510477823996,49
7208,カネミツ,996.0,7.064539708474871,55
4366,ダイトーケミックス,925.0,7.089932388626472,79
8103,明和産業,847.0,7.112145277960444,49
9275,ナルミヤ・インターナショナル,1785.0,7.117138742198746,73
7988,ニフコ,4362.0,7.119702952790713,39
212A,フィットイージー,3020.0,7.124107890293568,86
6209,リケンＮＰＲ,3010.0,7.140314657934075,43
7727,オーバル,615.0,7.142857142857142,82
7241,フタバ産業,976.0,7.167955024595921,49
7222,日産車体,1216.0,7.193229901269385,22
7080,スポーツフィールド,927.0,7.197372681437625,87
4975,ＪＣＵ,4415.0,7.207032198533344,40
4017,クリーマ,307.0,7.252655114589153,21
9245,リベロ,1950.0,7.256006336354841,13
3553,共和レザー,914.0,7.256853173113035,83
1961,三機工業,5200.0,7.269576697747331,101
3086,Ｊ．フロント　リテイリング,2436.5,7.272423084373837,78
7131,のむら産業,2610.0,7.280260432080492,24
4013,勤次郎,1191.0,7.281833249261361,174
3323,レカム,96.0,7.2865444792132275,93
6770,アルプスアルパイン,1823.0,7.305989828592948,50
7925,前澤化成工業,2302.0,7.325351534817794,36
4319,ＴＡＣ,348.0,7.341147439851947,96
3672,オルトプラス,88.0,7.369448511469018,79
7723,愛知時計電機,2749.0,7.401272093641096,95
8349,東北銀行,1366.0,7.4135816060139,53
5038,ｅＷｅＬＬ,2867.0,7.441051700619086,20
5189,櫻護謨,2290.0,7.45120120120121,48
5444,大和工業,9971.0,7.454457673440173,22
4023,クレハ,3895.0,7.466063348416287,82
6254,野村マイクロ・サイエンス,3175.0,7.475559888428526,31
1435,ｒｏｂｏｔ　ｈｏｍｅ,184.0,7.4766355140186995,31
6262,ＰＥＧＡＳＵＳ,673.0,7.479371839233437,1
6777,ｓａｎｔｅｃ　Ｈｏｌｄｉｎｇｓ,7810.0,7.481008477375322,65
7521,ムサシ,2321.0,7.493516117080409,66
6674,ジーエス・ユアサ　コーポレーション,3370.0,7.500813433454759,92
2814,佐藤食品工業,3100.0,7.528373616005771,29
9562,ビジネスコーチ,2298.0,7.580240440432946,87
3841,ジーダット,1480.0,7.601931018437733,13
2108,日本甜菜製糖,2809.0,7.609678358540579,51
1811,錢高組,6220.0,7.627353266888154,89
4346,ＮＥＸＹＺ．Ｇｒｏｕｐ,1096.0,7.6444589949255235,1
1434,ＪＥＳＣＯホールディングス,1160.0,7.646622123236832,60
5857,ＡＲＥホールディングス,2125.0,7.677807730506515,23
7719,東京衡機,272.0,7.731305449936634,32
6814,古野電気,5440.0,7.735572543272476,83
5034,ｕｎｅｒｒｙ,3770.0,7.736448640863257,85
3096,オーシャンシステム,1504.0,7.739476775838846,98
2998,クリアル,6430.0,7.75211985119148,16
4229,群栄化学工業,3305.0,7.776893677523708,18
3186,ネクステージ,2236.0,7.808827370070523,1
4116,大日精化工業,3995.0,7.833081407903256,89
6570,共和コーポレーション,1303.0,7.860666865335589,77
3847,パシフィックシステム,6830.0,7.905712841253785,91
4464,ソフト９９コーポレーション,2458.0,7.907352450524166,20
248A,キッズスター,2035.0,7.925496934597683,55
7229,ユタカ技研,3050.0,8.002832861189802,88
2499,日本和装ホールディングス,376.0,8.021144564467942,21
1848,富士ピー・エス,586.0,8.0303812403215,103
3921,ネオジャパン,2046.0,8.064141296769698,70
9446,サカイホールディングス,559.0,8.07362152965741,55
5570,ジェノバ,773.0,8.092990735885335,1
7034,プロレド・パートナーズ,775.0,8.161670295316254,79
3201,日本毛織,1634.0,8.243461670950479,20
1972,三晃金属工業,8220.0,8.25475425380604,90
5076,インフロニア・ホールディングス,1515.0,8.269967411811791,47
9876,コックス,238.0,8.280254777070057,73
5121,藤倉コンポジット,1942.0,8.287446853000628,1
3105,日清紡ホールディングス,1150.5,8.325581120572638,82
6633,ＣＧＳホールディングス,384.0,8.327691266079885,26
6022,赤阪鐵工所,3445.0,8.327882873817675,66
7069,サイバー・バズ,857.0,8.34386852085967,13
8789,フィンテック　グローバル,123.0,8.350951374207192,9
4976,東洋ドライルーブ,4590.0,8.356940509915015,68
4673,川崎地質,5090.0,8.440922067408065,85
6676,ＢＵＦＦＡＬＯ,3505.0,8.44409791836836,75
9336,大栄環境,3420.0,8.458494012583715,9
5715,古河機械金属,2868.0,8.490066425577632,47
3441,山王,1130.0,8.507777991165728,101
9322,川西倉庫,1414.0,8.60548711173922,83
4586,メドレックス,111.0,8.6105675146771,51
3089,テクノアルファ,1125.0,8.70405441966528,68
8558,東和銀行,941.0,8.71574472018116,83
1515,日鉄鉱業,8750.0,8.717260573530147,101
1605,ＩＮＰＥＸ,2566.0,8.738028646495458,72
7242,カヤバ,3945.0,8.74359115717514,49
7897,ホクシン,136.0,8.834827144686304,14
4544,Ｈ．Ｕ．グループホールディングス,3753.0,8.837816283622127,1
9519,レノバ,888.0,8.85020838440795,48
8154,加賀電子,3525.0,8.851393915438674,50
3540,歯愛メディカル,1496.0,8.876015254286632,93
3157,ジオリーブグループ,1332.0,8.955272715374802,70
6472,ＮＴＮ,340.6000061035156,8.971079505859874,48
4263,サスメド,918.0,8.98470889923069,62
3153,八洲電機,2269.0,9.011069259743252,40
8522,名古屋銀行,10410.0,9.014367695723196,85
9253,スローガン,872.0,9.043617446978798,87
5602,栗本鐵工所,8450.0,9.066033352263922,88
3392,デリカフーズホールディングス,827.0,9.120177336781548,86
244A,グロースエクスパートナーズ,2350.0,9.12366729819087,83
9241,フューチャーリンクネットワーク,3855.0,9.13260106443211,77
7378,アシロ,2347.0,9.177009098859395,35
6794,フォスター電機,2241.0,9.19349808996647,75
3110,日東紡績,6340.0,9.20490560837811,4
4445,リビン・テクノロジーズ,3990.0,9.213335523074392,24
8364,清水銀行,1961.0,9.296622450117042,52
6027,弁護士ドットコム,3615.0,9.30696661828738,26
9337,トリドリ,2953.0,9.337973933649282,41
6366,千代田化工建設,419.0,9.353794759369446,31
6357,三精テクノロジーズ,2230.0,9.37162811684617,83
4221,大倉工業,5170.0,9.376322247609371,209
8031,三井物産,3617.0,9.393902734091457,85
2983,アールプランナー,2155.0,9.401969743121132,77
7037,テノ．ホールディングス,578.0,9.417889256980596,1
6269,三井海洋開発,7870.0,9.44489512110326,1
7250,太平洋工業,2437.0,9.461183276738709,51
3141,ウエルシアホールディングス,2872.0,9.551418980775104,24
5214,日本電気硝子,4695.0,9.555477773888695,1
3252,地主,3025.0,9.7334474803024,73
3004,神栄,2225.0,9.739977904040405,80
7416,はるやまホールディングス,880.0,9.742790335151987,1
4005,住友化学,454.3999938964844,9.75103005118613,48
4484,ランサーズ,297.0,9.7560975609756,80
6907,ジオマテック,1108.0,9.820402014034814,18
6498,キッツ,1570.0,9.888571588554788,72
3965,キャピタル・アセット・プランニング,906.0,9.940782448305985,62
6365,電業社機械製作所,5280.0,10.068792995622264,77
6489,前澤工業,2095.0,10.087018664873048,101
1803,清水建設,2066.5,10.119120308180776,1
3099,三越伊勢丹ホールディングス,2702.0,10.120309086759487,75
7161,じもとホールディングス,449.0,10.157016683022563,54
7102,日本車輌製造,2809.0,10.163774981959646,44
5288,アジアパイルホールディングス,1297.0,10.165460537491937,74
1980,ダイダン,6120.0,10.178950779534071,95
5845,全保連,949.0,10.184841166635708,18
3909,ショーケース,366.0,10.201132120920148,2
7003,三井Ｅ＆Ｓ,4325.0,10.258502013970327,90
6224,ＪＲＣ,1738.0,10.279187817258885,80
5101,横浜ゴム,5708.0,10.32261181889928,1
2418,ツカダ・グローバルホールディング,744.0,10.353010975971516,38
7264,ムロコーポレーション,1374.0,10.421756461360427,44
4222,児玉化学工業,835.0,10.44973544973545,80
2722,ＩＫホールディングス,452.0,10.459433040078205,24
8772,アサックス,870.0,10.46216353478923,44
2385,総医研ホールディングス,197.0,10.500336549248372,80
5259,ＢＢＤイニシアティブ,1763.0,10.588382887968883,74
5587,インバウンドプラットフォーム,1280.0,10.607998340880023,81
3974,ＳＣＡＴ,578.0,10.63471403414745,73
4374,ＲＯＢＯＴ　ＰＡＹＭＥＮＴ,3230.0,10.716538240052644,73
5713,住友金属鉱山,4184.0,10.753462369234672,73
176A,レジル,2743.0,10.776363401395717,26
7565,萬世電機,5950.0,10.82551035613172,70
4635,東京インキ,6810.0,10.878192734303449,1
4840,トライアイズ,457.0,10.90079596194914,60
9307,杉村倉庫,1034.0,10.97893654129958,1
5703,日本軽金属ホールディングス,2125.0,11.054204904153687,82
7259,アイシン,2586.5,11.068646564236465,63
6249,ゲームカード・ジョイコホールディングス,3020.0,11.10457073902935,58
6834,精工技研,8120.0,11.165872624719352,79
6957,芝浦電子,7100.0,11.243419403359244,15
247A,Ａｉロボティクス,7780.0,11.282755464011904,103
6648,かわでん,7170.0,11.373450557643912,150
3143,オーウイル,2300.0,11.613642098724702,44
5284,ヤマウホールディングス,2543.0,11.639137353893432,1
1401,エムビーエス,1510.0,11.646752632201585,96
9346,ココルポート,1800.0,11.662531017369728,79
3954,昭和パックス,2820.0,11.835530385951555,76
3712,情報企画,6270.0,11.892354914697686,56
4176,ココナラ,527.0,11.965666694994477,91
6380,オリエンタルチエン工業,2383.0,12.006241892120554,18
4286,ＣＬホールディングス,1004.0,12.048569260300884,19
3123,サイボー,622.0,12.080149920715,70
7235,東京ラヂエーター製造,1234.0,12.108438113234971,48
5729,日本精鉱,12150.0,12.163509471585249,42
8935,ＦＪネクストホールディングス,1596.0,12.229972997299736,31
3723,日本ファルコム,1419.0,12.2626582278481,24
7711,助川電気工業,3555.0,12.394718870931024,84
5727,東邦チタニウム,1754.0,12.412838392124698,76
3556,リネットジャパングループ,878.0,12.460293062813808,99
8237,松屋,1350.0,12.48500199973336,38
2986,ＬＡホールディングス,8490.0,12.492050031799875,19
9753,アイエックス・ナレッジ,1535.0,12.49377070325096,60
5658,日亜鋼業,401.0,12.501402760632926,45
5803,フジクラ,13135.0,12.501498877982767,78
2982,ＡＤワークスグループ,460.0,12.70090160721285,101
3236,プロパスト,238.0,12.753458404396431,24
7325,アイリックコーポレーション,927.0,12.817641904391012,92
2325,ＮＪＳ,6650.0,12.86490156143924,7
261A,日水コン,3420.0,12.877247643439912,80
5870,ナルネットコミュニケーションズ,1000.0,13.219509985960778,91
5282,ジオスター,351.0,13.256251680559284,1
4069,ＢｌｕｅＭｅｍｅ,2130.0,13.31716036772216,62
8940,インテリックス,1049.0,13.346587716644336,14
6627,テラプローブ,4540.0,13.49432528373582,64
1758,太洋基礎工業,2347.0,13.504468603706416,73
1850,南海辰村建設,511.0,13.525282146983026,66
4506,住友ファーマ,1615.0,13.569238558690335,90
5724,アサカ理研,1429.0,13.62190700337128,100
1899,福田組,6620.0,13.63636363636363,35
9110,ＮＳユナイテッド海運,5210.0,13.720696730257137,41
5851,リョービ,2811.0,13.765136307712227,47
3526,芦森工業,4315.0,13.894314522514916,60
9867,ソレキア,8300.0,14.042319318494092,83
4838,スペースシャワーＳＫＩＹＡＫＩホールディングス,862.0,14.069447385136574,103
7030,スプリックス,1385.0,14.134555163661531,83
2743,ピクセルカンパニーズ,161.0,14.184397163120568,56
7084,Ｓｍｉｌｅ　Ｈｏｌｄｉｎｇｓ,2383.0,14.218063996625697,167
2150,ケアネット,1128.0,14.33668504703212,38
2311,エプコ,885.0,14.400206825232676,72
9709,ＮＣＳ＆Ａ,1503.0,14.414908194025752,101
4412,サイエンスアーツ,1513.0,14.69419933897328,146
343A,ＩＡＣＥトラベル,1463.0,14.864016079391993,89
4255,ＴＨＥＣＯＯ,1200.0,14.88090679329096,35
2531,宝ホールディングス,1734.5,15.036676438207166,38
1384,ホクリヨウ,2261.0,15.321840252983788,54
6193,バーチャレクス・ホールディングス,1155.0,15.329312617326355,16
9051,センコン物流,1560.0,15.398841080014805,1
4642,オリジナル設計,2228.0,15.521818483490952,44
2498,オリエンタルコンサルタンツホールディングス,7000.0,15.534429259919452,61
7245,大同メタル工業,940.0,15.62684510923046,84
5279,日本興業,1515.0,15.766683647478343,1
9823,マミーマート,7290.0,15.927739965651048,20
6332,月島ホールディングス,3190.0,16.025314614097617,175
7371,Ｚｅｎｋｅｎ,809.0,16.048886848749138,89
5994,ファインシンター,1057.0,16.21514645087519,64
6149,小田原エンジニアリング,2588.0,16.251473918658398,1
6278,ユニオンツール,8800.0,16.266779410210333,69
4317,レイ,629.0,16.283369074909423,96
1909,日本ドライケミカル,6930.0,16.400161246976612,77
5985,サンコール,824.0,16.417066968070085,36
8927,明豊エンタープライズ,560.0,16.424116424116423,101
3267,フィル・カンパニー,1057.0,16.45586355823895,23
4060,ｒａｋｕｍｏ,1301.0,16.497725563236507,61
3547,串カツ田中ホールディングス,2751.0,16.718145407643743,99
7409,ＡｅｒｏＥｄｇｅ,4890.0,17.003140421713773,1
3935,エディア,1220.0,17.497495955004243,99
319A,技術承継機構,6440.0,17.750310831565862,8
5697,サンユウ,653.0,17.946680153168128,53
4124,大阪油化工業,2976.0,17.951075669419918,78
8746,ｕｎｂａｎｋｅｄ,609.0,18.215699976706272,57
9067,丸運,613.0,18.31121833534379,1
9271,和心,769.0,18.431589971046623,30
8143,ラピーヌ,328.0,18.47998844097675,11
145A,Ｌ　ｉｓ　Ｂ,1500.0,18.603327218672906,78
142A,ジンジブ,883.0,18.951395624528494,52
3266,ファンドクリエーショングループ,104.0,18.99313501144164,14
8050,セイコーグループ,6590.0,19.22854248082212,60
2389,デジタルホールディングス,1878.0,19.41399394663885,21
228A,オプロ,1962.0,19.41861031309344,89
6310,井関農機,2208.0,19.612559318728465,77
6327,北川精機,879.0,19.950873362445424,44
298A,ＧＶＡ　ＴＥＣＨ,780.0,19.992615839025294,39
5983,イワブチ,8970.0,20.099614395886885,71
4563,アンジェス,102.0,20.11304757418747,30
3727,アプリックス,215.0,20.192307692307697,11
2180,サニーサイドアップグループ,796.0,20.53301029678983,69
7318,セレンディップ・ホールディングス,5680.0,20.72776738649889,81
3634,ソケッツ,788.0,21.14876083881679,53
3747,インタートレード,848.0,21.636353204429405,14
7376,ＢＣＣ,2233.0,21.73713936803541,2
7819,粧美堂,991.0,22.002265228738864,100
6343,フリージア・マクロス,150.0,22.508983992159425,83
5577,アイデミー,1445.0,22.68636440821872,18
5706,三井金属鉱業,10660.0,23.05319684355852,80
7814,日本創発グループ,921.0,23.207405821917813,100
6403,水道機工,3280.0,23.63175828483551,86
3845,アイフリークモバイル,225.0,24.584717607973424,96
4016,ＭＩＴホールディングス,1234.0,25.31990088150466,21
9610,ウィルソン・ラーニング　ワールドワイド,205.0,25.890444608204373,14
2673,夢みつけ隊,224.0,26.63952962460425,93
7615,京都きもの友禅ホールディングス,231.0,28.10559006211181,19
5016,ＪＸ金属,1464.0,28.31299985386354,41
4073,ジィ・シィ企画,819.0,28.77358490566038,14
7087,ウイルテック,1370.0,29.88736774242482,22
3853,アステリア,1559.0,32.69892070409588,63
5998,アドバネクス,1525.0,33.25760223698006,25
2334,イオレ,8130.0,34.97808473900917,133
7072,インティメート・マージャー,1616.0,37.34956143333108,36
6039,日本動物高度医療センター,4940.0,37.95645714413377,49
8995,誠建設工業,1184.0,38.583267006882345,46
2315,ＣＡＩＣＡ　ＤＩＧＩＴＡＬ,131.0,38.653683319221,14
7375,リファインバースグループ,1200.0,39.76891539321656,15
3997,トレードワークス,3470.0,39.79984851659066,30
7523,アールビバン,1662.0,43.11300933420591,24
5612,日本鋳鉄管,2593.0,45.07429952555725,47
5262,日本ヒューム,4765.0,50.35695972863172,1
5287,イトーヨーギョー,1439.0,58.43829824715934,69
8105,堀田丸正,770.0,63.815845459960855,82
1844,大盛工業,1358.0,71.23114944267917,101
5268,旭コンクリート工業,1273.0,71.27480659266735,1
4833,Ｄｅｆ　ｃｏｎｓｕｌｔｉｎｇ,291.0,97.04767063921992,9
