Ticker,銘柄名,終値,DR75,75SMA越
4196,ネオマーケティング,1283.0,-29.98274310830543,0
6522,アスタリスク,1278.0,-19.18995129453986,0
3195,ジェネレーションパス,455.0,-18.701608100059552,0
3976,シャノン,517.0,-11.02997604706867,0
278A,Ｔｅｒｒａ　Ｄｒｏｎｅ,9810.0,-10.211976617892928,0
8065,佐藤商事,2946.0,-9.33424274687251,0
1447,ＳＡＡＦホールディングス,322.0,-9.0707880175539,0
5889,Ｊａｐａｎ　Ｅｙｅｗｅａｒ　Ｈｏｌｄｉｎｇｓ,2252.0,-7.540030404243282,0
2410,キャリアデザインセンター,2668.0,-6.585685808587018,0
215A,タイミー,1413.0,-6.57233536101561,0
9644,タナベコンサルティンググループ,705.0,-6.540549255656469,0
6897,ツインバード,600.0,-6.125124215066494,0
6166,中村超硬,618.0,-5.943811443379541,0
2222,寿スピリッツ,2412.0,-5.352625562115939,0
2270,雪印メグミルク,3495.0,-5.342698252202808,0
7185,ヒロセ通商,3670.0,-5.202715674468117,0
2588,プレミアムウォーターホールディングス,3500.0,-5.027225528681783,0
9042,阪急阪神ホールディングス,4378.0,-4.824409360917061,0
7551,ウェッズ,671.0,-4.769758922920545,0
4023,クレハ,4035.0,-4.768131657842691,0
9001,東武鉄道,2824.5,-4.487003728887913,0
7643,ダイイチ,1640.0,-4.416860941339548,0
2874,横浜冷凍,2012.0,-4.193517666105835,0
6579,ログリー,334.0,-4.179266496084356,0
2498,オリエンタルコンサルタンツホールディングス,3000.0,-4.030710172744722,0
4928,ノエビアホールディングス,4475.0,-3.94767374405384,0
9031,西日本鉄道,2908.5,-3.9357813315956,0
7309,シマノ,17785.0,-3.933634067650623,0
4058,トヨクモ,2138.0,-3.826584886965293,0
6247,日阪製作所,1647.0,-3.821781709424647,0
2122,インタースペース,1341.0,-3.8130487175073218,0
8242,エイチ・ツー・オー　リテイリング,2729.0,-3.73920649409768,0
7621,うかい,3265.0,-3.719938631971152,0
4491,コンピューターマネージメント,3050.0,-3.685717577676595,0
3915,テラスカイ,2226.0,-3.6493276322947086,0
6087,アビスト,3335.0,-3.62024525501836,0
9301,三菱倉庫,1482.5,-3.4261468172574974,0
2702,日本マクドナルドホールディングス,7530.0,-3.311133558184528,0
7278,エクセディ,5800.0,-3.191609337994805,0
7762,シチズン時計,2328.0,-3.1826228679012027,0
3461,パルマ,575.0,-3.1457707365929077,0
8113,ユニ・チャーム,938.2999877929688,-3.131471326064486,0
4676,フジ・メディア・ホールディングス,3949.0,-3.0312482371640628,0
7421,カッパ・クリエイト,1507.0,-2.9358261308544598,0
7780,メニコン,1716.0,-2.886247877758913,0
3151,バイタルケーエスケー・ホールディングス,1555.0,-2.8327431785044737,0
4421,ディ・アイ・システム,909.0,-2.8186717135963746,0
3923,ラクス,1003.0,-2.8053685393021617,0
3359,ｃｏｔｔａ,504.0,-2.796528447444552,0
2809,キユーピー,4390.0,-2.789792706798662,0
5482,愛知製鋼,3045.0,-2.729093640460693,0
7885,タカノ,1075.0,-2.717311549185545,0
6050,イー・ガーディアン,1696.0,-2.673863142874868,0
4041,日本曹達,3680.0,-2.6420220943119697,0
2475,ＷＤＢホールディングス,1740.0,-2.581406112363571,0
5946,長府製作所,1982.0,-2.550064449257833,0
300A,ＭＩＣ,2973.0,-2.5458916083916034,0
7091,リビングプラットフォーム,1204.0,-2.5389150814399883,0
6339,新東工業,1162.0,-2.525618935340529,0
3148,クリエイトＳＤホールディングス,3245.0,-2.515471350463633,0
7521,ムサシ,2648.0,-2.411912647227267,0
9076,セイノーホールディングス,2638.0,-2.3031419219874474,0
545A,トランヴィア,912.0,-2.290429998552188,0
2652,まんだらけ,421.0,-2.268787916305554,0
8918,ランド,10.0,-2.245706737120212,0
6419,マースグループホールディングス,3045.0,-2.2196185640825377,0
7581,サイゼリヤ,6490.0,-2.2013154947359808,0
9041,近鉄グループホールディングス,3406.0,-2.1606304103101595,0
9769,学究社,2534.0,-2.157057135403084,0
2801,キッコーマン,1649.0,-2.1492742787291883,0
7860,エイベックス,1224.0,-2.148760330578509,0
7129,ミアヘルサホールディングス,1129.0,-2.1319963451491217,0
2267,ヤクルト本社,2750.5,-2.1260292690795746,0
7912,大日本印刷,2965.5,-2.1022976942757303,0
6358,酒井重工業,2096.0,-1.9446200531040552,0
9249,日本エコシステム,1604.0,-1.909806870676907,0
2208,ブルボン,3030.0,-1.8655266226195075,0
3447,信和,967.0,-1.8489561901626788,0
9363,大運,518.0,-1.84369558537334,0
2883,大冷,1967.0,-1.8365106298033715,0
2002,日清製粉グループ本社,1980.0,-1.8166466752886503,0
7215,ファルテック,418.0,-1.7875853310049257,0
7625,グローバルダイニング,459.0,-1.7528635890315811,0
7981,タカラスタンダード,3025.0,-1.7218973359324234,0
3190,ホットマン,569.0,-1.690893593494431,0
2654,アスモ,405.0,-1.625805615830552,0
2497,ユナイテッド,510.0,-1.620370370370366,0
4998,フマキラー,1162.0,-1.6133092290441342,0
9854,愛眼,268.0,-1.612343106613081,0
4528,小野薬品工業,2354.5,-1.608025728411648,0
2139,中広,509.0,-1.5296120511762223,0
4651,サニックスホールディングス,250.0,-1.490947816826408,0
7539,アイナボホールディングス,789.0,-1.451574789859237,0
4543,テルモ,2300.0,-1.442460811507255,0
8041,ＯＵＧホールディングス,4390.0,-1.4366115990837285,0
274A,ガーデン,2241.0,-1.38122033222046,0
4526,理研ビタミン,3155.0,-1.3291634089132134,0
2335,キューブシステム,1057.0,-1.3268443260601717,0
8253,クレディセゾン,4519.0,-1.313533437408693,0
6432,竹内製作所,7310.0,-1.2955258740237925,0
2871,ニチレイ,2127.0,-1.2907537234470503,0
8207,テンアライド,290.0,-1.2516105282532677,0
6545,インターネットインフィニティー,784.0,-1.209004529509926,0
2503,キリンホールディングス,2862.0,-1.19677790563866,0
9385,ショーエイコーポレーション,738.0,-1.158329110258452,0
5408,中山製鋼所,627.0,-1.154665530464431,0
4658,日本空調サービス,1560.0,-1.1466102638316813,0
7562,安楽亭,3745.0,-1.14503816793893,0
3569,セーレン,3305.0,-1.1219147344801794,0
2916,仙波糖化工業,727.0,-1.115342763873782,0
9244,デジタリフト,1260.0,-1.103097157403471,0
1377,サカタのタネ,4285.0,-1.0986474634168943,0
3965,キャピタル・アセット・プランニング,858.0,-1.087396790777375,0
7951,ヤマハ,1225.0,-1.0857111680942853,0
4923,コタ,1188.0,-1.081318285643556,0
9033,広島電鉄,620.0,-1.0631186250620015,0
4671,ファルコホールディングス,2704.0,-1.055234139346292,0
3839,ＯＤＫソリューションズ,626.0,-1.0488091423688937,0
9007,小田急電鉄,1714.0,-1.0361724041072435,0
9237,笑美面,833.0,-1.027584213737516,0
2334,イオレ,551.0,-1.020334842279218,0
7769,リズム,3820.0,-0.966928251121082,0
8088,岩谷産業,2036.0,-0.9509534187317878,0
9828,Ｇｅｎｋｉ　Ｇｌｏｂａｌ　Ｄｉｎｉｎｇ　Ｃｏｎｃｅｐｔｓ,3250.0,-0.933817199207466,0
6457,グローリー,4358.0,-0.9241167434715744,0
7127,一家ホールディングス,695.0,-0.9170423457789024,0
9475,昭文社ホールディングス,509.0,-0.8972031467887529,0
6412,平和,2097.0,-0.8820955678051046,0
3920,アイビーシー,981.0,-0.8603736479842704,0
9037,ハマキョウレックス,1817.0,-0.8173140758007137,0
3802,エコミック,486.0,-0.8135911084144678,0
3608,ＴＳＩホールディングス,1210.0,-0.7812067150534706,0
7291,日本プラスト,458.0,-0.7758292590098692,0
6282,オイレス工業,2839.0,-0.7727113856849948,0
5233,太平洋セメント,4107.0,-0.7673018402183684,0
254A,ＡＩフュージョンキャピタルグループ,1146.0,-0.7540154498112108,0
5900,ダイケン,853.0,-0.7515723270440277,0
9075,福山通運,6030.0,-0.7363246056992907,0
9048,名古屋鉄道,1857.5,-0.7301431398321564,0
6272,レオン自動機,1500.0,-0.7288825291776615,0
9692,シーイーシー,2225.0,-0.7253411153250124,0
4657,環境管理センター,459.0,-0.7161439303148163,0
3768,リスクモンスター,556.0,-0.7047012259870628,0
4912,ライオン,1742.5,-0.6391856643639492,0
2001,ニップン,2834.0,-0.6217184449456888,0
2659,サンエー,3260.0,-0.5814662708900888,0
4343,イオンファンタジー,2682.0,-0.5686287280251331,0
9159,Ｗ　ＴＯＫＹＯ,1905.0,-0.5649956620183282,0
8101,ＧＳＩクレオス,2561.0,-0.5504741214191698,0
3475,グッドコムアセット,1483.0,-0.5428625805457619,0
7508,Ｇ‐７ホールディングス,1405.0,-0.5014641989013693,0
3396,フェリシモ,859.0,-0.4837573385518527,0
8244,近鉄百貨店,1852.0,-0.4821656790984049,0
4997,日本農薬,1103.0,-0.4609756097560992,0
9365,トレーディア,1605.0,-0.4609453570231356,0
5237,ノザワ,1206.0,-0.4328811138879052,0
2114,フジ日本,640.0,-0.4252670884763014,0
9343,アイビス,775.0,-0.4132805445578987,0
2226,湖池屋,4775.0,-0.4032538413404651,0
7570,橋本総業ホールディングス,1400.0,-0.3846153846153855,0
7041,ＣＲＧホールディングス,331.0,-0.3741966973074061,0
2816,ダイショー,1405.0,-0.3725099036579714,0
6189,グローバルキッズＣＯＭＰＡＮＹ,996.0,-0.3434381676086387,0
7956,ピジョン,2031.5,-0.3278623309718883,0
8281,ゼビオホールディングス,1109.0,-0.3109739802239902,0
4027,テイカ,2336.0,-0.3004873547307956,0
9039,サカイ引越センター,2943.0,-0.2861629892814749,0
9517,イーレックス,822.0,-0.2770628063675218,0
9678,カナモト,5330.0,-0.2629848783694961,0
4951,エステー,1509.0,-0.2242733454256266,0
2471,エスプール,272.0,-0.205459348400353,0
9313,丸八倉庫,1049.0,-0.1991577024558474,0
4424,Ａｍａｚｉａ,312.0,-0.1945272986642517,0
3895,ハビックス,437.0,-0.1913580246913517,0
4718,早稲田アカデミー,2453.0,-0.1891502534833383,0
2594,キーコーヒー,1992.0,-0.1830645269051449,0
7955,クリナップ,939.0,-0.1752672106654404,0
4183,三井化学,2152.0,-0.1583067137720531,0
4728,トーセ,645.0,-0.1568873548792014,0
7702,ＪＭＳ,454.0,-0.1426703126857679,0
8630,ＳＯＭＰＯホールディングス,6706.0,-0.1201591656083122,0
2818,ピエトロ,1751.0,-0.0958532076591313,0
3723,日本ファルコム,2696.0,-0.0716264206324189,0
8200,リンガーハット,2265.0,-0.062010327104476,0
5015,ビーピー・カストロール,998.0,-0.039252311149008,0
3401,帝人,1691.5,-0.0167742347753828,0
8218,コメリ,3715.0,-0.0145480996544789,0
4441,トビラシステムズ,1484.0,0.0,0
2180,サニーサイドアップグループ,0.0,0.0,0
3480,ジェイ・エス・ビー,0.0,0.0,0
5660,神鋼鋼線工業,0.0,0.0,0
7240,ＮＯＫ,0.0,0.0,0
4372,ユミルリンク,0.0,0.0,0
5966,京都機械工具,0.0,0.0,0
7565,萬世電機,0.0,0.0,0
5905,日本製罐,0.0,0.0,0
1909,日本ドライケミカル,0.0,0.0,0
5903,シンポ,0.0,0.0,0
4102,丸尾カルシウム,0.0,0.0,0
8283,ＰＡＬＴＡＣ,0.0,0.0,0
5580,プロディライト,0.0,0.0,0
7082,ジモティー,0.0,0.0,0
6096,レアジョブ,0.0,0.0,0
4367,広栄化学,0.0,0.0,0
9508,九州電力,0.0,0.0,0
9408,ＢＳＮメディアホールディングス,0.0,0.0,0
4800,オリコン,0.0,0.0,0
9087,タカセ,0.0,0.0,0
4365,松本油脂製薬,0.0,0.0,0
2162,ｎｍｓ　ホールディングス,0.0,0.0,0
5918,瀧上工業,0.0,0.0,0
5922,那須電機鉄工,0.0,0.0,0
6392,ヤマダコーポレーション,0.0,0.0,0
1997,暁飯島工業,0.0,0.0,0
3352,バッファロー,0.0,0.0,0
9867,ソレキア,0.0,0.0,0
4171,グローバルインフォメーション,0.0,0.0,0
3477,フォーライフ,0.0,0.0,0
7426,山大,0.0,0.0,0
3067,東京一番フーズ,457.0,0.0175085354110093,1
9895,コンセック,1268.0,0.0213192342131017,1
9381,エーアイテイー,2318.0,0.0215749730312837,1
9006,京浜急行電鉄,1537.5,0.0400072100906045,1
7515,マルヨシセンター,4600.0,0.0623577011760978,1
9635,武蔵野興業,2550.0,0.083270129360413,1
4120,スガイ化学工業,2970.0,0.0915388083559915,1
7939,研創,596.0,0.1453224341507777,1
8018,三共生興,836.0,0.1456923624826022,1
6334,明治機械,480.0,0.1466110296605403,1
5076,インフロニア・ホールディングス,2758.5,0.152587112031314,1
6326,クボタ,2775.0,0.1543650183994345,1
8793,ＮＥＣキャピタルソリューション,4140.0,0.1585615038823078,1
2937,サンクゼール,1728.0,0.1653965653161802,1
9450,ファイバーゲート,770.0,0.2180948360770999,1
9248,人・夢・技術グループ,1618.0,0.2385995462422595,1
4769,ＩＣ,1126.0,0.2562837650852431,1
6395,タダノ,1347.0,0.2655561590922752,1
6371,椿本チエイン,2658.0,0.2747854990747005,1
6363,酉島製作所,2959.0,0.2784418248930667,1
4202,ダイセル,1429.0,0.2840302902419706,1
3494,マリオン,418.0,0.2885581817592337,1
3772,ウェルス・マネジメント,1074.0,0.288969929461051,1
3420,ケー・エフ・シー,1580.0,0.2899246882022906,1
3800,ユニリタ,1970.0,0.2910076570099842,1
2933,紀文食品,1101.0,0.2963646743025103,1
9929,平和紙業,471.0,0.3021669688336325,1
9605,東映,5920.0,0.3481766538391111,1
1992,神田通信機,2962.0,0.3580487715538925,1
2730,エディオン,2443.0,0.3598659129749005,57
6960,フクダ電子,11620.0,0.3688486319917886,1
6995,東海理化電機製作所,3100.0,0.375423335754478,1
3232,三重交通グループホールディングス,564.0,0.4130465745620372,60
4391,ロジザード,1134.0,0.4140241713533515,1
2483,翻訳センター,2224.0,0.4317118549159131,7
9355,リンコーコーポレーション,2225.0,0.431860048065776,1
8079,正栄食品工業,4380.0,0.4369247931579465,1
9706,日本空港ビルデング,5448.0,0.4382238853193698,1
7616,コロワイド,1980.5,0.4403263555027125,1
7698,アイスコ,2640.0,0.4612702673516317,1
1946,トーエネック,2178.0,0.4668155063933377,1
5261,リソルホールディングス,7640.0,0.4673644554226758,1
2876,デルソーレ,469.0,0.4770338208409552,18
3010,ポラリス・ホールディングス,191.0,0.4840067340067274,6
7481,尾家産業,2588.0,0.4906153418303305,1
8005,スクロール,1757.0,0.5047733158118534,1
417A,ブルーゾーンホールディングス,1816.0,0.5138484782755015,1
5933,アルインコ,1101.0,0.5156928543229473,1
8604,野村ホールディングス,1552.0,0.5357330438740808,1
7122,近畿車輛,2394.0,0.5391416864351988,1
3058,三洋堂ホールディングス,705.0,0.5534002738475575,53
6149,小田原エンジニアリング,2186.0,0.5582285877686951,1
2922,なとり,1983.0,0.5761700919031821,1
5192,三ツ星ベルト,4195.0,0.5799637117677547,1
7458,第一興商,1804.5,0.605745541667604,1
2705,大戸屋ホールディングス,8460.0,0.6136720422434752,67
9010,富士急行,2649.0,0.629880030184967,1
4248,竹本容器,882.0,0.6368051807879065,1
7902,ソノコム,1107.0,0.6648070093515389,1
8566,リコーリース,6620.0,0.6699272532982634,1
3951,朝日印刷,891.0,0.6718172657037275,1
3490,アズ企画設計,3065.0,0.6755797024253375,1
4792,山田コンサルティンググループ,1720.0,0.6762902906861714,1
6291,日本エアーテック,1332.0,0.6833573376643346,1
5703,日本軽金属ホールディングス,2905.0,0.6847518594151005,1
6118,アイダエンジニアリング,1214.0,0.7175209650657073,1
6063,日本エマージェンシーアシスタンス,1001.0,0.720657021646908,1
7292,村上開明堂,6780.0,0.734851222744243,1
2207,ｍｅｉｔｏ,3320.0,0.7375281680738958,67
2795,日本プリメックス,965.0,0.7475152426292457,9
9739,ＮＳＷ,2620.0,0.7566623705982689,1
7219,エッチ・ケー・エス,2496.0,0.7665071822541393,1
3439,三ツ知,679.0,0.7681046066221364,1
2286,林兼産業,898.0,0.7871423440679981,30
2179,成学社,818.0,0.7968454776965453,58
9742,アイネス,2213.0,0.8070125760998718,1
4680,ラウンドワン,1232.5,0.8183302981468983,1
3204,トーア紡コーポレーション,506.0,0.8530654548353609,5
2910,ロック・フィールド,1380.0,0.9057140907274062,61
7087,ウイルテック,1380.0,0.9090909090909146,1
7683,ダブルエー,1423.0,0.9113472798535632,1
6072,地盤ネットホールディングス,1046.0,0.9178617992177344,1
3123,サイボー,647.0,0.9276399259552064,33
8923,トーセイ,1755.0,0.9286963279580402,1
1375,ユキグニファクトリー,1161.0,0.9319470042076736,76
5951,ダイニチ工業,1139.0,0.9352733369259232,1
8919,カチタス,3475.0,0.9361568504307844,1
9639,三協フロンテア,2330.0,0.9532062391681108,1
1795,マサル,5400.0,0.9647745120035968,89
2053,中部飼料,1962.0,0.9799481203936244,71
4188,三菱ケミカルグループ,1179.0,0.9832574236224906,1
1945,東京エネシス,2127.0,0.9843641197695664,1
6964,サンコー,690.0,0.9889240506329136,1
4293,セプテーニ・ホールディングス,505.0,0.9890822613771464,1
4956,コニシ,1475.0,1.0049600236896616,1
5997,協立エアテック,907.0,1.0174287348363948,1
2480,システム・ロケーション,1751.0,1.0479905819348632,34
3370,フジタコーポレーション,478.0,1.0628571428571438,1
8596,九州リースサービス,1546.0,1.0743188323850632,1
7872,エステールホールディングス,615.0,1.1108642523883607,1
3405,クラレ,1810.5,1.1139538569520289,1
5391,エーアンドエーマテリアル,1506.0,1.1325274964608465,1
7637,白銅,3590.0,1.1325351656927436,1
9686,東洋テック,1670.0,1.1367449321144725,1
6292,カワタ,843.0,1.1496116615050294,1
8628,松井証券,1092.0,1.1503461052209982,1
4045,東亞合成,1821.5,1.1557136531808403,1
3161,アゼアス,672.0,1.158099672841868,10
5973,トーアミ,616.0,1.1673842602867446,1
3159,丸善ＣＨＩホールディングス,383.0,1.1764291500827688,7
5162,朝日ラバー,803.0,1.1868880374627555,1
8076,カノークス,2086.0,1.191108314158921,1
2488,ＪＴＰ,1414.0,1.205302184431269,97
5248,テクノロジーズ,509.0,1.2200365473503216,1
5928,アルメタックス,287.0,1.224917782755825,1
4668,明光ネットワークジャパン,757.0,1.2361296851845136,1
3075,銚子丸,1694.0,1.2374797803931592,6
6238,フリュー,1411.0,1.2980713260118717,1
8117,中央自動車工業,2149.0,1.300769505172501,1
7060,ギークス,602.0,1.30301307561114,1
7952,河合楽器製作所,3395.0,1.3105895636744844,1
3329,東和フードサービス,2136.0,1.315932850888724,1
3950,ザ・パック,1445.0,1.3189562053478383,1
6643,戸上電機製作所,5560.0,1.332413861044755,1
6384,昭和真空,1715.0,1.3536716847023127,1
3941,レンゴー,1522.5,1.388107718958806,1
4631,ＤＩＣ,4934.0,1.4002677227458769,1
3771,システムリサーチ,1872.0,1.4262703177624867,1
8194,ライフコーポレーション,2637.0,1.4267670861205963,1
8511,日本証券金融,2461.0,1.4353587282844134,1
1433,ベステラ,1190.0,1.4492753623188406,73
1879,新日本建設,2239.0,1.4652567975830886,39
589A,ネイス,1361.0,1.4666161498881711,1
9948,アークス,3620.0,1.488918355749189,1
9535,広島ガス,424.0,1.5174555925841977,1
7417,南陽,1804.0,1.5178707224334569,1
3248,アールエイジ,892.0,1.5297759970861473,48
3202,ダイトウボウ,130.0,1.5625,12
5458,高砂鐵工,1325.0,1.564118500103585,1
9034,南総通運,1648.0,1.5657272303284704,1
6445,ジャノメ,1375.0,1.573262523209615,1
3987,エコモット,624.0,1.5817145874122858,1
3387,クリエイト・レストランツ・ホールディングス,768.0,1.6036470903727609,1
9268,オプティマスグループ,414.0,1.6085701966767296,1
212A,フィットイージー,2862.0,1.616682841385186,3
2185,シイエム・シイ,1940.0,1.6352447278899702,58
6305,日立建機,5609.0,1.6354585234103909,1
6193,バーチャレクス・ホールディングス,1096.0,1.64045366251018,1
8898,センチュリー２１・ジャパン,1150.0,1.6459234132008358,1
8424,芙蓉総合リース,4454.0,1.6468469357544744,1
7554,幸楽苑,1156.0,1.656565656565664,1
7686,ひとまいる,433.0,1.6593166026840915,1
2152,幼児活動研究会,1526.0,1.6610410374844595,37
4927,ポーラ・オルビスホールディングス,1362.0,1.6617830251007433,1
9330,揚羽,884.0,1.6834284115461695,1
4613,関西ペイント,2823.0,1.6878859198430567,1
7509,アイエーグループ,4800.0,1.729865964027954,1
6345,アイチ　コーポレーション,1439.0,1.73303271170896,1
2590,ダイドーグループホールディングス,2928.0,1.7519310162682644,60
7792,コラントッテ,1486.0,1.75445090128438,1
3698,ＣＲＩ・ミドルウェア,1202.0,1.7723314912069996,1
5941,中西製作所,2699.0,1.7815828364674144,1
8706,極東証券,1793.0,1.7859060711600665,1
7986,日本アイ・エス・ケイ,1914.0,1.797534768390412,1
6408,小倉クラッチ,4280.0,1.7983125753314642,1
8841,テーオーシー,994.0,1.811839937990502,1
5187,クリエートメディック,1152.0,1.815402254920704,1
6092,エンバイオ・ホールディングス,781.0,1.8199115589929733,1
2593,伊藤園,3060.0,1.8235059230666908,36
5184,ニチリン,4190.0,1.839322078433953,1
2340,極楽湯ホールディングス,516.0,1.8474656560871652,65
3454,ファーストブラザーズ,1270.0,1.890801856108238,1
4373,シンプレクス・ホールディングス,1108.0,1.8939205646965245,1
2877,日東ベスト,760.0,1.8967089150681968,7
4341,西菱電機,903.0,1.9016393442622956,1
2907,あじかん,1545.0,1.905758609772406,70
6309,巴工業,1960.0,1.914050423002334,1
9433,ＫＤＤＩ,2928.0,1.915094273061452,1
5982,マルゼン,4095.0,1.9170618504691768,1
7813,プラッツ,889.0,1.9242687159147205,1
4578,大塚ホールディングス,11650.0,1.944646457479708,1
7979,松風,2223.0,1.9490942444393489,1
6245,ヒラノテクシード,1814.0,1.9635247738338528,1
9861,吉野家ホールディングス,3641.0,1.967180853479468,1
2154,オープンアップグループ,2016.0,1.969935054862795,10
5269,日本コンクリート工業,357.0,1.9842495367510784,1
9341,ＧＥＮＯＶＡ,625.0,1.9958099018634836,1
8008,ヨンドシーホールディングス,2092.0,2.0003689745144064,1
4208,ＵＢＥ,3405.0,2.0057445787814867,1
7208,カネミツ,1299.0,2.009932931488241,1
8725,ＭＳ＆ＡＤインシュアランスグループホールディングス,4902.0,2.010697472989163,1
7868,広済堂ホールディングス,545.0,2.023779408044528,1
9616,共立メンテナンス,3223.0,2.0678734968117505,1
7199,プレミアグループ,2117.0,2.0679679966641573,1
6078,バリューＨＲ,1548.0,2.083518990500293,1
7362,Ｔ．Ｓ．Ｉ,880.0,2.0865666494223105,1
8132,シナネンホールディングス,7490.0,2.101869761444229,1
8750,第一ライフグループ,1887.5,2.1045937015702223,1
3435,サンコーテクノ,1481.0,2.121751446648709,1
4544,Ｈ．Ｕ．グループホールディングス,3514.0,2.1611959062604384,1
4093,東邦アセチレン,431.0,2.1621448476889054,1
8439,東京センチュリー,2638.0,2.171000293095512,1
5108,ブリヂストン,3880.0,2.1841179003711986,1
6316,丸山製作所,2845.0,2.1896038714875865,1
5844,京都フィナンシャルグループ,4834.0,2.190264791500624,1
4958,長谷川香料,3360.0,2.2032226241368,1
1721,コムシスホールディングス,5494.0,2.2073615097072867,23
3241,ウィル,601.0,2.2085666991678217,6
6942,ソフィアホールディングス,1408.0,2.2111479526771105,1
2349,エヌアイデイ,2523.0,2.21251127592111,8
4194,ビジョナル,8668.0,2.233761597151493,1
4168,ヤプリ,787.0,2.2365002457692627,1
5976,高周波熱錬,1435.0,2.2414357512853527,1
3082,きちりホールディングス,986.0,2.2482163597146125,32
287A,黒田グループ,1149.0,2.2581640402506067,71
6630,ヤーマン,778.0,2.2938469465716658,1
5965,フジマック,1200.0,2.3076834452803605,1
9449,ＧＭＯインターネットグループ,3938.0,2.3277372595976638,1
8163,ＳＲＳホールディングス,1430.0,2.3285498781572804,1
3496,アズーム,4680.0,2.3313536034039544,1
3181,買取王国,1058.0,2.356719941178737,122
8601,大和証券グループ本社,1810.0,2.370479637109867,1
4444,インフォネット,934.0,2.374357531142153,1
9059,カンダホールディングス,925.0,2.394949812263456,1
4246,ダイキョーニシカワ,1080.0,2.41033329489102,1
7523,アールビバン,1875.0,2.4143963271060462,1
9930,北沢産業,390.0,2.431233362910386,1
3934,ベネフィットジャパン,2310.0,2.4359550561797785,1
9166,ＧＥＮＤＡ,662.0,2.440350473641294,1
3710,ジョルダン,643.0,2.45467464794798,1
156A,マテリアルグループ,876.0,2.4881054519928227,10
2831,はごろもフーズ,3690.0,2.4962038443020664,52
559A,梅乃宿酒造,1168.0,2.5108225108225124,1
4480,メドレー,2319.0,2.528469176813602,1
9326,関通ホールディングス,480.0,2.5315359524290626,1
3083,スターシーズ,1071.0,2.542989544636354,24
9976,セキチュー,1092.0,2.5482233502538145,1
7357,ジオコード,1732.0,2.5729674357558503,1
4615,神東塗料,133.0,2.5849489264123435,1
2607,不二製油,4286.0,2.601013083264983,70
3696,セレス,2144.0,2.6182345027424088,1
7399,ナンシン,616.0,2.6227515252482023,1
365A,伊澤タオル,793.0,2.6447437467203025,1
5884,クラダシ,597.0,2.648821971281196,1
4095,日本パーカライジング,1768.0,2.663255857750431,1
1376,カネコ種苗,1584.0,2.682005583550128,67
5189,櫻護謨,3500.0,2.7040102148853435,1
8729,ソニーフィナンシャルグループ,158.1999969482422,2.712849242032355,1
1770,藤田エンジニアリング,2143.0,2.748921208246771,80
7989,立川ブラインド工業,2668.0,2.752637358633932,1
7283,愛三工業,2248.0,2.756192476372856,1
6381,アネスト岩田,1878.0,2.7640977860597205,1
7276,小糸製作所,2721.5,2.7741062999158026,1
2752,フジオフードグループ本社,1161.0,2.7773187601803446,26
2926,篠崎屋,117.0,2.799906279287724,62
6158,和井田製作所,1023.0,2.829432619296649,1
5186,ニッタ,6690.0,2.8396933878975514,1
1793,大本組,2089.0,2.8483090011553363,98
7516,コーナン商事,4390.0,2.849363642119928,1
8059,第一実業,3515.0,2.8545895267130934,1
8095,アステナホールディングス,533.0,2.858185990716116,1
3877,中越パルプ工業,2200.0,2.860247799687889,1
7213,レシップホールディングス,651.0,2.8611692360251126,1
4118,カネカ,6068.0,2.898600541267649,1
4714,リソー教育グループ,209.0,2.914559488953945,1
4994,大成ラミックグループ,2669.0,2.918095317499199,1
4224,ロンシール工業,2144.0,2.953849348491917,1
6463,ＴＰＲ,1535.0,2.955705208965906,1
9303,住友倉庫,4135.0,2.9679981155567514,1
9353,櫻島埠頭,2980.0,2.972627174836802,1
9368,キムラユニティー,942.0,2.975152893904929,1
8029,ルックホールディングス,2740.0,2.97613001523616,1
4826,ＣＩＪ,533.0,2.976345882721531,1
4272,日本化薬,2105.5,2.990081535659868,1
6176,ブランジスタ,989.0,2.996186160406439,1
6338,タカトリ,1681.0,2.996481059821984,1
7266,今仙電機製作所,971.0,3.0031967201364727,1
7681,レオクラン,989.0,3.0048838158505866,1
8708,アイザワ証券グループ,1705.0,3.006849706499461,1
7244,市光工業,558.0,3.031664046710091,1
3632,グリーホールディングス,417.0,3.055806031459768,1
7042,アクセスグループ・ホールディングス,681.0,3.0615375176391115,1
6325,タカキタ,419.0,3.0647520276559024,1
3467,アグレ都市デザイン,2809.0,3.0738792167285736,1
7172,ジャパンインベストメントアドバイザー,2149.0,3.093598869397238,1
9831,ヤマダホールディングス,713.4000244140625,3.1176602312754,1
1379,ホクト,2047.0,3.123425692695214,36
4247,ポバール興業,1398.0,3.145657397529344,1
8742,小林洋行,580.0,3.145802792530817,1
7604,梅の花グループ,919.0,3.156617368221469,1
5480,日本冶金工業,5290.0,3.1583108241649582,1
6861,キーエンス,81040.0,3.1660507971897083,1
3361,トーエル,910.0,3.1746031746031744,1
3537,昭栄薬品,1740.0,3.176383858456997,1
9419,ワイヤレスゲート,301.0,3.177691309987026,1
9698,クレオ,1299.0,3.18258843465367,67
4761,さくらケーシーエス,1485.0,3.1830985915492973,1
3393,スターティアホールディングス,3140.0,3.183977974155165,1
7953,菊水化学工業,405.0,3.1847133757961785,1
3946,トーモク,4445.0,3.1985818940499087,1
4324,電通グループ,3564.0,3.2182315576898253,1
4326,インテージホールディングス,1952.0,3.2206429852580736,1
4205,日本ゼオン,2431.5,3.2241224019138155,1
7877,永大化工,2199.0,3.264646768225106,62
6473,ジェイテクト,2154.0,3.2678552918005552,1
4044,セントラル硝子,4475.0,3.274598471854041,1
5970,ジーテクト,2256.0,3.2864779251633323,1
4665,ダスキン,4651.0,3.295997502941237,1
6770,アルプスアルパイン,2227.5,3.301434507134933,1
5533,エリッツホールディングス,2088.0,3.317953861584749,1
8897,ＭＩＲＡＲＴＨホールディングス,443.0,3.348045397225726,1
2224,コモ,3810.0,3.373428597268703,65
2437,Ｓｈｉｎｗａ　Ｗｉｓｅ　Ｈｏｌｄｉｎｇｓ,617.0,3.3777896923798614,55
4259,エクサウィザーズ,866.0,3.3846352402155326,1
7949,小松ウオール工業,2787.0,3.407506944374809,1
2004,昭和産業,3715.0,3.409881697981907,1
1822,大豊建設,821.0,3.424818597151296,61
9552,クオンツ総研ホールディングス,1021.0,3.4249575644746235,1
9651,日本プロセス,1986.0,3.460801982428479,1
3399,丸千代山岡家,3785.0,3.468784632434435,1
2269,明治ホールディングス,4168.0,3.4729302103883404,36
2393,日本ケアサプライ,4400.0,3.503434432142523,83
9081,神奈川中央交通,3945.0,3.515770437742679,1
7486,サンリン,819.0,3.518600758378024,1
2613,Ｊ－オイルミルズ,2221.0,3.522531648716336,36
4678,秀英予備校,333.0,3.5378151260504227,1
7239,タチエス,2329.0,3.539094650205752,1
6037,楽待,1093.0,3.5435389302813847,1
3402,東レ,1259.5,3.5491092507929847,1
9872,北恵,965.0,3.549781038832976,1
5885,ジーデップ・アドバンス,3090.0,3.5564995674955977,1
4413,ボードルア,2966.0,3.581490832723759,1
8167,リテールパートナーズ,1430.0,3.5897134690121604,1
3201,日本毛織,1954.0,3.600387396876794,58
2009,鳥越製粉,1128.0,3.612124823117604,1
8935,ＦＪネクストホールディングス,1965.0,3.619300083374312,1
5901,東洋製罐グループホールディングス,4417.0,3.627261688494919,1
2433,博報堂ＤＹホールディングス,1297.5,3.627563733946719,65
4612,日本ペイントホールディングス,1181.0,3.643177343990895,1
8020,兼松,2241.5,3.647997600494908,1
3657,ポールトゥウィンホールディングス,355.0,3.64963503649635,1
5258,トランザクション・メディア・ネットワークス,423.0,3.652438822477569,1
7871,フクビ化学工業,999.0,3.653954010095349,1
5185,フコク,1988.0,3.667164641880658,1
3182,オイシックス・ラ・大地,1661.0,3.668228382168148,10
6062,チャーム・ケア・コーポレーション,1426.0,3.679540966211106,1
7476,アズワン,2485.5,3.679840359866743,1
3544,サツドラホールディングス,1248.0,3.6882346997204336,1
7859,アルメディオ,253.0,3.734485815602832,1
367A,プリモグローバルホールディングス,2925.0,3.739809343053095,1
7228,デイトナ,4030.0,3.757567323081202,1
7186,横浜フィナンシャルグループ,1931.5,3.775475383174445,1
5891,魁力屋,1700.0,3.780822821881424,1
6517,デンヨー,4020.0,3.785367895893662,1
3107,ダイワボウホールディングス,3721.0,3.8001472896473176,123
3053,ペッパーフードサービス,202.0,3.805555555555562,1
9468,ＫＡＤＯＫＡＷＡ,3698.0,3.829109121262709,1
6310,井関農機,1923.0,3.847332700868429,1
5915,駒井ハルテック,2422.0,3.860551904778464,1
9201,日本航空,3071.0,3.893479627407284,1
7914,共同印刷,1729.0,3.893594043085317,1
2307,クロスキャット,1052.0,3.9114974318451226,61
7482,シモジマ,1481.0,3.940667115583426,1
138A,光フードサービス,3145.0,3.941744150178476,31
8081,カナデン,2615.0,3.9459831116649897,1
7031,インバウンドテック,710.0,3.949034504590068,1
6071,ＩＢＪ,886.0,3.972470226296009,1
8157,都築電気,4230.0,4.043476093134571,1
7822,永大産業,258.0,4.049266990026707,1
9513,電源開発,4060.0,4.051007297146596,1
8045,横浜丸魚,2050.0,4.055203446099815,1
9204,スカイマーク,437.0,4.064360418342715,1
9536,西部ガスホールディングス,2495.0,4.078468953465437,1
5122,オカモト,6160.0,4.099202996186255,1
4420,イーソル,819.0,4.119708631116,1
7443,横浜魚類,676.0,4.1515719342077855,1
7453,良品計画,4210.0,4.154965364144531,1
7921,ＴＡＫＡＲＡ　＆　ＣＯＭＰＡＮＹ,4120.0,4.155919580479312,1
9960,東テク,4170.0,4.1936790923824985,1
6218,エンシュウ,658.0,4.247666352659078,1
8061,西華産業,3015.0,4.263343100281791,1
3841,ジーダット,1319.0,4.285485335755116,1
6592,マブチモーター,1736.5,4.295140777053627,1
6306,日工,1010.0,4.295163405989226,1
9436,沖縄セルラー電話,4130.0,4.307167235494877,1
9997,ベルーナ,1068.0,4.313394224169794,1
4021,日産化学,8345.0,4.314790696417322,1
2788,アップルインターナショナル,410.0,4.329239329578608,7
1840,土屋ホールディングス,256.0,4.330815627886757,66
2212,山崎製パン,3611.0,4.334007512279689,53
2666,オートウェーブ,188.0,4.3516873889875685,69
2181,パーソルホールディングス,283.0,4.365400165381379,66
6488,ヨシタケ,1040.0,4.369524532805336,1
7072,インティメート・マージャー,1111.0,4.384149515623206,1
7807,幸和製作所,886.0,4.386314063271182,1
2734,サーラコーポレーション,1207.0,4.418990933628619,69
6165,パンチ工業,543.0,4.423076923076923,1
9274,ＫＰＰグループホールディングス,1119.0,4.438306405842058,1
7947,エフピコ,2795.0,4.444825984204249,1
5363,東京窯業,722.0,4.447441987762201,1
5401,日本製鉄,657.0999755859375,4.455510952142861,1
3028,アルペン,2328.0,4.458949308094078,60
3760,ケイブ,731.0,4.464871963230464,1
4661,オリエンタルランド,2920.5,4.489655805947859,1
1773,ワイ・ティー・エル・コーポレーション・バーハッド,87.0,4.500320307495199,33
4012,アクシス,1778.0,4.50848319247633,1
9890,マキヤ,1432.0,4.529671717171709,1
7354,ダイレクトマーケティングミックス,369.0,4.53257790368272,1
4125,三和油化工業,3610.0,4.552090141638852,1
6750,エレコム,1973.0,4.5859598853868215,1
6470,大豊工業,1156.0,4.596197346701717,1
3843,フリービット,1685.0,4.60043957518917,1
7575,日本ライフライン,1516.0,4.607293716139976,1
4619,日本特殊塗料,2641.0,4.630457477848862,1
4633,サカタインクス,2645.0,4.630961099499107,1
6267,ゼネラルパッカー,4120.0,4.651082964335971,1
6044,三機サービス,1892.0,4.67653061987395,1
2664,カワチ薬品,3740.0,4.691523905497702,92
3169,ミサワ,695.0,4.729661851278856,37
9064,ヤマトホールディングス,2031.5,4.736922776802383,1
3600,フジックス,1800.0,4.7705524900468,68
7927,ムトー精工,2371.0,4.777431414000253,1
8617,光世証券,603.0,4.783374427615348,1
3076,あい　ホールディングス,2982.0,4.845930627762964,44
4502,武田薬品工業,5790.0,4.849721761346117,1
9165,クオルテック,1813.0,4.879612257661031,1
7217,テイン,457.0,4.891287491082789,1
6752,パナソニック　ホールディングス,4512.0,4.893641752876903,1
3661,エムアップホールディングス,806.0,4.894391586500416,1
4097,高圧ガス工業,1205.0,4.919460165433174,1
8697,日本取引所グループ,2311.5,4.921884105086892,1
421A,ムービン・ストラテジック・キャリア,3915.0,4.9255731411394,1
3908,コラボス,358.0,4.927122940430933,1
8306,三菱ＵＦＪフィナンシャル・グループ,3702.0,4.9339824642716215,1
7033,マネジメントソリューションズ,1545.0,5.0016531354468965,1
5576,オービーシステム,3070.0,5.014514727363497,1
542A,ビタブリッドジャパン,1094.0,5.020366862984199,1
6155,高松機械工業,543.0,5.031758893797219,1
6798,ＳＭＫ,3355.0,5.054035527195484,1
8365,富山銀行,2421.0,5.075043548131686,1
6706,電気興業,3345.0,5.08463063514368,1
7806,ＭＴＧ,8310.0,5.08561468266175,1
4875,メディシノバ・インク,250.0,5.125582452551428,1
7314,小田原機器,1329.0,5.134537057823676,1
4212,積水樹脂,2886.0,5.136094441518043,1
2371,カカクコム,3807.0,5.136702568351284,114
6741,日本信号,1784.0,5.138415469402056,1
3097,物語コーポレーション,5520.0,5.138851853262737,63
7241,フタバ産業,1090.0,5.154746695173787,1
5532,リアルゲイト,3615.0,5.227755487373141,1
5902,ホッカンホールディングス,2646.0,5.268703898840888,1
5302,日本カーボン,5130.0,5.283301439387638,1
3087,ドトール・日レスホールディングス,3220.0,5.285644531249996,53
8996,ハウスフリーダム,1100.0,5.28630372641083,1
3444,菊池製作所,1093.0,5.328818856621955,1
9726,ＫＮＴ－ＣＴホールディングス,2013.0,5.347949080622347,1
8051,山善,1940.0,5.35508538634846,1
6033,エクストリーム,1670.0,5.361877722928441,1
9220,エフビー介護サービス,1309.0,5.364718167380957,1
8097,三愛オブリ,2411.0,5.365917036757061,1
290A,Ｓｙｎｓｐｅｃｔｉｖｅ,1402.0,5.373391590171163,24
6497,ハマイ,1467.0,5.386907940082903,1
9009,京成電鉄,1334.5,5.39724214480875,1
5218,オハラ,1640.0,5.428673193700001,1
4410,ハリマ化成グループ,1150.0,5.434001536288617,1
505A,ギークリー,1369.0,5.468855735895805,1
6952,カシオ計算機,2175.0,5.499821381166029,1
7267,本田技研工業,1684.5,5.521436038956916,1
6758,ソニーグループ,3778.0,5.527141234066484,1
3974,ＳＣＡＴ,659.0,5.565537395822056,1
8255,アクシアル　リテイリング,1282.0,5.603668989469472,1
3826,システムインテグレータ,496.0,5.650384272185603,1
4712,ＫｅｙＨｏｌｄｅｒ,822.0,5.661032847539471,1
7752,リコー,1657.5,5.674666253117764,1
8133,伊藤忠エネクス,2259.0,5.690892422470198,1
6287,サトー,2700.0,5.705896357431954,1
9991,ジェコス,1775.0,5.721943641792962,1
6276,シリウスビジョン,352.0,5.74861968171485,1
3080,ジェーソン,834.0,5.749885881418117,61
2170,リンクアンドモチベーション,657.0,5.751690095503812,60
7847,グラファイトデザイン,677.0,5.792418963150677,1
6485,前澤給装工業,1675.0,5.797299373495619,1
9380,東海運,448.0,5.815512288541332,1
5195,バンドー化学,2497.0,5.826899727383116,1
4623,アサヒペン,1880.0,5.832502871748839,1
8032,日本紙パルプ商事,1233.0,5.847960000464036,1
7371,Ｚｅｎｋｅｎ,800.0,5.848486473922296,1
3697,ＳＨＩＦＴ,852.4000244140625,5.868119392433499,1
8613,丸三証券,1255.0,5.909588541191503,1
1438,岐阜造園,2204.0,5.939513614633129,1
7919,野崎印刷紙業,221.0,5.940273369177954,1
5337,ダントーホールディングス,885.0,5.960586350839719,1
2810,ハウス食品グループ本社,4049.0,5.9821871051951945,98
9702,アイ・エス・ビー,2500.0,5.98378734496291,1
6058,ベクトル,1940.0,5.999970465318903,1
4401,ＡＤＥＫＡ,4596.0,6.000935016362786,1
7726,黒田精工,1455.0,6.0088414544094,1
4463,日華化学,1989.0,6.057068741893644,1
7131,のむら産業,3845.0,6.086761991760029,1
9633,東京テアトル,1841.0,6.08720029279613,1
4490,ビザスク,678.0,6.089824917533628,1
5020,ＥＮＥＯＳホールディングス,1389.0,6.115917490863282,1
7067,ブランディングテクノロジー,1078.0,6.120466746295295,56
8015,豊田通商,7250.0,6.126663607159252,1
7513,コジマ,1462.0,6.146797091922327,1
2892,日本食品化工,4680.0,6.152938863770389,100
7931,未来工業,3620.0,6.162564895176946,1
4005,住友化学,581.0,6.176114099252173,1
2914,日本たばこ産業,6989.0,6.200956705141529,60
6250,やまびこ,4305.0,6.209471736485021,1
6947,図研,5080.0,6.240108523626497,1
9434,ソフトバンク,241.1000061035156,6.255734444604043,1
8624,いちよし証券,1662.0,6.277003905844936,1
5254,Ａｒｅｎｔ,4315.0,6.305556480340909,1
4848,フルキャストホールディングス,1822.0,6.315299757922713,1
4220,リケンテクノス,2312.0,6.326596564496478,1
2894,石井食品,364.0,6.358111266947168,45
2681,ゲオホールディングス,2328.0,6.381682365987102,50
3660,アイスタイル,475.0,6.382978723404255,1
1762,高松コンストラクショングループ,4085.0,6.39313805497196,63
2429,ワールドホールディングス,2844.0,6.396244955780464,58
3121,マーチャント・バンカーズ,251.0,6.410039002882824,41
6360,東京自働機械製作所,4890.0,6.4184569235519895,1
8789,フィンテック　グローバル,152.0,6.424448859873215,1
8331,千葉銀行,2859.5,6.436660773163862,1
5711,三菱マテリアル,5119.0,6.4366756767388384,1
7214,ＧＭＢ,1125.0,6.448271893820258,1
8013,ナイガイ,380.0,6.523221456170919,1
4816,東映アニメーション,2958.0,6.575391821293461,1
6091,ウエスコホールディングス,973.0,6.585939928648623,1
8147,トミタ,1465.0,6.5894521571557725,1
9720,ホテル、ニューグランド,6400.0,6.609040158472896,1
4493,サイバーセキュリティクラウド,1960.0,6.620403722598763,1
8381,山陰合同銀行,2619.0,6.629180719312042,1
6994,指月電機製作所,1246.0,6.666975162249392,1
4771,エフアンドエム,2729.0,6.679274386958412,1
9843,ニトリホールディングス,2940.0,6.682619696761663,1
5658,日亜鋼業,404.0,6.683795453734439,1
6875,メガチップス,11190.0,6.701887764963603,1
9684,スクウェア・エニックス・ホールディングス,2900.5,6.702029027294808,1
5702,大紀アルミニウム工業所,1801.0,6.718234521636076,1
4390,ＩＰＳ,4000.0,6.718583815549903,1
7864,フジシールインターナショナル,3310.0,6.719763677636073,1
5589,オートサーバー,2985.0,6.849513858656215,1
8085,ナラサキ産業,4485.0,6.878562457733543,1
7134,アップガレージグループ,1444.0,6.919082258532542,1
7733,オリンパス,2016.5,6.920172251957898,1
4060,ｒａｋｕｍｏ,1226.0,6.9291060168542735,1
3937,Ｕｂｉｃｏｍホールディングス,1149.0,6.94690766386175,1
2153,Ｅ・Ｊホールディングス,1872.0,6.95105694153495,52
5586,Ｌａｂｏｒｏ．ＡＩ,917.0,6.953945087160742,1
4064,日本カーバイド工業,3695.0,6.971558233245961,1
4249,森六,2829.0,6.995333718356942,1
9147,ＮＩＰＰＯＮ　ＥＸＰＲＥＳＳホールディングス,5798.0,7.005918281329111,1
6645,オムロン,6445.0,7.005995010141267,1
9820,エムティジェネックス,3945.0,7.016386231166835,1
3551,ダイニック,1556.0,7.020103912037247,1
9265,ヤマシタヘルスケアホールディングス,3730.0,7.055036264205097,1
7740,タムロン,1362.0,7.062960090929361,1
4527,ロート製薬,2804.0,7.069841843184813,1
7827,オービス,1793.0,7.073282923247019,1
1994,高橋カーテンウォール工業,618.0,7.085655411417596,1
4189,ＫＨネオケム,3370.0,7.101290558096583,1
4902,コニカミノルタ,665.2999877929688,7.105218514607792,1
9934,因幡電機産業,3101.0,7.112716816968197,1
8411,みずほフィナンシャルグループ,8888.0,7.1171247467476135,1
6850,チノー,1785.0,7.143726223404689,1
8074,ＹＵＡＳＡ,6260.0,7.191780821917808,1
6178,日本郵政,2550.0,7.198550234763129,1
3512,日本フエルト,1039.0,7.204506476665882,1
8158,ソーダニッカ,1324.0,7.20530467989189,1
8616,東海東京フィナンシャル・ホールディングス,880.0,7.216359056258946,1
5208,有沢製作所,2774.0,7.2334912683031325,1
2735,ワッツ,723.0,7.248813291139242,64
8103,明和産業,997.0,7.251053932257596,1
9506,東北電力,1297.0,7.257163291761646,1
8337,千葉興業銀行,2816.0,7.261833679919293,1
3708,特種東海製紙,2204.0,7.273887277439038,1
9324,安田倉庫,2696.0,7.280979114237161,1
6857,アドバンテスト,34090.0,7.3072792045515005,1
6018,阪神内燃機工業,6430.0,7.309262308021928,1
4443,Ｓａｎｓａｎ,2015.0,7.318161535029005,1
4221,大倉工業,5680.0,7.324421974542619,1
6357,三精テクノロジーズ,2724.0,7.359473364650235,1
9310,日本トランスシティ,1402.0,7.369575791445461,1
7296,エフ・シー・シー,4105.0,7.37147199688952,1
8354,ふくおかフィナンシャルグループ,8016.0,7.395498392282958,1
8043,スターゼン,1480.0,7.409405188054724,1
4124,大阪油化工業,2985.0,7.419528966654192,1
8173,Ｊｏｓｈｉｎ,4300.0,7.634543178973717,1
7839,ＳＨＯＥＩ,2113.0,7.675462758924639,1
5632,三菱製鋼,2468.0,7.685867084913064,1
9215,ＣａＳｙ,1010.0,7.68676608313522,1
4361,川口化学工業,1638.0,7.701876599374473,1
7177,ＧＭＯフィナンシャルホールディングス,1170.0,7.733466061096244,1
9503,関西電力,2705.5,7.739539889681146,1
8098,稲畑産業,4450.0,7.783451165226508,1
3498,霞ヶ関キャピタル,7760.0,7.79396305751614,1
4689,ＬＩＮＥヤフー,514.9000244140625,7.836433188364082,1
7550,ゼンショーホールディングス,10755.0,7.860901761428559,1
4763,クリーク・アンド・リバー社,1542.0,7.874983455917103,1
1515,日鉄鉱業,3270.0,7.88376266891892,52
7287,日本精機,2766.0,7.884569772038481,1
6737,ＥＩＺＯ,3045.0,7.888764400011496,1
6505,東洋電機製造,2445.0,7.892947869333436,1
3513,イチカワ,3665.0,7.899186409659646,1
7537,丸文,1882.0,7.902810921374785,1
6501,日立製作所,5505.0,7.918586199497192,1
4979,ＯＡＴアグリオ,2859.0,7.934127154182861,1
2984,ヤマイチエステート,806.0,8.000428785821487,63
5697,サンユウ,825.0,8.012950938589197,1
173A,ハンモック,1602.0,8.024275118004045,58
7182,ゆうちょ銀行,3507.0,8.03796677906831,1
9621,建設技術研究所,3290.0,8.057486263126586,1
2479,ジェイテック,263.0,8.058507724334397,54
9160,オンザページ,334.0,8.062259531304647,1
2354,ＹＥ　ＤＩＧＩＴＡＬ,1265.0,8.074088418558556,50
4076,シイエヌエス,2006.0,8.076388231610983,1
8022,美津濃,4090.0,8.08127700603507,1
5942,日本フイルコン,690.0,8.109252593690455,1
2997,ストレージ王,1322.0,8.116065294906607,55
2060,フィード・ワン,1444.0,8.14319237106196,70
4431,スマレジ,3355.0,8.15131687852308,1
299A,クラシル,1212.0,8.171789654064469,44
9432,ＮＴＴ,171.60000610351562,8.184741942302939,1
5971,共和工業所,8850.0,8.206797415858428,1
8707,岩井コスモホールディングス,4700.0,8.22079780944675,1
8700,丸八証券,2099.0,8.230555903953624,1
4206,アイカ工業,4221.0,8.282922128121305,1
6396,宇野澤組鐵工所,4670.0,8.313613640281453,1
4228,積水化成品工業,617.0,8.353505149746079,1
7619,田中商事,1011.0,8.35385105581786,1
4611,大日本塗料,1565.0,8.3997903328466,1
6915,千代田インテグレ,3620.0,8.405163692282795,1
7613,シークス,1599.0,8.415719115639405,1
6794,フォスター電機,3210.0,8.432579986944628,1
4620,藤倉化成,1071.0,8.48687272428614,1
5845,全保連,1216.0,8.49550266464106,1
9069,センコーグループホールディングス,2343.5,8.507589693534062,1
1960,サンテック,1682.0,8.51426212022159,33
8358,スルガ銀行,2935.0,8.517952253899729,1
4733,オービックビジネスコンサルタント,8039.0,8.602411618120904,1
6333,ＴＥＩＫＯＫＵ,3565.0,8.613399536413754,1
3763,プロシップ,2101.0,8.631917272219122,1
2484,出前館,152.0,8.674928503336506,49
5257,ノバシステム,2895.0,8.70701422330023,1
7670,オーウエル,1221.0,8.71092716028588,1
7337,ひろぎんホールディングス,2458.5,8.727924697445086,1
3167,ＴＯＫＡＩホールディングス,1325.0,8.750369340876997,35
4114,日本触媒,2541.0,8.789530322491071,1
416A,富士ユナイトホールディングス,1342.0,8.805644728336494,1
5831,しずおかフィナンシャルグループ,3644.0,8.819357429232678,1
3180,ビューティガレージ,1630.0,8.834998130441745,34
4776,サイボウズ,2969.0,8.840780739126124,1
4092,日本化学工業,5660.0,8.85039697493405,1
4025,多木化学,5800.0,8.871837148836322,1
3034,クオールホールディングス,2373.0,8.87185573064501,63
5962,浅香工業,2160.0,8.885800703016427,1
4896,ケイファーマ,806.0,8.903009056383286,1
5381,マイポックス,1042.0,8.932683478138022,1
7942,ＪＳＰ,3015.0,8.94255747182563,1
9346,ココルポート,1884.0,8.951946296137104,1
6302,住友重機械工業,6026.0,8.982041781940106,1
7997,くろがね工作所,1143.0,9.00866068666872,1
8410,セブン銀行,345.1000061035156,9.095493614163257,1
9908,日本電計,2944.0,9.102017718260615,1
9339,コーチ・エィ,1489.0,9.1155761975025,1
4377,ワンキャリア,2370.0,9.131638716903645,1
4371,コアコンセプト・テクノロジー,1547.0,9.162860330507575,1
6104,芝浦機械,4810.0,9.177351082755656,1
6448,ブラザー工業,4598.0,9.181807096695527,1
7162,アストマックス,297.0,9.196601579967195,1
4634,ａｒｔｉｅｎｃｅ,5120.0,9.199907770348174,1
7609,ダイトロン,4205.0,9.207363082808362,1
6080,Ｍ＆Ａキャピタルパートナーズ,4235.0,9.221761405220784,1
8001,伊藤忠商事,2218.0,9.24399391654215,1
3113,ＵＮＩＶＡ・Ｏａｋホールディングス,84.0,9.26118626430802,34
1939,四電工,2300.0,9.289271278145948,47
5388,クニミネ工業,1409.0,9.309542280837858,1
8349,東北銀行,1661.0,9.321023889570776,1
5018,ＭＯＲＥＳＣＯ,2347.0,9.3222045975275,1
4088,エア・ウォーター,2916.0,9.33245509588833,1
2109,ＤＭ三井製糖,3835.0,9.402635933131736,52
8308,りそなホールディングス,2564.0,9.40868818097158,1
6391,加地テック,4930.0,9.419192297887012,1
2464,Ａｏｂａ‐ＢＢＴ,374.0,9.433520599250938,47
3558,ジェイドグループ,1867.0,9.517090494007237,1
8927,明豊エンタープライズ,509.0,9.532395021519132,1
8558,東和銀行,1584.0,9.541521036203571,1
4434,サーバーワークス,2436.0,9.549680948040104,1
6869,シスメックス,1852.0,9.56564840945612,1
6444,サンデン,190.0,9.56982543640897,1
4175,ｃｏｌｙ,2900.0,9.58148654997038,1
5367,ニッカトー,1460.0,9.59737875206686,1
6351,鶴見製作所,2594.0,9.611475297503487,1
9913,日邦産業,3735.0,9.695983489442764,1
6182,メタリアル,551.0,9.713701431492847,1
6418,日本金銭機械,1245.0,9.760892097644666,1
189A,Ｄ＆Ｍカンパニー,1094.0,9.780572651859783,72
4911,資生堂,3485.0,9.781067884706252,1
6349,小森コーポレーション,1953.0,9.82248700568406,1
6524,湖北工業,5430.0,9.866433346548726,1
4238,ミライアル,1971.0,9.90761533012825,1
4812,電通総研,2863.0,9.940531171836897,1
6652,ＩＤＥＣ,3820.0,9.94088363410081,1
6638,ミマキエンジニアリング,2183.0,9.961336346557022,1
6776,天昇電気工業,301.0,9.967909158232544,1
3968,セグエグループ,666.0,9.97210755327457,1
8876,リログループ,2284.0,9.97595723706685,1
7504,高速,4515.0,9.977682539055555,1
4415,ブロードエンタープライズ,1471.0,9.995755946727025,1
6743,大同信号,1030.0,9.99826819834902,1
6724,セイコーエプソン,3284.0,10.044648921814572,1
9982,タキヒヨー,2807.0,10.048688483769624,1
6301,小松製作所,7633.0,10.058025571779853,1
5998,アドバネクス,2994.0,10.08173303853128,1
7167,めぶきフィナンシャルグループ,1723.0,10.105829472493404,1
4167,ココペリ,339.0,10.142255005268696,1
8150,三信電気,3305.0,10.19098810097724,1
4243,ニックス,1072.0,10.22983075341133,1
7695,交換できるくん,880.0,10.242085661080075,1
2120,ＬＩＦＵＬＬ,236.0,10.2528964743989,60
4919,ミルボン,3260.0,10.345710861669918,1
8050,セイコーグループ,9890.0,10.34950695093635,1
8739,スパークス・グループ,2649.0,10.375621484355197,1
9619,イチネンホールディングス,2729.0,10.42179281082204,1
8383,鳥取銀行,1962.0,10.441039996348753,1
6788,日本トリム,5270.0,10.444633248371565,1
8544,京葉銀行,2975.0,10.4599529359819,1
4968,荒川化学工業,2371.0,10.471405275054623,1
8285,三谷産業,812.0,10.492442352248908,1
8704,トレイダーズホールディングス,1434.0,10.49491341878651,1
7246,プレス工業,995.0,10.5207066840786,1
9441,ベルパーク,3100.0,10.522791109997645,1
2124,ジェイエイシーリクルートメント,1039.0,10.52877932540921,58
575A,前澤ホールディングス,1912.0,10.567733364591888,1
581A,ＧＯ,3420.0,10.571252931399556,1
3778,さくらインターネット,3635.0,10.572614790150858,1
6820,アイコム,3715.0,10.602842015481416,1
4119,日本ピグメントホールディングス,6360.0,10.604796540662496,1
9340,アソインターナショナル,804.0,10.607919687674292,1
6184,鎌倉新書,600.0,10.637661658069815,1
6532,ベイカレント,7690.0,10.639307225987585,1
2934,ジェイフロンティア,2021.0,10.654840122645638,68
4477,ＢＡＳＥ,336.0,10.678833741375469,1
2764,ひらまつ,166.0,10.735568798363426,40
7358,ポピンズ,1778.0,10.755503177743163,1
3766,システムズ・デザイン,1548.0,10.757449770850648,1
3864,三菱製紙,1248.0,10.801569304970656,1
2760,東京エレクトロン　デバイス,4500.0,10.83743842364532,12
1914,日本基礎技術,812.0,10.850215693769456,45
8304,あおぞら銀行,3480.0,10.871207799560423,1
9888,ＵＥＸ,1235.0,10.890007886913786,1
5572,Ｒｉｄｇｅ－ｉ,3055.0,10.976932781565868,1
7280,ミツバ,1364.0,11.007731476899044,1
3371,ソフトクリエイトホールディングス,2190.0,11.05400571510803,1
3989,シェアリングテクノロジー,1547.0,11.07467204843593,1
4040,南海化学,4130.0,11.10626386010834,1
8714,池田泉州ホールディングス,1158.0,11.204547224168802,1
5031,モイ,385.0,11.223892250634394,1
3944,古林紙工,3100.0,11.290878456000613,53
4346,ＮＥＸＹＺ．Ｇｒｏｕｐ,972.0,11.293691686394649,1
3994,マネーフォワード,5965.0,11.309483282521477,1
8622,水戸証券,902.0,11.354309165526685,1
9902,日伝,3225.0,11.38700508277597,1
4286,ＣＬホールディングス,1322.0,11.455686828523572,1
7435,ナ・デックス,1418.0,11.499309318882167,1
4684,オービック,4966.0,11.516939174344223,1
2970,ＧＬＣ　ＧＲＯＵＰ,1162.0,11.522022880249784,28
9251,ＡＢ＆Ｃｏｍｐａｎｙ,1573.0,11.536766255916906,1
3691,デジタルプラス,1845.0,11.590613736115545,1
1897,金下建設,3620.0,11.61127212184744,35
8359,八十二長野銀行,2882.5,11.613438298785264,1
5713,住友金属鉱山,9951.0,11.656575673352048,1
7957,フジコピアン,2380.0,11.676156899547262,1
196A,ＭＦＳ,332.0,11.71429853290861,46
4406,新日本理化,248.0,11.71851220551531,1
3179,シュッピン,1333.0,11.80634771522512,10
8522,名古屋銀行,7430.0,11.881651506827016,1
6958,日本シイエムケイ,791.0,11.883326643347292,1
6810,マクセル,2591.0,11.996121427361464,1
9563,Ａｔｌａｓ　Ｔｅｃｈｎｏｌｏｇｉｅｓ,357.0,12.011871952512196,1
7119,ハルメクホールディングス,1981.0,12.019256485691354,1
2384,ＳＢＳホールディングス,5250.0,12.064549180327864,35
7438,コンドーテック,1790.0,12.121212121212125,1
7128,ユニソルホールディングス,2928.0,12.124113163219358,1
6023,ダイハツインフィニアース,3240.0,12.126455595566572,1
7350,おきなわフィナンシャルグループ,8160.0,12.127458080329784,1
9780,ハリマビステム,1122.0,12.20606519271312,1
6508,明電舎,11570.0,12.235855487389232,1
2597,ユニカフェ,1320.0,12.242352781116075,128
7189,西日本フィナンシャルホールディングス,5091.0,12.449518692634872,1
9928,ミロク情報サービス,2114.0,12.4945167947879,1
6837,京写,413.0,12.505061660224555,1
5121,藤倉コンポジット,2977.0,12.512321309097594,1
6364,ＡＩＲＭＡＮ,2518.0,12.529516562490572,1
5830,いよぎんホールディングス,4038.0,12.557915276072226,1
7713,シグマ光機,2480.0,12.595173966660727,1
3753,フライトソリューションズ,222.0,12.620826763556597,1
9130,共栄タンカー,1727.0,12.63903823441273,1
7192,日本モーゲージサービス,698.0,12.84874702322432,1
7366,ＬＩＴＡＬＩＣＯ,1945.0,12.865914384071894,1
304A,フォルシア,2166.0,12.914224526600544,1
6840,ＡＫＩＢＡホールディングス,860.0,12.934996717005909,1
4016,ＭＩＴホールディングス,1085.0,13.01446990597376,1
7510,たけびし,2914.0,13.037506880192906,1
8399,琉球銀行,3360.0,13.051069402007863,1
7567,栄電子,645.0,13.06407674997038,1
4674,クレスコ,1926.0,13.08197657812054,1
9107,川崎汽船,3325.0,13.13423914292939,1
4768,大塚商会,3664.0,13.13974303871945,1
8609,岡三証券グループ,1242.0,13.183010479908368,1
3979,うるる,471.0,13.199090613835656,1
4840,トライアイズ,725.0,13.276466365440658,1
5832,ちゅうぎんフィナンシャルグループ,3811.0,13.280926768721562,1
7856,萩原工業,2080.0,13.334805978941173,1
2805,ヱスビー食品,7260.0,13.33950854989956,96
9889,ＪＢＣＣホールディングス,1728.0,13.475378703843392,1
6513,オリジン,1310.0,13.49693251533742,1
4722,フューチャー,2425.0,13.541455760275362,1
1518,三井松島ホールディングス,2259.0,13.565525146292904,77
8131,ミツウロコグループホールディングス,2459.0,13.61584425477182,1
2782,セリア,4630.0,13.649380614966695,57
6742,京三製作所,1106.0,13.650123587080287,1
9278,ブックオフグループホールディングス,2892.0,13.664754620777572,1
5975,東プレ,3365.0,13.724487232769606,1
5246,ＥＬＥＭＥＮＴＳ,854.0,13.74370050395968,1
8542,トマト銀行,1960.0,13.853303190153229,1
8237,松屋,2267.0,14.037305924898709,1
2175,エス・エム・エス,2688.0,14.097492232201974,168
8075,神鋼商事,3150.0,14.124288253178682,1
7883,サンメッセ,455.0,14.25565848858122,1
4020,ビートレンド,846.0,14.270068995728836,1
9104,商船三井,7085.0,14.27967339323159,1
4203,住友ベークライト,8394.0,14.381995160702251,1
3105,日清紡ホールディングス,2634.0,14.457377590572248,8
6943,ＮＫＫスイッチズ,6010.0,14.47177071670335,1
4376,くふうカンパニーホールディングス,186.0,14.556803995006238,1
2121,ＭＩＸＩ,3660.0,14.599902308280008,64
9824,泉州電業,7990.0,14.687512123210617,1
3926,オープンドア,433.0,14.689669983534978,1
7094,ＮｅｘＴｏｎｅ,1817.0,14.76540427965414,1
4627,ナトコ,2090.0,14.933303607921816,1
7180,九州フィナンシャルグループ,1770.0,14.954735146852965,1
8418,山口フィナンシャルグループ,3547.0,14.997097449041055,1
546A,ＭＩＲＡＩＮＩホールディングス,2620.0,15.226435278735291,1
7803,ブシロード,435.0,15.322609536774978,1
9632,スバル興業,4170.0,15.363478325887437,1
5010,日本精蝋,298.0,15.395081109366831,1
3623,ビリングシステム,1286.0,15.43285501146275,1
6194,アトラエ,947.0,15.468775745592358,1
7272,ヤマハ発動機,1801.5,15.559350389861438,1
8562,福島銀行,417.0,15.59468065180746,1
9101,日本郵船,7197.0,15.609438426639466,1
8524,北洋銀行,1399.0,15.61337874811548,1
4360,マナック・ケミカル・パートナーズ,998.0,15.7391590527982,1
2820,やまみ,6320.0,15.7989885911123,77
3560,ほぼ日,5070.0,15.819531696173614,1
5820,三ッ星,897.0,15.853041277598392,1
4461,第一工業製薬,14460.0,15.930660888407363,1
3036,アルコニックス,3420.0,16.079631079472676,47
4409,東邦化学工業,880.0,16.12397018438603,1
7075,ＱＬＳホールディングス,1001.0,16.14349775784753,1
8159,立花エレテック,4275.0,16.187677899182802,1
9697,カプコン,4340.0,16.289006206232298,1
7630,壱番屋,1113.0,16.322293623331678,1
5986,モリテック　スチール,287.0,16.37260273972603,1
8563,大東銀行,1239.0,16.576180243868322,1
9304,澁澤倉庫,2207.0,16.6090706574513,1
8037,カメイ,4740.0,16.702155975512376,1
5019,出光興産,1591.0,16.73532925819614,1
4625,アトミクス,914.0,16.754703953046786,1
7811,中本パックス,2300.0,16.90122464678934,1
4389,プロパティデータバンク,1196.0,16.926491571103945,1
6523,ＰＨＣホールディングス,1431.0,17.112175269019364,1
3762,テクマトリックス,2484.0,17.245294331511243,1
4053,Ｓｕｎ　Ａｓｔｅｒｉｓｋ,532.0,17.271373249925528,1
8550,栃木銀行,1203.0,17.418486862931296,1
8395,佐賀銀行,7020.0,17.484225524119687,1
6340,澁谷工業,5570.0,17.617851843396867,1
3020,アプライド,5030.0,17.660818713450293,68
7381,ＣＣＩグループ,1366.0,17.725705767259846,1
8066,三谷商事,3565.0,17.72659725910027,1
8364,清水銀行,3325.0,17.8908533371664,1
4255,ＴＨＥＣＯＯ,3450.0,17.894250750404066,1
6258,平田機工,3835.0,18.120330482196,1
8104,クワザワホールディングス,820.0,18.43928717818594,1
8154,加賀電子,5530.0,18.56466122933839,1
9366,サンリツ,1279.0,18.69920738436841,1
7327,第四北越フィナンシャルグループ,2838.0,18.837496180441605,1
8600,トモニホールディングス,1214.0,18.892021016132663,1
1827,ナカノフドー建設,1569.0,18.923698837796877,25
2146,ＵＴグループ,240.0,18.937491740451964,37
6890,フェローテック,10720.0,18.980696833800785,1
8368,百五銀行,2590.0,19.234549775416507,1
7727,オーバル,947.0,19.293885332970177,1
4635,東京インキ,2039.0,19.424745140252018,1
8537,大光銀行,3470.0,19.454782285076284,1
2531,宝ホールディングス,2668.0,19.63839429849212,19
8338,筑波銀行,822.0,19.711879083681023,1
3676,デジタルハーツホールディングス,1050.0,19.731874566607598,1
4629,大伸化学,2480.0,19.750455502404662,37
6668,アドテック　プラズマ　テクノロジー,4395.0,19.79888021217032,1
319A,技術承継機構,22420.0,19.81616075245832,40
3850,エヌ・ティ・ティ・データ・イントラマート,3950.0,19.857958273192494,1
8137,サンワテクノス,4780.0,19.892892248245936,1
3628,データホライゾン,704.0,19.92357450334937,1
9110,ＮＳユナイテッド海運,10520.0,19.93406153229906,1
6098,リクルートホールディングス,16790.0,19.964468132356213,1
3793,ドリコム,549.0,20.216606498194945,1
3173,Ｃｏｍｉｎｉｘ,1485.0,20.2545996372117,93
6769,ザインエレクトロニクス,1323.0,20.256476397538403,1
3276,ＪＰＭＣ,2268.0,20.275764539508568,59
8334,群馬銀行,3169.0,20.41200905762683,1
269A,Ｓａｐｅｅｔ,3040.0,20.55901310814884,48
3422,Ｊ－ＭＡＸ,666.0,20.85335948994606,1
5029,サークレイス,955.0,20.921239498314588,1
135A,ＶＲＡＩＮ　Ｓｏｌｕｔｉｏｎ,5040.0,20.959999999999997,16
4565,ネクセラファーマ,1251.0,21.138445433132688,1
3040,ソリトンシステムズ,2637.0,21.236859762916563,1
7774,ジャパン・ティッシュエンジニアリング,892.0,21.34492710995092,1
7867,タカラトミー,4252.0,21.44421693745574,1
4616,川上塗料,2545.0,21.5149853211601,1
3132,マクニカホールディングス,4239.0,21.62441325330241,41
7832,バンダイナムコホールディングス,5740.0,21.766700780607227,1
7976,三菱鉛筆,3490.0,22.01125341925364,1
4478,フリー,3560.0,22.12976055260657,1
6898,トミタ電機,4880.0,22.14649326049824,1
6912,菊水ホールディングス,2739.0,22.20527321728959,1
276A,ククレブ・アドバイザーズ,4350.0,22.21343991968563,61
7175,今村証券,2068.0,22.50792532581896,1
8713,フィデアホールディングス,2906.0,22.53009920058347,1
4967,小林製薬,6924.0,22.54134529147983,1
4258,網屋,5360.0,22.55592633790632,1
7184,富山第一銀行,3690.0,22.59961836345268,1
6694,ズーム,852.0,22.642390289449114,1
2489,アドウェイズ,424.0,22.77518242538897,72
431A,ユーソナー,2683.0,22.97429544750697,1
6460,セガサミーホールディングス,3335.0,23.335798816568047,1
9236,ジャパンＭ＆Ａソリューション,1480.0,23.569897325961865,1
4234,サンエー化研,1025.0,23.604660637171023,1
7083,ＡＨＣグループ,1298.0,24.111019226793456,1
460A,ＢＲＡＮＵ,1213.0,24.26214076083947,1
2767,円谷フィールズホールディングス,2528.0,24.629431213888022,58
5575,Ｇｌｏｂｅｅ,1209.0,24.66522678185745,1
6045,レントラックス,2245.0,24.76062451655539,1
6647,森尾電機,3815.0,24.82755571276972,1
9507,四国電力,2182.5,24.86325384338845,1
3187,ミラタップ,405.0,24.958861280236952,61
5252,日本ナレッジ,1007.0,25.12887679881785,1
8346,東邦銀行,1134.0,25.43122776598608,1
4100,戸田工業,2001.0,25.433290978398983,1
4849,エン,1748.0,25.484565685570708,1
479A,ＰＲＯＮＩ,1997.0,25.53666845060612,1
6337,テセック,3675.0,25.69967968421394,1
296A,令和アカウンティング・ホールディングス,1178.0,25.89953687210545,48
7161,じもとホールディングス,689.0,26.15613014969689,1
4417,グローバルセキュリティエキスパート,5440.0,26.185259370014077,1
477A,スタートライン,848.0,26.23870928805649,1
3103,ユニチカ,1527.0,26.56234459437059,32
3177,ありがとうサービス,5130.0,26.679178190438563,59
7256,河西工業,554.0,26.883317858248223,1
5142,アキレス,1925.0,26.983419504367973,1
6977,日本抵抗器製作所,1894.0,27.04265694965645,1
5537,ＡｌｂａＬｉｎｋ,3815.0,27.05735155789388,1
4475,ＨＥＮＮＧＥ,1775.0,27.08256738713984,1
3851,日本一ソフトウェア,1383.0,27.14397525250642,1
5985,サンコール,2307.0,27.311234572504567,1
4847,インテリジェント　ウェイブ,1468.0,27.402160273024744,1
4937,Ｗａｑｏｏ,2390.0,27.512617159336692,1
6918,アバールデータ,4375.0,27.73974629604056,1
9722,藤田観光,2893.0,27.81930645777609,1
7384,プロクレアホールディングス,5550.0,27.93595414615911,1
9344,アクシスコンサルティング,1388.0,28.23131374923532,1
8362,福井銀行,8160.0,28.32369942196532,1
4972,綜研化学,4565.0,28.573929724133723,1
3652,ディジタルメディアプロフェッショナル,3235.0,28.736139045140185,1
558A,ＳＱＵＥＥＺＥ,6380.0,28.786928175891312,1
7624,ＮａＩＴＯ,190.0,29.23981983638202,1
150A,ＪＳＨ,725.0,29.242726754135763,56
4180,Ａｐｐｉｅｒ　Ｇｒｏｕｐ,1407.0,29.31664058424621,1
3156,レスター,6050.0,30.19899284084876,44
3633,ＧＭＯペパボ,2647.0,30.288276063907617,1
5027,ＡｎｙＭｉｎｄ　Ｇｒｏｕｐ,804.0,30.30794165316045,1
428A,サイプレス・ホールディングス,1823.0,30.706326906307524,1
2492,インフォマート,723.0,30.927660807417418,59
1848,富士ピー・エス,910.0,30.932739899474356,78
7480,スズデン,3815.0,31.56459858606853,1
3653,モルフォ,1033.0,31.9239265497722,1
5256,Ｆｕｓｉｃ,3315.0,31.95236353465154,1
5033,ヌーラボ,1241.0,32.00040246654497,1
5301,東海カーボン,2346.5,32.03935912156767,1
9308,乾汽船,2467.0,32.04441069039094,1
8541,愛媛銀行,3610.0,32.08405438813351,1
3374,内外テック,4895.0,32.50733448929275,1
3054,ハイパー,383.0,33.30511264757065,1
5136,ｔｒｉｐｌａ,2513.0,33.566523975062495,1
219A,Ｈｅａｒｔｓｅｅｄ,2602.0,33.733998519777415,38
5242,アイズ,2330.0,33.87893281982794,1
7743,シード,793.0,34.12721994925831,1
6599,エブレン,4470.0,34.47052079987966,1
7826,フルヤ金属,11560.0,34.82961888850362,1
6138,ダイジェット工業,2070.0,36.45595781071837,1
8344,山形銀行,5720.0,36.769148747112126,1
3907,シリコンスタジオ,1939.0,37.03441952859381,1
8387,四国銀行,4765.0,38.34407699339686,1
7475,アルビス,3765.0,38.86064593301436,1
6317,北川鉄工所,2560.0,40.45493638601381,1
446A,ノースサンド,2384.0,41.189275710284114,1
6440,ＪＵＫＩ,869.0,41.33186813186812,1
8995,誠建設工業,1835.0,41.79649972849923,1
142A,ジンジブ,1139.0,42.348902701171454,45
4174,アピリッツ,1145.0,43.04526193169348,1
5542,新報国マテリアル,1298.0,45.800634496577054,1
6203,豊和工業,2457.0,46.27588537225056,1
6998,日本タングステン,3975.0,47.31881263491079,1
2962,テクニスコ,2211.0,47.71249398727976,38
6570,共和コーポレーション,4000.0,48.63317733544901,1
3077,ホリイフードサービス,1465.0,48.829680600330505,68
8848,レオパレス２１,1021.0,49.0540353922942,1
9082,大和自動車交通,2700.0,49.3128470327995,1
4933,Ｉ－ｎｅ,2127.0,50.46890684001721,1
5243,ｎｏｔｅ,3560.0,50.627519368764126,1
2737,トーメンデバイス,38450.0,52.25873557270933,41
6027,弁護士ドットコム,5170.0,52.632712823254366,1
4436,ミンカブ・ジ・インフォノイド,692.0,53.574856046065264,1
7552,ハピネット,5180.0,53.60818132273266,1
6191,エアトリ,1430.0,54.20485842938957,1
6533,Ｏｒｃｈｅｓｔｒａ　Ｈｏｌｄｉｎｇｓ,1875.0,58.99116524768245,1
3131,シンデン・ハイテックス,8000.0,60.17726283754023,41
336A,ダイナミックマッププラットフォーム,1586.0,62.62384126148346,1
4588,オンコリスバイオファーマ,5880.0,65.70823590345111,1
7133,ＨＹＵＧＡ　ＰＲＩＭＡＲＹ　ＣＡＲＥ,2103.0,70.72239591903899,1
6862,ミナトホールディングス,5160.0,75.50939736441735,1
4440,ヴィッツ,2493.0,76.95945362634411,1
6904,原田工業,961.0,83.61002814283133,1
4052,フィーチャ,1149.0,128.56451612903226,1
