Ticker,銘柄名,終値,RCI,75SMA越
3349,コスモス薬品,8689.0,-100.0,0
4168,ヤプリ,1035.0,-100.0,77
9435,光通信,39090.0,-100.0,0
4685,菱友システムズ,7220.0,-98.75,24
3106,倉敷紡績,7320.0,-98.75,0
4307,野村総合研究所,5713.0,-98.33333333333334,0
7972,イトーキ,2324.0,-98.33333333333334,93
3182,オイシックス・ラ・大地,1589.0,-98.33333333333334,0
1434,ＪＥＳＣＯホールディングス,1059.0,-98.33333333333334,58
8864,空港施設,1032.0,-98.33333333333334,99
3353,メディカル一光グループ,3050.0,-98.33333333333334,99
2585,ライフドリンク　カンパニー,2400.0,-98.33333333333334,76
7832,バンダイナムコホールディングス,5052.0,-98.33333333333334,29
2999,ホームポジション,481.0,-98.33333333333334,0
6246,テクノスマート,1854.0,-98.33333333333334,47
6367,ダイキン工業,18310.0,-98.33333333333334,46
8914,エリアリンク,2312.0,-97.08333333333334,0
4826,ＣＩＪ,488.0,-97.08333333333334,87
3397,トリドールホールディングス,4908.0,-96.66666666666666,32
4709,ＩＤホールディングス,2267.0,-96.66666666666666,0
7077,ＡＬｉＮＫインターネット,1033.0,-96.66666666666666,0
9658,ビジネスブレイン太田昭和,2790.0,-96.66666666666666,30
4058,トヨクモ,3205.0,-96.66666666666666,76
3850,エヌ・ティ・ティ・データ・イントラマート,3835.0,-96.66666666666666,88
7760,ＩＭＶ,1749.0,-96.66666666666666,0
7901,マツモト,1117.0,-96.66666666666666,39
7878,光・彩,1206.0,-96.66666666666666,46
7236,ティラド,6740.0,-96.66666666666666,91
4091,日本酸素ホールディングス,5363.0,-96.66666666666666,0
2485,ティア,540.0,-96.66666666666666,0
8255,アクシアル　リテイリング,1154.0,-96.25,143
7447,ナガイレーベン,2034.0,-95.83333333333331,0
3548,バロックジャパンリミテッド,760.0,-95.83333333333331,0
3167,ＴＯＫＡＩホールディングス,1048.0,-95.83333333333331,99
3648,ＡＧＳ,1260.0,-95.41666666666666,81
3908,コラボス,414.0,-95.0,74
2404,鉄人化ホールディングス,537.0,-95.0,139
4722,フューチャー,2213.0,-95.0,0
3245,ディア・ライフ,1321.0,-95.0,99
6208,石川製作所,1587.0,-95.0,34
3541,農業総合研究所,535.0,-95.0,42
9766,コナミグループ,22145.0,-95.0,33
2371,カカクコム,2691.0,-95.0,94
4776,サイボウズ,3685.0,-95.0,98
2742,ハローズ,5020.0,-94.58333333333331,101
4707,キタック,371.0,-94.58333333333331,75
4375,セーフィー,999.0,-94.16666666666669,0
3010,ポラリス・ホールディングス,204.0,-93.75,0
1810,松井建設,1404.0,-93.75,99
3987,エコモット,512.0,-93.75,0
3030,ハブ,769.0,-93.75,60
7965,象印マホービン,1672.0,-93.33333333333331,44
3770,ザッパラス,404.0,-93.33333333333331,28
8801,三井不動産,1569.0,-93.33333333333331,22
7681,レオクラン,1089.0,-93.33333333333331,16
4668,明光ネットワークジャパン,741.0,-93.33333333333331,0
4194,ビジョナル,11385.0,-93.33333333333331,97
2164,地域新聞社,652.0,-93.33333333333331,76
9733,ナガセ,1935.0,-93.33333333333331,61
3691,デジタルプラス,1437.0,-93.33333333333331,69
9072,ニッコンホールディングス,3196.0,-93.33333333333331,0
7649,スギホールディングス,3729.0,-93.33333333333331,152
8844,コスモスイニシア,1399.0,-93.33333333333331,201
9932,杉本商事,1811.0,-93.33333333333331,1
3479,ティーケーピー,1961.0,-93.33333333333331,13
3796,いい生活,511.0,-93.33333333333331,14
1776,三井住建道路,1469.0,-92.91666666666669,0
4998,フマキラー,1166.0,-92.91666666666669,38
6699,ダイヤモンドエレクトリックホールディングス,579.0,-92.91666666666669,0
9474,ゼンリン,1054.0,-92.08333333333334,0
6503,三菱電機,3515.0,-92.08333333333334,88
3549,クスリのアオキホールディングス,3929.0,-92.08333333333334,93
8891,ＡＭＧホールディングス,2177.0,-92.08333333333334,99
4431,スマレジ,3295.0,-92.08333333333334,0
9436,沖縄セルラー電話,5050.0,-92.08333333333334,83
9628,燦ホールディングス,1468.0,-91.66666666666669,0
3989,シェアリングテクノロジー,1062.0,-91.66666666666669,0
6706,電気興業,2119.0,-91.66666666666669,118
5576,オービーシステム,2755.0,-91.66666666666669,0
3222,ユナイテッド・スーパーマーケット・ホールディングス,969.0,-91.66666666666669,33
6517,デンヨー,2806.0,-91.66666666666669,0
9127,玉井商船,2108.0,-91.66666666666669,0
9347,日本管財ホールディングス,2781.0,-91.66666666666669,72
4419,Ｆｉｎａｔｅｘｔホールディングス,1245.0,-91.66666666666669,93
9369,キユーソー流通システム,3350.0,-91.66666666666669,77
6823,リオン,2605.0,-91.66666666666669,58
7532,パン・パシフィック・インターナショナルホールディングス,5345.0,-91.66666666666669,99
2533,オエノンホールディングス,590.0,-91.66666666666669,99
2914,日本たばこ産業,4687.0,-91.66666666666669,22
1949,住友電設,6640.0,-91.66666666666669,95
7974,任天堂,13155.0,-91.66666666666669,90
7442,中山福,413.0,-91.25,69
3370,フジタコーポレーション,357.0,-91.25,0
5819,カナレ電気,1657.0,-91.25,88
7011,三菱重工業,3720.0,-91.25,99
2120,ＬＩＦＵＬＬ,221.0,-90.83333333333334,71
3920,アイビーシー,1006.0,-90.41666666666666,9
9424,日本通信,154.0,-90.41666666666666,0
6284,日精エー・エス・ビー機械,6960.0,-90.41666666666666,77
6118,アイダエンジニアリング,924.0,-90.41666666666666,1
8167,リテールパートナーズ,1420.0,-90.41666666666666,51
7035,ａｎｄ　ｆａｃｔｏｒｙ,255.0,-90.41666666666666,0
6573,アジャイルメディア・ネットワーク,127.0,-90.41666666666666,60
6703,沖電気工業,1542.0,-89.99999999999999,1
4680,ラウンドワン,1479.0,-89.99999999999999,71
3040,ソリトンシステムズ,1370.0,-89.99999999999999,98
9989,サンドラッグ,4625.0,-89.99999999999999,22
9425,ＲｅＹｕｕ　Ｊａｐａｎ,601.0,-89.99999999999999,0
2138,クルーズ,622.0,-89.99999999999999,0
5621,ヒューマンテクノロジーズ,2479.0,-89.99999999999999,98
3843,フリービット,1605.0,-89.99999999999999,24
3932,アカツキ,2865.0,-89.58333333333333,0
6180,ＧＭＯメディア,4990.0,-89.16666666666666,38
8338,筑波銀行,294.0,-89.16666666666666,41
9257,ＹＣＰホールディングス（グローバル）リミテッド　ＪＤＲ,780.0,-88.75,32
3035,ケイティケイ,631.0,-88.75,0
4022,ラサ工業,4515.0,-88.75,93
3242,アーバネットコーポレーション,547.0,-88.75,43
177A,コージンバイオ,1530.0,-88.75,0
7581,サイゼリヤ,5220.0,-88.75,87
6946,日本アビオニクス,4360.0,-88.33333333333333,99
6091,ウエスコホールディングス,757.0,-88.33333333333333,22
2702,日本マクドナルドホールディングス,6520.0,-88.33333333333333,23
3698,ＣＲＩ・ミドルウェア,1475.0,-88.33333333333333,99
6277,ホソカワミクロン,5640.0,-88.33333333333333,66
4362,日本精化,2638.0,-88.33333333333333,70
9622,スペース,1338.0,-88.33333333333333,87
9755,応用地質,2911.0,-88.33333333333333,0
6653,正興電機製作所,1593.0,-88.33333333333333,89
6543,日宣,1237.0,-88.33333333333333,79
6912,菊水ホールディングス,1596.0,-88.33333333333333,58
8174,日本瓦斯,2865.5,-88.33333333333333,154
8276,平和堂,2879.0,-88.33333333333333,0
6387,サムコ,2816.0,-87.91666666666667,0
3148,クリエイトＳＤホールディングス,3380.0,-87.5,100
5959,岡部,938.0,-87.5,30
9746,ＴＫＣ,4365.0,-87.5,97
8515,アイフル,471.0,-87.5,93
9782,ディーエムエス,3285.0,-87.5,210
3077,ホリイフードサービス,445.0,-87.08333333333333,27
8739,スパークス・グループ,1545.0,-87.08333333333333,29
7162,アストマックス,240.0,-87.08333333333333,0
7721,東京計器,4255.0,-87.08333333333333,69
2734,サーラコーポレーション,1001.0,-87.08333333333333,98
4662,フォーカスシステムズ,1622.0,-86.66666666666667,86
5204,石塚硝子,2939.0,-86.66666666666667,70
4113,田岡化学工業,1379.0,-86.66666666666667,80
7520,エコス,2732.0,-86.66666666666667,23
2659,サンエー,2891.0,-86.66666666666667,0
4031,片倉コープアグリ,1000.0,-86.66666666666667,2
4845,スカラ,416.0,-86.66666666666667,44
3097,物語コーポレーション,4215.0,-86.66666666666667,99
3088,マツキヨココカラ＆カンパニー,3054.0,-86.66666666666667,1
4733,オービックビジネスコンサルタント,8546.0,-86.66666666666667,3
8217,オークワ,935.0,-86.25,0
3744,サイオス,512.0,-86.25,64
9982,タキヒヨー,1720.0,-85.83333333333334,84
1950,日本電設工業,2732.0,-85.83333333333334,93
9731,白洋舎,3450.0,-85.83333333333334,147
2305,スタジオアリス,2116.0,-85.83333333333334,0
8203,ＭｒＭａｘＨＤ,851.0,-85.41666666666667,41
2344,平安レイサービス,1001.0,-85.41666666666667,83
2124,ジェイエイシーリクルートメント,1102.0,-85.41666666666667,137
4728,トーセ,678.0,-85.41666666666667,63
3045,カワサキ,1433.0,-85.41666666666667,1
255A,ジーエルテクノホールディングス,3095.0,-85.41666666666667,54
5947,リンナイ,3687.0,-85.00000000000001,0
6856,堀場製作所,11085.0,-85.00000000000001,88
6141,ＤＭＧ森精機,2984.0,-85.00000000000001,0
7366,ＬＩＴＡＬＩＣＯ,1333.0,-85.00000000000001,29
4633,サカタインクス,2256.0,-85.00000000000001,90
3675,クロス・マーケティンググループ,705.0,-85.00000000000001,0
8566,リコーリース,5660.0,-85.00000000000001,38
8279,ヤオコー,9104.0,-85.00000000000001,0
3193,エターナルホスピタリティグループ,2961.0,-85.00000000000001,0
9264,ポエック,1685.0,-85.00000000000001,0
5210,日本山村硝子,2878.0,-85.00000000000001,139
7157,ライフネット生命保険,2264.0,-85.00000000000001,93
3024,クリエイト,1105.0,-85.00000000000001,50
7946,光陽社,1860.0,-85.00000000000001,30
3034,クオールホールディングス,2110.0,-85.00000000000001,25
6083,ＥＲＩホールディングス,2868.0,-84.58333333333334,43
7191,イントラスト,1015.0,-84.58333333333334,94
6099,エラン,819.0,-83.74999999999999,82
4373,シンプレクス・ホールディングス,4465.0,-83.74999999999999,99
5843,ニッポンインシュア,3250.0,-83.74999999999999,196
9627,アインホールディングス,6062.0,-83.74999999999999,60
4483,ＪＭＤＣ,4187.0,-83.74999999999999,70
3191,ジョイフル本田,2155.0,-83.74999999999999,29
8830,住友不動産,6098.0,-83.33333333333333,23
3992,ニーズウェル,526.0,-83.33333333333333,40
8699,ＨＳホールディングス,1059.0,-83.33333333333333,106
4771,エフアンドエム,2675.0,-83.33333333333333,156
8273,イズミ,3229.0,-83.33333333333333,0
4997,日本農薬,988.0,-83.33333333333333,94
2270,雪印メグミルク,2900.0,-83.33333333333333,11
9337,トリドリ,2987.0,-83.33333333333333,39
7745,Ａ＆Ｄホロンホールディングス,1986.0,-83.33333333333333,70
4979,ＯＡＴアグリオ,2419.0,-83.33333333333333,39
8316,三井住友フィナンシャルグループ,4050.0,-83.33333333333333,71
2804,ブルドックソース,2117.0,-83.33333333333333,71
4069,ＢｌｕｅＭｅｍｅ,2012.0,-83.33333333333333,60
5301,東海カーボン,1009.5,-83.33333333333333,0
6507,シンフォニアテクノロジー,7750.0,-83.33333333333333,0
215A,タイミー,2276.0,-82.91666666666666,90
3951,朝日印刷,904.0,-82.5,43
3091,ブロンコビリー,3835.0,-82.5,28
9376,ユーラシア旅行社,729.0,-82.5,52
4246,ダイキョーニシカワ,758.0,-82.5,78
6822,大井電気,3805.0,-82.08333333333333,49
7013,ＩＨＩ,15095.0,-82.08333333333333,0
6183,ベルシステム２４ホールディングス,1338.0,-82.08333333333333,68
4301,アミューズ,1958.0,-82.08333333333333,23
3909,ショーケース,316.0,-82.08333333333333,0
7111,ＩＮＥＳＴ,57.0,-82.08333333333333,46
3905,データセクション,2432.0,-81.66666666666667,2
3388,明治電機工業,2087.0,-81.66666666666667,83
9434,ソフトバンク,231.8999938964844,-81.66666666666667,22
4691,ワシントンホテル,1528.0,-81.66666666666667,24
3967,エルテス,685.0,-81.66666666666667,0
8252,丸井グループ,3215.0,-81.66666666666667,101
7363,ベビーカレンダー,1649.0,-81.66666666666667,86
2692,伊藤忠食品,10260.0,-81.66666666666667,99
8725,ＭＳ＆ＡＤインシュアランスグループホールディングス,3492.0,-81.66666666666667,20
6497,ハマイ,1188.0,-81.25,60
211A,カドス・コーポレーション,4585.0,-81.25,101
2329,東北新社,680.0,-80.83333333333333,38
3607,クラウディアホールディングス,351.0,-80.83333333333333,0
3277,サンセイランディック,1270.0,-80.83333333333333,99
2698,キャンドゥ,3640.0,-80.83333333333333,38
9428,クロップス,1500.0,-80.41666666666667,85
8157,都築電気,3210.0,-80.41666666666667,83
1433,ベステラ,1254.0,-80.0,98
5658,日亜鋼業,376.0,-80.0,43
4718,早稲田アカデミー,2717.0,-80.0,101
4931,新日本製薬,2392.0,-80.0,20
6707,サンケン電気,8257.0,-80.0,1
2686,ジーフット,280.0,-80.0,0
2353,日本駐車場開発,293.0,-80.0,99
148A,ハッチ・ワーク,2458.0,-80.0,78
6508,明電舎,5780.0,-79.58333333333334,69
9946,ミニストップ,1970.0,-79.58333333333334,99
2483,翻訳センター,2033.0,-79.58333333333334,40
9979,大庄,1216.0,-79.58333333333334,42
3562,Ｎｏ．１,2077.0,-78.75000000000001,0
5974,中国工業,551.0,-78.75000000000001,90
9948,アークス,3025.0,-78.75000000000001,61
2354,ＹＥ　ＤＩＧＩＴＡＬ,672.0,-78.75000000000001,86
2053,中部飼料,1722.0,-78.75000000000001,99
7906,ヨネックス,4080.0,-78.75000000000001,79
8163,ＳＲＳホールディングス,1275.0,-78.33333333333334,55
4926,シーボン,1195.0,-78.33333333333334,55
8142,トーホー,3485.0,-78.33333333333334,30
3300,アンビション　ＤＸ　ホールディングス,2696.0,-78.33333333333334,36
3670,協立情報通信,2190.0,-78.33333333333334,52
3103,ユニチカ,209.0,-78.33333333333334,66
9537,北陸瓦斯,3740.0,-78.33333333333334,22
367A,プリモグローバルホールディングス,1926.0,-78.33333333333334,40
6222,島精機製作所,1080.0,-78.33333333333334,49
9065,山九,8225.0,-77.91666666666666,99
3465,ケイアイスター不動産,5340.0,-77.91666666666666,23
5928,アルメタックス,282.0,-77.49999999999999,67
7043,アルー,888.0,-77.49999999999999,137
7134,アップガレージグループ,1164.0,-77.08333333333333,19
3280,エストラスト,1174.0,-77.08333333333333,101
1377,サカタのタネ,3615.0,-77.08333333333333,24
7619,田中商事,817.0,-77.08333333333333,81
5660,神鋼鋼線工業,1366.0,-76.66666666666666,42
3075,銚子丸,1553.0,-76.66666666666666,41
3907,シリコンスタジオ,994.0,-76.66666666666666,70
4199,ワンダープラネット,1236.0,-76.66666666666666,98
4056,ニューラルグループ,814.0,-76.66666666666666,60
9143,ＳＧホールディングス,1620.0,-76.66666666666666,61
6564,ミダックホールディングス,1962.0,-76.66666666666666,0
2307,クロスキャット,1151.0,-76.66666666666666,29
9692,シーイーシー,2269.0,-76.66666666666666,29
3636,三菱総合研究所,4790.0,-76.66666666666666,33
1888,若築建設,5750.0,-76.66666666666666,73
7513,コジマ,1097.0,-76.66666666666666,0
6361,荏原製作所,3061.0,-76.66666666666666,54
4072,電算システムホールディングス,3690.0,-76.66666666666666,76
4612,日本ペイントホールディングス,1066.5,-76.66666666666666,0
1966,高田工業所,1577.0,-76.66666666666666,89
7059,コプロ・ホールディングス,2202.0,-76.25,88
5618,ナイル,457.0,-75.83333333333333,91
5852,アーレスティ,923.0,-75.41666666666667,75
9267,Ｇｅｎｋｙ　ＤｒｕｇＳｔｏｒｅｓ,4610.0,-75.41666666666667,93
6031,ＺＥＴＡ,402.0,-75.41666666666667,70
8804,東京建物,2811.5,-75.41666666666667,22
8308,りそなホールディングス,1487.0,-75.0,79
9973,ＫＯＺＯホールディングス,26.0,-75.0,53
4992,北興化学工業,1607.0,-75.0,72
9265,ヤマシタヘルスケアホールディングス,3095.0,-75.0,31
5609,日本鋳造,879.0,-74.58333333333333,63
2374,セントケア・ホールディング,798.0,-74.58333333333333,30
1773,ワイ・ティー・エル・コーポレーション・バーハッド,89.0,-74.58333333333333,62
9647,協和コンサルタンツ,6210.0,-74.58333333333333,1
6177,ＡｐｐＢａｎｋ,259.0,-74.58333333333333,12
7187,ジェイリース,1674.0,-74.58333333333333,40
3168,ＭＥＲＦ,542.0,-74.16666666666667,0
6103,オークマ,3445.0,-73.75,0
5032,ＡＮＹＣＯＬＯＲ,4675.0,-73.75,101
4166,かっこ,824.0,-73.75,80
4409,東邦化学工業,802.0,-73.75,79
3856,Ａｂａｌａｎｃｅ,1082.0,-73.33333333333334,54
6356,日本ギア工業,705.0,-73.33333333333334,78
8041,ＯＵＧホールディングス,4080.0,-73.33333333333334,75
9861,吉野家ホールディングス,3204.0,-73.33333333333334,0
8904,ＡＶＡＮＴＩＡ,822.0,-73.33333333333334,80
250A,シマダヤ,1740.0,-73.33333333333334,0
8349,東北銀行,1359.0,-73.33333333333334,51
4433,ヒト・コミュニケーションズ・ホールディングス,1112.0,-73.33333333333334,49
8871,ゴールドクレスト,3410.0,-73.33333333333334,0
6029,アトラグループ,217.0,-73.33333333333334,101
7922,三光産業,408.0,-72.50000000000001,16
7172,ジャパンインベストメントアドバイザー,1881.0,-72.08333333333334,38
7383,ネットプロテクションズホールディングス,811.0,-72.08333333333334,66
4481,ベース,3570.0,-72.08333333333334,87
9896,ＪＫホールディングス,1244.0,-72.08333333333334,91
2449,プラップジャパン,1082.0,-72.08333333333334,98
1723,日本電技,5160.0,-72.08333333333334,94
1964,中外炉工業,3975.0,-72.08333333333334,24
4766,ピーエイ,273.0,-72.08333333333334,0
7531,清和中央ホールディングス,1600.0,-72.08333333333334,0
1814,大末建設,2564.0,-71.66666666666666,101
4760,アルファ,2050.0,-71.66666666666666,68
9029,ヒガシホールディングス,1652.0,-71.66666666666666,1
4323,日本システム技術,2094.0,-71.66666666666666,19
4403,日油,2691.5,-71.66666666666666,0
3560,ほぼ日,3070.0,-71.66666666666666,0
5946,長府製作所,1873.0,-71.66666666666666,0
4427,ＥｄｕＬａｂ,373.0,-71.66666666666666,0
8159,立花エレテック,2937.0,-71.66666666666666,80
8836,ＲＩＳＥ,39.0,-71.66666666666666,52
9757,船井総研ホールディングス,2531.0,-71.66666666666666,27
7793,イメージ・マジック,1573.0,-71.66666666666666,47
8593,三菱ＨＣキャピタル,1210.5,-71.24999999999999,76
2892,日本食品化工,3510.0,-71.24999999999999,91
4951,エステー,1579.0,-70.83333333333333,92
6993,大黒屋ホールディングス,48.0,-70.41666666666666,2
8046,丸藤シートパイル,3800.0,-70.41666666666666,88
5592,くすりの窓口,3785.0,-70.41666666666666,166
5018,ＭＯＲＥＳＣＯ,1308.0,-70.41666666666666,70
4627,ナトコ,1466.0,-70.41666666666666,34
2379,ディップ,2368.0,-70.41666666666666,49
7607,進和,3250.0,-70.41666666666666,47
6501,日立製作所,3976.0,-70.41666666666666,0
4889,レナサイエンス,2143.0,-70.41666666666666,0
4761,さくらケーシーエス,1376.0,-70.41666666666666,0
7806,ＭＴＧ,4265.0,-70.41666666666666,124
8931,和田興産,1572.0,-70.0,67
2335,キューブシステム,1185.0,-70.0,82
9241,フューチャーリンクネットワーク,3955.0,-70.0,75
2130,メンバーズ,1259.0,-70.0,22
5957,日東精工,635.0,-70.0,40
9412,スカパーＪＳＡＴホールディングス,1417.0,-70.0,101
9238,バリュークリエーション,1669.0,-70.0,76
7516,コーナン商事,3985.0,-70.0,54
4401,ＡＤＥＫＡ,3334.0,-70.0,67
8194,ライフコーポレーション,2478.0,-70.0,101
3306,日本製麻,892.0,-70.0,62
2820,やまみ,4910.0,-70.0,1
9715,トランス・コスモス,3630.0,-70.0,82
7694,いつも,845.0,-70.0,85
3132,マクニカホールディングス,2013.0,-70.0,61
9543,静岡ガス,1146.0,-70.0,24
9956,バローホールディングス,2834.0,-70.0,51
6460,セガサミーホールディングス,3119.0,-70.0,0
4350,メディカルシステムネットワーク,477.0,-69.58333333333333,14
3232,三重交通グループホールディングス,536.0,-68.75,31
8877,エスリード,5140.0,-68.75,66
8225,タカチホ,3700.0,-68.75,0
2687,シー・ヴイ・エス・ベイエリア,612.0,-68.75,67
3079,ディーブイエックス,1046.0,-68.33333333333333,29
8929,青山財産ネットワークス,2092.0,-68.33333333333333,21
1945,東京エネシス,1691.0,-68.33333333333333,89
9661,歌舞伎座,4560.0,-68.33333333333333,0
3198,ＳＦＰホールディングス,2140.0,-68.33333333333333,0
6758,ソニーグループ,4013.0,-68.33333333333333,19
7357,ジオコード,1137.0,-68.33333333333333,70
4588,オンコリスバイオファーマ,662.0,-68.33333333333333,19
1871,ピーエス・コンストラクション,1832.0,-68.33333333333333,101
5578,ＡＲアドバンストテクノロジ,2800.0,-68.33333333333333,97
8850,スターツコーポレーション,4990.0,-67.91666666666667,85
5580,プロディライト,1699.0,-67.91666666666667,96
7445,ライトオン,285.0,-67.5,0
7571,ヤマノホールディングス,142.0,-67.5,76
7065,ユーピーアール,766.0,-67.5,0
7822,永大産業,261.0,-67.08333333333334,88
2653,イオン九州,2897.0,-67.08333333333334,85
1762,高松コンストラクショングループ,3325.0,-67.08333333333334,50
9997,ベルーナ,1024.0,-67.08333333333334,39
3183,ウイン・パートナーズ,1333.0,-67.08333333333334,22
7805,プリントネット,673.0,-67.08333333333334,0
3543,コメダホールディングス,3045.0,-66.66666666666667,61
9237,笑美面,2884.0,-66.66666666666667,64
8056,ＢＩＰＲＯＧＹ,6248.0,-66.66666666666667,94
2424,ブラス,684.0,-66.66666666666667,96
8818,京阪神ビルディング,1571.0,-66.66666666666667,94
9513,電源開発,2816.5,-66.66666666666667,44
3902,メディカル・データ・ビジョン,556.0,-66.66666666666667,45
9767,日建工学,1549.0,-66.66666666666667,28
7514,ヒマラヤ,857.0,-66.66666666666667,0
6229,オーケーエム,1512.0,-66.25000000000001,32
2186,ソーバル,921.0,-65.83333333333334,0
6368,オルガノ,11000.0,-65.83333333333334,81
2927,ＡＦＣ－ＨＤアムスライフサイエンス,855.0,-65.83333333333334,0
4634,ａｒｔｉｅｎｃｅ,3070.0,-65.83333333333334,0
4659,エイジス,2936.0,-65.41666666666666,100
4284,ソルクシーズ,467.0,-65.41666666666666,99
276A,ククレブ・アドバイザーズ,7080.0,-65.41666666666666,170
6247,日阪製作所,1374.0,-64.99999999999999,0
9743,丹青社,1399.0,-64.99999999999999,116
3195,ジェネレーションパス,477.0,-64.99999999999999,23
7049,識学,841.0,-64.99999999999999,0
7063,Ｂｉｒｄｍａｎ,271.0,-64.99999999999999,0
245A,ＩＮＧＳ,3050.0,-64.99999999999999,92
1925,大和ハウス工業,5296.0,-64.99999999999999,24
4100,戸田工業,1380.0,-64.99999999999999,49
1438,岐阜造園,1939.0,-64.16666666666666,48
3664,モブキャストホールディングス,57.0,-63.74999999999999,58
3001,片倉工業,2764.0,-63.74999999999999,63
6718,アイホン,2776.0,-63.74999999999999,81
9753,アイエックス・ナレッジ,1440.0,-63.74999999999999,58
7971,東リ,580.0,-63.33333333333333,76
4316,ビーマップ,1524.0,-63.33333333333333,74
1743,コーアツ工業,1838.0,-63.33333333333333,93
4099,四国化成ホールディングス,2197.0,-62.91666666666666,80
3668,コロプラ,525.0,-62.5,3
2669,カネ美食品,3275.0,-62.083333333333336,0
4208,ＵＢＥ,2373.0,-61.66666666666667,75
6022,赤阪鐵工所,3610.0,-61.66666666666667,64
7219,エッチ・ケー・エス,2163.0,-61.66666666666667,54
253A,ＥＴＳグループ,1055.0,-61.66666666666667,61
3271,ＴＨＥグローバル社,1102.0,-61.66666666666667,150
6648,かわでん,7060.0,-61.66666666666667,148
6042,ニッキ,2915.0,-61.66666666666667,51
3003,ヒューリック,1569.0,-61.66666666666667,22
4553,東和薬品,2955.0,-61.66666666666667,0
3536,アクサスホールディングス,133.0,-61.25000000000001,1
6185,ＳＭＮ,462.0,-61.25000000000001,15
5817,ＪＭＡＣＳ,458.0,-61.25000000000001,0
6675,サクサ,5080.0,-60.83333333333334,83
3396,フェリシモ,850.0,-60.41666666666667,90
6754,アンリツ,1730.0,-60.41666666666667,0
7078,ＩＮＣＬＵＳＩＶＥ,524.0,-60.41666666666667,0
6351,鶴見製作所,3870.0,-60.41666666666667,93
9602,東宝,9425.0,-60.00000000000001,72
2488,ＪＴＰ,1544.0,-60.00000000000001,65
4019,スタメン,1427.0,-60.00000000000001,98
3763,プロシップ,3235.0,-60.00000000000001,134
2809,キユーピー,4230.0,-60.00000000000001,99
5631,日本製鋼所,8866.0,-60.00000000000001,96
7427,エコートレーディング,924.0,-60.00000000000001,71
8275,フォーバル,1417.0,-60.00000000000001,38
4674,クレスコ,1667.0,-60.00000000000001,0
7611,ハイデイ日高,3640.0,-59.58333333333334,99
4958,長谷川香料,2963.0,-58.74999999999999,0
6928,エノモト,1650.0,-58.74999999999999,36
3521,エコナックホールディングス,158.0,-58.74999999999999,57
4686,ジャストシステム,4655.0,-58.74999999999999,66
2303,ドーン,2461.0,-58.33333333333333,70
6184,鎌倉新書,596.0,-58.33333333333333,64
9880,イノテック,1526.0,-58.33333333333333,70
4719,アルファシステムズ,3760.0,-58.33333333333333,67
2292,Ｓ　Ｆｏｏｄｓ,2750.0,-58.33333333333333,27
6454,マックス,5630.0,-58.33333333333333,88
9601,松竹,13580.0,-58.33333333333333,0
7280,ミツバ,939.0,-57.91666666666666,39
8946,ＡＳＩＡＮ　ＳＴＡＲ,112.0,-57.49999999999999,96
7161,じもとホールディングス,442.0,-57.49999999999999,52
7255,桜井製作所,598.0,-57.49999999999999,54
8226,理経,411.0,-57.08333333333333,16
5596,アウトルックコンサルティング,1375.0,-57.08333333333333,97
2726,パルグループホールディングス,5000.0,-57.08333333333333,38
6745,ホーチキ,3550.0,-57.08333333333333,84
1419,タマホーム,3685.0,-56.66666666666666,21
3854,アイル,2805.0,-56.66666666666666,83
6551,ツナググループ・ホールディングス,857.0,-56.66666666666666,42
8291,日産東京販売ホールディングス,511.0,-56.66666666666666,46
4288,アズジェント,564.0,-56.66666666666666,3
9270,バリュエンスホールディングス,965.0,-56.66666666666666,13
7570,橋本総業ホールディングス,1308.0,-56.66666666666666,71
2207,名糖産業,2158.0,-56.66666666666666,43
3591,ワコールホールディングス,5562.0,-56.66666666666666,36
3415,ＴＯＫＹＯ　ＢＡＳＥ,494.0,-56.66666666666666,70
4430,東海ソフト,1633.0,-56.25,17
8309,三井住友トラストグループ,4243.0,-56.25,75
4615,神東塗料,131.0,-56.25,0
7605,フジ・コーポレーション,2816.0,-56.25,73
9887,松屋フーズホールディングス,6950.0,-55.833333333333336,50
2411,ゲンダイエージェンシー,443.0,-55.833333333333336,96
2326,デジタルアーツ,7810.0,-55.41666666666667,20
6572,オープングループ,405.0,-55.41666666666667,63
9869,加藤産業,5680.0,-55.41666666666667,131
8542,トマト銀行,1409.0,-55.00000000000001,65
4569,杏林製薬,1539.0,-55.00000000000001,38
8179,ロイヤルホールディングス,2702.0,-55.00000000000001,51
4498,サイバートラスト,2794.0,-55.00000000000001,29
4507,塩野義製薬,2560.0,-55.00000000000001,74
6227,ＡＩメカテック,3930.0,-55.00000000000001,54
2664,カワチ薬品,2803.0,-54.58333333333334,10
6231,木村工機,11570.0,-53.75000000000001,101
3475,グッドコムアセット,1493.0,-53.75000000000001,28
9432,ＮＴＴ,159.39999389648438,-53.33333333333334,23
7603,マックハウス,354.0,-53.33333333333334,55
6330,東洋エンジニアリング,1670.0,-53.33333333333334,55
8570,イオンフィナンシャルサービス,1455.5,-53.33333333333334,82
2157,コシダカホールディングス,1369.0,-53.33333333333334,70
5028,セカンドサイトアナリティカ,558.0,-53.33333333333334,73
5139,オープンワーク,1235.0,-53.33333333333334,90
4629,大伸化学,1544.0,-53.33333333333334,1
6504,富士電機,9400.0,-53.33333333333334,49
9974,ベルク,7400.0,-53.33333333333334,23
8254,さいか屋,488.0,-53.33333333333334,97
6336,石井表記,695.0,-53.33333333333334,95
8153,モスフードサービス,3960.0,-52.91666666666666,36
9980,ＭＲＫホールディングス,104.0,-52.49999999999999,69
2146,ＵＴグループ,2725.0,-52.49999999999999,77
143A,イシン,1023.0,-52.08333333333333,0
6882,三社電機製作所,863.0,-52.08333333333333,1
7067,ブランディングテクノロジー,1017.0,-52.08333333333333,60
3983,オロ,2749.0,-51.66666666666666,0
6932,遠藤照明,2246.0,-51.66666666666666,1
6237,イワキポンプ,2446.0,-51.66666666666666,0
1938,日本リーテック,2005.0,-51.66666666666666,99
7435,ナ・デックス,992.0,-51.66666666666666,99
3994,マネーフォワード,6285.0,-51.66666666666666,87
4811,ドリーム・アーツ,4360.0,-51.66666666666666,78
8115,ムーンバット,1682.0,-51.66666666666666,99
4118,カネカ,4368.0,-51.66666666666666,77
7679,薬王堂ホールディングス,2284.0,-51.24999999999999,92
1946,トーエネック,1407.0,-51.24999999999999,87
1780,ヤマウラ,1400.0,-51.24999999999999,48
6445,ジャノメ,1158.0,-51.24999999999999,4
6962,大真空,583.0,-50.41666666666666,58
5955,ワイズホールディングス,88.0,-50.41666666666666,80
9005,東急,1881.5,-50.41666666666666,22
3480,ジェイ・エス・ビー,3815.0,-50.41666666666666,0
9006,京浜急行電鉄,1565.5,-50.0,41
9536,西部ガスホールディングス,1965.0,-50.0,47
7837,アールシーコア,395.0,-50.0,64
1766,東建コーポレーション,14280.0,-50.0,101
4345,シーティーエス,923.0,-50.0,64
6840,ＡＫＩＢＡホールディングス,323.0,-49.583333333333336,74
165A,ＳＢＩレオスひふみ,210.0,-49.583333333333336,60
7970,信越ポリマー,1870.0,-49.583333333333336,80
7981,タカラスタンダード,2653.0,-49.583333333333336,99
8209,フレンドリー,357.0,-49.583333333333336,0
8793,ＮＥＣキャピタルソリューション,3890.0,-49.583333333333336,20
6571,キュービーネットホールディングス,1306.0,-48.75000000000001,100
9445,フォーバルテレコム,559.0,-48.75000000000001,91
1718,美樹工業,7760.0,-48.75000000000001,97
7955,クリナップ,756.0,-48.75000000000001,49
7840,フランスベッドホールディングス,1273.0,-48.75000000000001,0
9007,小田急電鉄,1694.5,-48.33333333333334,24
2931,ユーグレナ,465.0,-48.33333333333334,26
2117,ウェルネオシュガー,2478.0,-48.33333333333334,29
8766,東京海上ホールディングス,6438.0,-48.33333333333334,36
8572,アコム,470.2000122070313,-48.33333333333334,93
3864,三菱製紙,687.0,-48.33333333333334,15
7186,コンコルディア・フィナンシャルグループ,1128.0,-48.33333333333334,81
2152,幼児活動研究会,1418.0,-48.33333333333334,41
9936,王将フードサービス,3815.0,-47.91666666666667,99
8141,新光商事,966.0,-47.91666666666667,5
4475,ＨＥＮＮＧＥ,1755.0,-47.08333333333334,32
4021,日産化学,5275.0,-47.08333333333334,48
3156,レスター,2578.0,-46.66666666666666,70
6136,オーエスジー,2012.5,-46.66666666666666,55
8604,野村ホールディングス,1054.5,-46.66666666666666,61
6850,チノー,2557.0,-46.66666666666666,78
9744,メイテックグループホールディングス,3309.0,-46.66666666666666,85
9729,トーカイ,2181.0,-46.66666666666666,22
3407,旭化成,1230.0,-46.66666666666666,47
1443,技研ホールディングス,254.0,-46.66666666666666,58
6905,コーセル,1217.0,-46.24999999999999,90
8600,トモニホールディングス,648.0,-45.41666666666666,99
6845,アズビル,1464.0,-45.41666666666666,90
9042,阪急阪神ホールディングス,4431.0,-44.99999999999999,22
3911,Ａｉｍｉｎｇ,265.0,-44.99999999999999,24
4151,協和キリン,2627.5,-44.99999999999999,76
6702,富士通,3543.0,-44.99999999999999,24
7373,アイドマ・ホールディングス,2629.0,-44.99999999999999,87
6540,船場,1796.0,-44.99999999999999,93
7994,オカムラ,2383.0,-44.58333333333333,87
3766,システムズ・デザイン,1314.0,-44.58333333333333,83
7522,ワタミ,998.0,-44.16666666666666,0
1968,太平電業,6300.0,-44.16666666666666,91
8011,三陽商会,3190.0,-43.75,29
8392,大分銀行,4885.0,-43.75,93
3276,ＪＰＭＣ,1267.0,-43.333333333333336,22
4461,第一工業製薬,5560.0,-43.333333333333336,78
3891,ニッポン高度紙工業,2099.0,-43.333333333333336,38
1808,長谷工コーポレーション,2440.5,-43.333333333333336,95
4901,富士フイルムホールディングス,3558.0,-43.333333333333336,20
4502,武田薬品工業,4493.0,-43.333333333333336,16
8037,カメイ,2818.0,-43.333333333333336,90
4275,カーリット,1375.0,-42.08333333333334,72
9827,リリカラ,645.0,-42.08333333333334,72
3073,ＤＤグループ,1689.0,-42.08333333333334,82
2388,ウェッジホールディングス,83.0,-42.08333333333334,2
3023,ラサ商事,1663.0,-41.66666666666667,43
1381,アクシーズ,3040.0,-41.66666666666667,10
2410,キャリアデザインセンター,2277.0,-41.66666666666667,93
4094,日本化学産業,2392.0,-41.66666666666667,86
4641,アルプス技研,2972.0,-41.66666666666667,23
7122,近畿車輛,2300.0,-41.66666666666667,72
9722,藤田観光,11490.0,-41.66666666666667,69
4464,ソフト９９コーポレーション,2457.0,-41.66666666666667,18
1379,ホクト,1861.0,-41.25000000000001,32
1893,五洋建設,1058.0,-40.83333333333334,101
3639,ボルテージ,296.0,-40.41666666666666,55
7380,十六フィナンシャルグループ,5550.0,-40.41666666666666,89
4028,石原産業,2470.0,-39.99999999999999,91
6323,ローツェ,1718.0,-39.99999999999999,0
8337,千葉興業銀行,1548.0,-39.99999999999999,44
3180,ビューティガレージ,1712.0,-39.99999999999999,31
3661,エムアップホールディングス,2321.0,-39.99999999999999,40
8306,三菱ＵＦＪフィナンシャル・グループ,2258.0,-39.99999999999999,79
3190,ホットマン,602.0,-39.99999999999999,19
8393,宮崎銀行,4385.0,-39.99999999999999,80
5034,ｕｎｅｒｒｙ,4000.0,-39.58333333333333,83
9534,北海道瓦斯,676.0,-39.16666666666666,91
3777,環境フレンドリーホールディングス,69.0,-38.74999999999999,53
2721,ジェイホールディングス,201.0,-38.33333333333333,37
3935,エディア,1072.0,-38.33333333333333,97
3841,ジーダット,1367.0,-38.33333333333333,11
6305,日立建機,4613.0,-38.33333333333333,99
8595,ジャフコ　グループ,2589.0,-38.33333333333333,90
6538,ディスラプターズ,302.0,-38.33333333333333,76
4370,モビルス,600.0,-38.33333333333333,85
3139,ラクト・ジャパン,4090.0,-37.91666666666666,96
8061,西華産業,5840.0,-37.91666666666666,79
6663,太洋テクノレックス,290.0,-37.5,58
5834,ＳＢＩリーシングサービス,4850.0,-37.083333333333336,87
7267,本田技研工業,1672.0,-36.66666666666667,43
7524,マルシェ,200.0,-36.66666666666667,12
7047,ポート,2229.0,-36.66666666666667,58
3563,ＦＯＯＤ　＆　ＬＩＦＥ　ＣＯＭＰＡＮＩＥＳ,8243.0,-36.66666666666667,153
9193,東京汽船,1011.0,-36.66666666666667,78
3946,トーモク,3315.0,-36.66666666666667,93
4170,Ｋａｉｚｅｎ　Ｐｌａｔｆｏｒｍ,223.0,-36.25000000000001,83
9162,ブリーチ,390.0,-36.25000000000001,21
5938,ＬＩＸＩＬ,1932.0,-35.41666666666667,45
9419,ワイヤレスゲート,276.0,-35.41666666666667,78
8616,東海東京フィナンシャル・ホールディングス,584.0,-35.41666666666667,49
4064,日本カーバイド工業,2115.0,-35.00000000000001,52
9145,ビーイングホールディングス,4055.0,-35.00000000000001,97
9532,大阪瓦斯,4268.0,-35.00000000000001,99
8562,福島銀行,250.0,-35.00000000000001,52
3540,歯愛メディカル,1496.0,-35.00000000000001,91
7372,デコルテ・ホールディングス,456.0,-34.58333333333334,42
8795,Ｔ＆Ｄホールディングス,3919.0,-34.58333333333334,83
6844,新電元工業,3110.0,-33.74999999999999,49
5698,エンビプロ・ホールディングス,512.0,-33.33333333333333,1
4450,パワーソリューションズ,1994.0,-33.33333333333333,77
6855,日本電子材料,2682.0,-33.33333333333333,80
6894,パルステック工業,1975.0,-33.33333333333333,50
4071,プラスアルファ・コンサルティング,2425.0,-33.33333333333333,92
9735,セコム,5521.0,-33.33333333333333,32
6785,鈴木,2068.0,-33.33333333333333,77
299A,ｄｅｌｙ,1915.0,-33.33333333333333,99
3676,デジタルハーツホールディングス,971.0,-33.33333333333333,24
9262,シルバーライフ,779.0,-32.91666666666666,20
7525,リックス,3350.0,-32.91666666666666,64
4725,ＣＡＣ　Ｈｏｌｄｉｎｇｓ,2118.0,-32.91666666666666,23
4206,アイカ工業,3790.0,-32.91666666666666,87
1882,東亜道路工業,1630.0,-32.49999999999999,47
7374,コンフィデンス・インターワークス,1637.0,-32.08333333333333,72
4249,森六,2468.0,-32.08333333333333,29
8802,三菱地所,3176.0,-32.08333333333333,99
6307,サンセイ,408.0,-32.08333333333333,87
4556,カイノス,1270.0,-31.666666666666664,87
3660,アイスタイル,605.0,-31.666666666666664,82
9795,ステップ,2331.0,-31.666666666666664,44
7735,ＳＣＲＥＥＮホールディングス,11000.0,-31.666666666666664,0
6750,エレコム,1857.0,-31.666666666666664,1
9271,和心,744.0,-31.666666666666664,28
369A,エータイ,3375.0,-31.666666666666664,24
197A,タウンズ,579.0,-31.25,14
6721,ウインテスト,127.0,-30.833333333333336,33
2586,フルッタフルッタ,279.0,-30.833333333333336,72
6466,ＴＶＥ,2466.0,-30.41666666666667,81
2998,クリアル,6660.0,-30.41666666666667,14
6592,マブチモーター,2495.5,-30.000000000000004,29
7097,さくらさくプラス,2699.0,-30.000000000000004,98
9069,センコーグループホールディングス,2034.0,-30.000000000000004,95
3151,バイタルケーエスケー・ホールディングス,1273.0,-30.000000000000004,23
4369,トリケミカル研究所,2561.0,-30.000000000000004,0
202A,豆蔵デジタルホールディングス,1794.0,-30.000000000000004,78
3042,セキュアヴェイル,336.0,-30.000000000000004,77
1301,極洋,4830.0,-30.000000000000004,12
2531,宝ホールディングス,1766.5,-30.000000000000004,36
9304,澁澤倉庫,4475.0,-30.000000000000004,84
8343,秋田銀行,3540.0,-30.000000000000004,81
160A,アズパートナーズ,3200.0,-29.58333333333334,97
3771,システムリサーチ,2090.0,-29.166666666666675,98
8386,百十四銀行,4965.0,-28.750000000000007,80
3141,ウエルシアホールディングス,2606.5,-28.750000000000007,22
4397,チームスピリット,558.0,-28.750000000000007,70
7080,スポーツフィールド,964.0,-28.750000000000007,85
7356,Ｒｅｔｔｙ,237.0,-28.750000000000007,77
6867,リーダー電子,526.0,-28.333333333333343,67
4914,高砂香料工業,8540.0,-28.333333333333343,99
2148,アイティメディア,1688.0,-28.333333333333343,14
6532,ベイカレント,8382.0,-28.333333333333343,40
3361,トーエル,823.0,-27.916666666666657,41
3947,ダイナパック,2185.0,-27.916666666666657,93
8074,ユアサ商事,4975.0,-27.916666666666657,39
6748,星和電機,689.0,-27.916666666666657,87
3659,ネクソン,3359.0,-27.916666666666657,95
8077,トルク,265.0,-27.499999999999996,51
5632,三菱製鋼,1734.0,-27.499999999999996,47
4524,森下仁丹,2218.0,-27.499999999999996,44
7039,ブリッジインターナショナル,1965.0,-27.083333333333325,32
4428,シノプス,986.0,-26.66666666666666,49
9414,日本ＢＳ放送,942.0,-26.66666666666666,2
3542,ベガコーポレーション,2187.0,-26.66666666666666,101
8354,ふくおかフィナンシャルグループ,4486.0,-26.66666666666666,80
7616,コロワイド,1950.0,-26.66666666666666,101
3925,ダブルスタンダード,1781.0,-26.66666666666666,69
7247,ミクニ,387.0,-26.25,42
4848,フルキャストホールディングス,1784.0,-26.25,23
7902,ソノコム,900.0,-25.83333333333333,40
7135,ジャパンクラフトホールディングス,229.0,-25.416666666666664,101
7609,ダイトロン,4100.0,-25.416666666666664,97
3420,ケー・エフ・シー,1670.0,-25.416666666666664,96
4212,積水樹脂,2205.0,-25.0,67
4251,恵和,1117.0,-25.0,61
6417,ＳＡＮＫＹＯ,2979.0,-25.0,80
8336,武蔵野銀行,3830.0,-25.0,81
3985,テモナ,321.0,-25.0,83
5185,フコク,1878.0,-25.0,51
6994,指月電機製作所,488.0,-25.0,89
4382,ＨＥＲＯＺ,1119.0,-25.0,3
7167,めぶきフィナンシャルグループ,918.2000122070312,-25.0,81
3628,データホライゾン,542.0,-25.0,64
7615,京都きもの友禅ホールディングス,244.0,-25.0,17
8700,丸八証券,1630.0,-24.583333333333336,46
5162,朝日ラバー,625.0,-24.16666666666667,97
3352,バッファロー,1513.0,-23.750000000000004,71
4917,マンダム,1442.0,-23.750000000000004,77
7987,ナカバヤシ,571.0,-23.750000000000004,47
3626,ＴＩＳ,4944.0,-23.33333333333334,99
6662,ユビテック,254.0,-23.33333333333334,79
4097,高圧ガス工業,1073.0,-23.33333333333334,99
3903,ｇｕｍｉ,669.0,-23.33333333333334,2
3923,ラクス,2603.0,-23.33333333333334,99
8131,ミツウロコグループホールディングス,2158.0,-22.916666666666675,47
8714,池田泉州ホールディングス,655.0,-22.916666666666675,94
7888,三光合成,895.0,-22.916666666666675,51
5969,ロブテックス,1200.0,-22.916666666666675,0
6741,日本信号,1223.0,-22.500000000000007,90
8835,太平洋興発,777.0,-22.500000000000007,49
2830,アヲハタ,3830.0,-22.500000000000007,97
2004,昭和産業,3015.0,-22.083333333333343,31
9509,北海道電力,1191.0,-21.666666666666657,47
5344,ＭＡＲＵＷＡ,39190.0,-21.666666666666657,0
7115,アルファパーチェス,3640.0,-21.666666666666657,194
3551,ダイニック,934.0,-21.666666666666657,77
5202,日本板硝子,537.0,-21.666666666666657,49
6161,エスティック,1012.0,-21.666666666666657,75
6268,ナブテスコ,3104.0,-21.666666666666657,55
7299,フジオーゼックス,1575.0,-21.666666666666657,47
8550,栃木銀行,477.0,-21.666666666666657,91
4801,セントラルスポーツ,2601.0,-21.666666666666657,39
6420,ガリレイ,3545.0,-21.666666666666657,97
5921,川岸工業,4430.0,-21.249999999999996,53
6458,新晃工業,1287.0,-21.249999999999996,39
6190,フェニックスバイオ,412.0,-21.249999999999996,66
4220,リケンテクノス,1207.0,-21.249999999999996,71
9856,ケーユーホールディングス,1173.0,-21.249999999999996,65
2060,フィード・ワン,1143.0,-20.833333333333325,101
2198,アイ・ケイ・ケイホールディングス,803.0,-20.41666666666666,17
8285,三谷産業,408.0,-20.41666666666666,48
2342,トランスジェニックグループ,233.0,-20.0,39
5821,平河ヒューテック,1925.0,-20.0,39
2413,エムスリー,2310.0,-20.0,18
9073,京極運輸商事,1296.0,-20.0,43
5255,モンスターラボ,234.0,-20.0,60
4404,ミヨシ油脂,2162.0,-20.0,49
9240,デリバリーコンサルティング,553.0,-19.58333333333333,54
2926,篠崎屋,120.0,-19.58333333333333,98
7305,新家工業,5180.0,-18.75,49
4102,丸尾カルシウム,1372.0,-18.75,9
2503,キリンホールディングス,2278.0,-18.333333333333336,17
7351,グッドパッチ,919.0,-18.333333333333336,99
6134,ＦＵＪＩ,2696.5,-18.333333333333336,74
4935,リベルタ,2324.0,-18.333333333333336,1
4732,ユー・エス・エス,1790.0,-18.333333333333336,93
6457,グローリー,3773.0,-18.333333333333336,79
1807,佐藤渡辺,1766.0,-18.333333333333336,72
7727,オーバル,623.0,-18.333333333333336,80
3683,サイバーリンクス,1562.0,-18.333333333333336,99
8283,ＰＡＬＴＡＣ,4593.0,-18.333333333333336,46
7359,東京通信グループ,489.0,-18.333333333333336,78
3116,トヨタ紡織,2391.5,-17.08333333333334,42
9441,ベルパーク,2447.0,-17.08333333333334,83
8737,あかつき本社,561.0,-17.08333333333334,47
9991,ジェコス,1382.0,-17.08333333333334,91
3958,笹徳印刷,543.0,-16.666666666666675,20
5017,富士石油,341.0,-16.666666666666675,46
3289,東急不動産ホールディングス,1210.5,-16.666666666666675,24
9776,札幌臨床検査センター,1069.0,-16.666666666666675,87
9258,ＣＳ－Ｃ,442.0,-16.666666666666675,46
4752,昭和システムエンジニアリング,1546.0,-16.666666666666675,64
6857,アドバンテスト,10730.0,-16.666666666666675,64
2134,北浜キャピタルパートナーズ,68.0,-16.666666666666675,77
5285,ヤマックス,2004.0,-16.666666666666675,69
153A,カウリス,2212.0,-16.666666666666675,83
5923,高田機工,1090.0,-16.666666666666675,64
6380,オリエンタルチエン工業,2358.0,-16.666666666666675,16
8200,リンガーハット,2336.0,-16.250000000000007,29
3070,ジェリービーンズグループ,211.0,-16.250000000000007,0
5956,トーソー,548.0,-16.250000000000007,57
7277,ＴＢＫ,317.0,-15.833333333333345,46
6325,タカキタ,439.0,-14.999999999999991,40
5463,丸一鋼管,3857.0,-14.999999999999991,47
7438,コンドーテック,1669.0,-14.999999999999991,99
4665,ダスキン,3954.0,-14.583333333333323,59
6786,ＲＶＨ,100.0,-14.16666666666666,99
8103,明和産業,827.0,-14.16666666666666,47
9303,住友倉庫,3110.0,-14.16666666666666,87
8181,東天紅,1004.0,-13.749999999999996,42
6210,ＴＯＹＯイノベックス,662.0,-13.749999999999996,66
194A,ＷＯＬＶＥＳ　ＨＡＮＤ,927.0,-13.749999999999996,15
8617,光世証券,490.0,-13.749999999999996,58
4754,トスネット,1486.0,-13.749999999999996,49
8713,フィデアホールディングス,1611.0,-13.33333333333333,38
9511,沖縄電力,1018.0,-13.33333333333333,42
7446,東北化学薬品,4035.0,-13.33333333333333,54
2226,湖池屋,4830.0,-12.916666666666664,20
3539,ＪＭホールディングス,2865.0,-12.916666666666664,97
3571,ソトー,790.0,-12.916666666666664,48
8070,東京産業,916.0,-12.916666666666664,71
3779,ジェイ・エスコムホールディングス,216.0,-12.5,78
4222,児玉化学工業,870.0,-12.083333333333336,78
1867,植木組,2489.0,-12.083333333333336,99
2209,井村屋グループ,2589.0,-12.083333333333336,24
4189,ＫＨネオケム,2779.0,-12.083333333333336,67
7046,ＴＤＳＥ,1620.0,-12.083333333333336,71
6125,岡本工作機械製作所,4585.0,-11.66666666666667,82
5930,文化シヤッター,2573.0,-11.66666666666667,99
4690,日本パレットプール,1960.0,-11.66666666666667,99
4165,プレイド,1124.0,-11.66666666666667,0
7182,ゆうちょ銀行,1880.5,-11.66666666666667,71
2612,かどや製油,3720.0,-11.250000000000004,41
4676,フジ・メディア・ホールディングス,3351.0,-11.250000000000004,3
5587,インバウンドプラットフォーム,1262.0,-10.83333333333334,79
4262,ニフティライフスタイル,1407.0,-10.83333333333334,49
9708,帝国ホテル,998.0,-10.416666666666677,78
8345,岩手銀行,3770.0,-10.416666666666677,66
3355,クリヤマホールディングス,1570.0,-10.416666666666677,91
8160,木曽路,2485.0,-10.000000000000009,101
4368,扶桑化学工業,4635.0,-10.000000000000009,88
8544,京葉銀行,1217.0,-10.000000000000009,81
9533,東邦瓦斯,4652.0,-10.000000000000009,23
281A,インフォメティス,1706.0,-10.000000000000009,47
6526,ソシオネクスト,2680.0,-10.000000000000009,73
8601,大和証券グループ本社,1153.5,-10.000000000000009,60
3329,東和フードサービス,2126.0,-9.583333333333345,39
2334,イオレ,8260.0,-9.583333333333345,131
6997,日本ケミコン,1374.0,-9.583333333333345,90
3559,ピーバンドットコム,537.0,-9.166666666666655,59
6146,ディスコ,38140.0,-8.749999999999991,0
6333,帝国電機製作所,3330.0,-8.749999999999991,81
2776,新都ホールディングス,160.0,-8.749999999999991,54
5845,全保連,882.0,-8.749999999999991,16
2693,ＹＫＴ,246.0,-8.749999999999991,13
8418,山口フィナンシャルグループ,1792.5,-8.333333333333325,38
277A,グロービング,3095.0,-8.333333333333325,80
4452,花王,6808.0,-8.333333333333325,39
5283,高見澤,3270.0,-7.08333333333333,20
8360,山梨中央銀行,3130.0,-7.08333333333333,81
9895,コンセック,1292.0,-6.666666666666665,64
6046,リンクバル,134.0,-6.666666666666665,12
5831,しずおかフィナンシャルグループ,1950.5,-6.666666666666665,94
5038,ｅＷｅＬＬ,2916.0,-6.666666666666665,18
3943,大石産業,1271.0,-6.666666666666665,18
137A,Ｃｏｃｏｌｉｖｅ,1451.0,-6.666666666666665,16
7060,ギークス,649.0,-6.666666666666665,101
7322,三十三フィナンシャルグループ,3610.0,-6.666666666666665,80
4386,ＳＩＧグループ,789.0,-6.666666666666665,79
5282,ジオスター,311.0,-6.666666666666665,38
9386,日本コンセプト,3045.0,-6.25,58
7940,ウェーブロックホールディングス,709.0,-6.25,65
1821,三井住友建設,599.0,-6.25,100
1770,藤田エンジニアリング,1550.0,-5.833333333333335,45
4893,ノイルイミューン・バイオテック,184.0,-5.833333333333335,69
6570,共和コーポレーション,1301.0,-5.833333333333335,75
1418,インターライフホールディングス,429.0,-5.833333333333335,33
1921,巴コーポレーション,1512.0,-5.41666666666667,172
7181,かんぽ生命保険,4187.0,-5.41666666666667,76
9381,エーアイテイー,1992.0,-5.41666666666667,96
4204,積水化学工業,2854.5,-5.000000000000004,47
9242,メディア総研,1470.0,-5.000000000000004,15
8136,サンリオ,8021.0,-5.000000000000004,16
8040,東京ソワール,942.0,-5.000000000000004,99
6986,双葉電子工業,642.0,-5.000000000000004,69
3680,ホットリンク,313.0,-5.000000000000004,3
6930,日本アンテナ,903.0,-5.000000000000004,78
9401,ＴＢＳホールディングス,5483.0,-5.000000000000004,56
9342,スマサポ,1234.0,-5.000000000000004,31
6817,スミダコーポレーション,1039.0,-5.000000000000004,38
2196,エスクリ,235.0,-4.583333333333339,8
5590,ネットスターズ,1140.0,-4.583333333333339,65
6731,ピクセラ,69.0,-4.583333333333339,49
1783,ｆａｎｔａｓｉｓｔａ,64.0,-3.750000000000009,54
2282,日本ハム,5668.0,-3.333333333333344,22
4593,ヘリオス,549.0,-3.333333333333344,3
5252,日本ナレッジ,1333.0,-3.333333333333344,3
8841,テーオーシー,796.0,-3.333333333333344,83
9021,西日本旅客鉄道,3329.0,-3.333333333333344,100
3774,インターネットイニシアティブ,2925.5,-3.333333333333344,2
6937,古河電池,1397.0,-3.333333333333344,29
4488,ＡＩ　ｉｎｓｉｄｅ,3165.0,-2.9166666666666563,0
6155,高松機械工業,497.0,-2.499999999999991,49
7422,東邦レマック,620.0,-2.499999999999991,33
2502,アサヒグループホールディングス,1946.0,-2.083333333333326,1
8078,阪和興業,6390.0,-2.083333333333326,81
6248,横田製作所,1609.0,-2.083333333333326,30
7732,トプコン,3293.0,-1.6666666666666607,193
4611,大日本塗料,1302.0,-1.6666666666666607,38
6086,シンメンテホールディングス,1149.0,-1.6666666666666607,66
2212,山崎製パン,3454.0,-1.6666666666666607,21
9037,ハマキョウレックス,1530.0,-1.6666666666666607,62
1965,テクノ菱和,4840.0,-1.6666666666666607,87
7212,エフテック,784.0,-1.2499999999999956,79
2384,ＳＢＳホールディングス,3420.0,-1.2499999999999956,48
3241,ウィル,512.0,-1.2499999999999956,54
8105,堀田丸正,763.0,-1.2499999999999956,80
7419,ノジマ,3435.0,-1.2499999999999956,101
6580,ライトアップ,2508.0,-0.4166666666666652,81
1850,南海辰村建設,491.0,-0.4166666666666652,64
8219,青山商事,2506.0,-0.4166666666666652,78
7562,安楽亭,7520.0,-0.4166666666666652,87
5105,ＴＯＹＯ　ＴＩＲＥ,3746.0,0.0,1
1788,三東工業社,0.0,0.0,0
1786,オリエンタル白石,417.0,0.0,1
6400,不二精機,290.0,0.0,1
9101,日本郵船,5448.0,0.0,1
4334,ユークス,444.0,0.0,1
8020,兼松,3122.0,0.0,1
5986,モリテック　スチール,208.0,0.0,1
5533,エリッツホールディングス,0.0,0.0,0
4440,ヴィッツ,1358.0,0.0,1
5380,新東,0.0,0.0,0
7455,パリミキホールディングス,446.0,0.0,1
9324,安田倉庫,2109.0,0.0,1
1801,大成建設,9982.0,0.0,1
1982,日比谷総合設備,4630.0,0.0,1
1833,奥村組,4845.0,0.0,1
9215,ＣａＳｙ,1010.0,0.0,1
5901,東洋製罐グループホールディングス,3650.0,0.0,1
5982,マルゼン,3525.0,0.0,1
5985,サンコール,859.0,0.0,1
4396,システムサポートホールディングス,2960.0,0.0,1
7779,ＣＹＢＥＲＤＹＮＥ,201.0,0.0,1
9355,リンコーコーポレーション,1850.0,0.0,1
9367,大東港運,780.0,0.0,1
4187,大阪有機化学工業,2927.0,0.0,1
1787,ナカボーテック,5370.0,0.0,1
3839,ＯＤＫソリューションズ,633.0,0.0,1
3826,システムインテグレータ,433.0,0.0,1
8367,南都銀行,4975.0,0.0,94
4391,ロジザード,1209.0,0.0,0
3804,システム　ディ,0.0,0.0,0
3834,朝日ネット,705.0,0.0,1
4393,バンク・オブ・イノベーション,10190.0,0.0,0
7722,国際計測器,703.0,0.0,25
4178,Ｓｈａｒｉｎｇ　Ｉｎｎｏｖａｔｉｏｎｓ,0.0,0.0,0
8208,エンチョー,0.0,0.0,0
9211,エフ・コード,2374.0,0.0,1
3817,ＳＲＡホールディングス,4630.0,0.0,1
9310,日本トランスシティ,1161.0,0.0,1
1827,ナカノフドー建設,773.0,0.0,1
4177,ｉ‐ｐｌｕｇ,1325.0,0.0,1
3484,イノベーションホールディングス,1093.0,0.0,1
8089,ナイス,1899.0,0.0,1
9082,大和自動車交通,1000.0,0.0,1
9366,サンリツ,861.0,0.0,1
9051,センコン物流,1538.0,0.0,1
9672,東京都競馬,5230.0,0.0,1
8018,三共生興,633.0,0.0,1
2975,スター・マイカ・ホールディングス,1144.0,0.0,1
9685,ＫＹＣＯＭホールディングス,687.0,0.0,1
2181,パーソルホールディングス,287.1000061035156,0.0,1
7925,前澤化成工業,2210.0,0.0,1
9057,遠州トラック,3150.0,0.0,1
6644,大崎電気工業,1326.0,0.0,1
6633,ＣＧＳホールディングス,382.0,0.0,1
6016,ジャパンエンジンコーポレーション,10530.0,0.0,1
7068,フィードフォースグループ,557.0,0.0,66
7932,ニッピ,11650.0,0.0,1
7466,ＳＰＫ,2351.0,0.0,1
2175,エス・エム・エス,1568.5,0.0,1
9842,アークランズ,1814.0,0.0,1
3490,アズ企画設計,2879.0,0.0,1
9060,日本ロジテム,0.0,0.0,0
7791,ドリームベッド,0.0,0.0,0
7815,東京ボード工業,0.0,0.0,0
9362,兵機海運,0.0,0.0,0
9083,神姫バス,0.0,0.0,0
9225,ブリッジコンサルティンググループ,0.0,0.0,0
6411,中野冷機,0.0,0.0,0
5619,マーソ,0.0,0.0,0
6977,日本抵抗器製作所,843.0,0.0,0
6964,サンコー,568.0,0.0,0
4341,西菱電機,0.0,0.0,0
9313,丸八倉庫,0.0,0.0,0
4437,ｇｏｏｄｄａｙｓホールディングス,0.0,0.0,0
3803,イメージ情報開発,1011.0,0.0,1
3063,ジェイグループホールディングス,751.0,0.0,1
7813,プラッツ,784.0,0.0,1
7490,日新商事,1196.0,0.0,1
7376,ＢＣＣ,0.0,0.0,0
5121,藤倉コンポジット,1917.0,0.0,1
1835,東鉄工業,4460.0,0.0,1
9049,京福電気鉄道,6900.0,0.0,1
4444,インフォネット,1105.0,0.0,1
9110,ＮＳユナイテッド海運,5200.0,0.0,1
5101,横浜ゴム,5574.0,0.0,1
6058,ベクトル,1137.0,0.0,1
9059,カンダホールディングス,846.0,0.0,1
5994,ファインシンター,914.0,0.0,1
6647,森尾電機,0.0,0.0,0
6393,油研工業,2850.0,0.0,1
6408,小倉クラッチ,3900.0,0.0,1
7851,カワセコンピュータサプライ,269.0,0.0,1
6402,兼松エンジニアリング,1490.0,0.0,1
1431,Ｌｉｂ　Ｗｏｒｋ,777.0,0.0,39
1997,暁飯島工業,2950.0,0.0,1
7475,アルビス,3165.0,0.0,1
7399,ナンシン,583.0,0.0,1
4441,トビラシステムズ,1303.0,0.0,1
3065,ライフフーズ,1637.0,0.0,0
3491,ＧＡ　ｔｅｃｈｎｏｌｏｇｉｅｓ,2159.0,0.0,1
9551,メタウォーター,2985.0,0.0,93
9684,スクウェア・エニックス・ホールディングス,10090.0,0.0,1
8084,ＲＹＯＤＥＮ,3105.0,0.0,1
5976,高周波熱錬,1225.0,0.0,1
2001,ニップン,2310.0,0.0,1
7462,ＣＡＰＩＴＡ,475.0,0.0,1
3431,宮地エンジニアリンググループ,2088.0,0.0,1
3816,大和コンピューター,0.0,0.0,0
7623,サンオータス,0.0,0.0,0
8085,ナラサキ産業,0.0,0.0,0
6407,ＣＫＤ,2409.0,0.0,0
3815,メディア工房,518.0,0.0,0
6078,バリューＨＲ,1547.0,0.0,0
3600,フジックス,0.0,0.0,0
8025,ツカモトコーポレーション,0.0,0.0,0
7180,九州フィナンシャルグループ,882.7999877929688,0.0,50
3497,ＬｅＴｅｃｈ,0.0,0.0,0
8144,デンキョーグループホールディングス,0.0,0.0,0
9691,両毛システムズ,0.0,0.0,0
2961,日本調理機,0.0,0.0,0
1795,マサル,0.0,0.0,0
7865,ピープル,541.0,0.0,0
1992,神田通信機,0.0,0.0,0
6396,宇野澤組鐵工所,0.0,0.0,0
6755,富士通ゼネラル,0.0,0.0,0
1841,サンユー建設,0.0,0.0,0
7928,旭化学工業,595.0,0.0,0
5900,ダイケン,0.0,0.0,0
5076,インフロニア・ホールディングス,1484.5,0.0,1
6635,大日光・エンジニアリング,522.0,0.0,1
2750,石光商事,1397.0,0.0,1
4445,リビン・テクノロジーズ,3945.0,0.0,1
2763,エフティグループ,1236.0,0.0,1
5857,ＡＲＥホールディングス,2090.0,0.0,1
6976,太陽誘電,3010.0,0.0,1
9325,ファイズホールディングス,1310.0,0.0,1
7777,スリー・ディー・マトリックス,221.0,0.0,1
1844,大盛工業,1009.0,0.0,1
9322,川西倉庫,1412.0,0.0,1
4176,ココナラ,500.0,0.0,1
3799,キーウェアソリューションズ,1015.0,0.0,1
3433,トーカロ,2095.0,0.0,1
9233,アジア航測,1280.0,0.0,1
9311,アサガミ,6600.0,0.0,1
9360,鈴与シンワート,3005.0,0.0,0
2180,サニーサイドアップグループ,763.0,0.0,1
9682,ＤＴＳ,5180.0,0.0,1
5108,ブリヂストン,6772.0,0.0,1
3495,香陵住販,2440.0,0.0,1
9221,フルハシＥＰＯ,1120.0,0.0,1
7809,壽屋,1634.0,0.0,1
2970,グッドライフカンパニー,3840.0,0.0,1
5868,ロココ,1033.0,0.0,1
9312,ケイヒン,2720.0,0.0,1
7467,萩原電気ホールディングス,3565.0,0.0,1
9223,ＡＳＮＯＶＡ,630.0,0.0,1
7817,パラマウントベッドホールディングス,2657.0,0.0,1
6080,Ｍ＆Ａキャピタルパートナーズ,3110.0,0.0,1
5356,美濃窯業,1153.0,0.0,1
1980,ダイダン,6130.0,0.0,1
4343,イオンファンタジー,3740.0,0.0,1
5902,ホッカンホールディングス,2158.0,0.0,1
4392,ＦＩＧ,298.0,0.0,1
1826,佐田建設,1244.0,0.0,1
9202,ＡＮＡホールディングス,2986.0,0.0,1
7814,日本創発グループ,900.0,0.0,1
8029,ルックホールディングス,2603.0,0.0,1
7416,はるやまホールディングス,842.0,0.0,1
7808,シー・エス・ランバー,3505.0,0.0,1
5981,東京製綱,1485.0,0.0,1
7504,高速,2907.0,0.0,1
5867,エスネットワークス,0.0,0.0,0
7923,トーイン,0.0,0.0,0
5906,エムケー精工,543.0,0.0,1
4186,東京応化工業,4540.0,0.0,1
9063,岡山県貨物運送,0.0,0.0,0
5992,中央発條,3330.0,0.0,1
7936,アシックス,4043.0,0.0,1
3440,日創グループ,1084.0,0.0,1
5074,テスホールディングス,372.0,0.0,1
8023,ＤＡＩＫＯ　ＸＴＥＣＨ,1080.0,0.0,1
8091,ニチモウ,2641.0,0.0,1
6965,浜松ホトニクス,1526.0,0.0,0
7483,ドウシシャ,2730.0,0.0,1
6071,ＩＢＪ,866.0,0.0,1
6973,協栄産業,0.0,0.0,0
6265,コンバム,0.0,0.0,0
7958,天馬,0.0,0.0,0
9214,Ｒｅｃｏｖｅｒｙ　Ｉｎｔｅｒｎａｔｉｏｎａｌ,0.0,0.0,0
3437,特殊電極,2875.0,0.0,1
5885,ジーデップ・アドバンス,3070.0,0.0,1
4180,Ａｐｐｉｅｒ　Ｇｒｏｕｐ,1571.0,0.0,1
7812,クレステック,1838.0,0.0,1
2173,博展,676.0,0.0,1
5892,ｙｕｔｏｒｉ,5440.0,0.0,1
9687,ＫＳＫ,4300.0,0.0,1
6971,京セラ,1991.0,0.0,1
6074,ジェイエスエス,556.0,0.0,1
7460,ヤギ,3175.0,0.0,1
9913,日邦産業,2598.0,0.0,1
3496,アズーム,9340.0,0.0,1
3054,ハイパー,306.0,0.0,1
7477,ムラキ,0.0,0.0,0
7189,西日本フィナンシャルホールディングス,2495.0,0.0,81
3347,トラスト,0.0,0.0,0
3328,ＢＥＥＮＯＳ,0.0,0.0,0
4326,インテージホールディングス,1801.0,0.0,0
7811,中本パックス,1950.0,0.0,1
1840,土屋ホールディングス,261.0,0.0,1
3489,フェイスネットワーク,2772.0,0.0,1
6969,松尾電機,1015.0,0.0,1
5869,早稲田学習研究会,1159.0,0.0,1
8015,豊田通商,3936.0,0.0,1
1847,イチケン,3600.0,0.0,1
5491,日本金属,787.0,0.0,1
6013,タクマ,2228.0,0.0,1
5989,エイチワン,1466.0,0.0,1
7472,鳥羽洋行,3990.0,0.0,1
3798,ＵＬＳグループ,8130.0,0.0,1
9107,川崎汽船,2310.5,0.0,1
1828,田辺工業,2462.0,0.0,1
7486,サンリン,695.0,0.0,1
4337,ぴあ,3465.0,0.0,1
9831,ヤマダホールディングス,470.3999938964844,0.0,1
343A,ＩＡＣＥトラベル,1428.0,0.0,1
7481,尾家産業,2205.0,0.0,1
4183,三井化学,3707.0,0.0,1
3810,サイバーステップ,360.0,0.0,1
9845,パーカーコーポレーション,1200.0,0.0,1
7459,メディパルホールディングス,2652.5,0.0,1
9361,伏木海陸運送,1752.0,0.0,1
6638,ミマキエンジニアリング,1771.0,0.0,0
6018,阪神内燃機工業,3130.0,0.0,1
9720,ホテル、ニューグランド,0.0,0.0,0
6060,こころネット,0.0,0.0,0
5476,日本高周波鋼業,462.0,0.0,1
9201,日本航空,3148.0,0.0,1
7417,南陽,1312.0,0.0,1
1981,協和日成,1650.0,0.0,1
5368,日本インシュレーション,1060.0,0.0,1
6061,ユニバーサル園芸社,5850.0,0.0,1
7389,あいちフィナンシャルグループ,3005.0,0.0,1
1798,守谷商会,4995.0,0.0,1
6403,水道機工,2660.0,0.0,1
9364,上組,4454.0,0.0,1
4551,鳥居薬品,0.0,0.0,0
5078,セレコーポレーション,0.0,0.0,0
4175,ｃｏｌｙ,2147.0,0.0,1
1802,大林組,2419.0,0.0,1
9686,東洋テック,1613.0,0.0,1
6047,Ｇｕｎｏｓｙ,721.0,0.0,1
5480,日本冶金工業,4445.0,0.0,1
7864,フジシールインターナショナル,2875.0,0.0,1
6643,戸上電機製作所,3985.0,0.0,1
5103,昭和ホールディングス,61.0,0.0,1
3802,エコミック,531.0,0.0,1
2937,サンクゼール,1770.0,0.0,1
8095,アステナホールディングス,520.0,0.0,1
7409,ＡｅｒｏＥｄｇｅ,5010.0,0.0,1
5997,協立エアテック,676.0,0.0,1
7505,扶桑電通,3310.0,0.0,1
9832,オートバックスセブン,1566.0,0.0,1
5998,アドバネクス,1543.0,0.0,1
9906,藤井産業,3305.0,0.0,1
9678,カナモト,3530.0,0.0,1
8016,オンワードホールディングス,645.0,0.0,1
5532,リアルゲイト,2975.0,0.0,1
9365,トレーディア,1433.0,0.0,1
7456,松田産業,3985.0,0.0,1
7781,平山ホールディングス,1125.0,0.0,1
5884,クラダシ,518.0,0.0,1
4395,アクリート,1181.0,0.0,1
8098,稲畑産業,3465.0,0.0,1
7501,ティムコ,1043.0,0.0,1
8097,三愛オブリ,2106.0,0.0,1
3435,サンコーテクノ,1266.0,0.0,1
7771,日本精密,104.0,0.0,1
5367,ニッカトー,564.0,0.0,1
5983,イワブチ,7990.0,0.0,1
7494,コナカ,265.0,0.0,1
6634,ネクスグループ,158.0,0.0,1
5386,鶴弥,409.0,0.0,1
7856,萩原工業,1651.0,0.0,1
6059,ウチヤマホールディングス,329.0,0.0,1
6637,寺崎電気産業,3990.0,0.0,1
9220,エフビー介護サービス,1173.0,0.0,1
3494,マリオン,482.0,0.0,1
5870,ナルネットコミュニケーションズ,997.0,0.0,1
4390,ＩＰＳ,3005.0,0.0,1
5541,大平洋金属,2049.0,0.0,1
1803,清水建設,2015.0,0.0,1
1799,第一建設工業,3255.0,0.0,1
9307,杉村倉庫,1015.0,0.0,1
7326,ＳＢＩインシュアランスグループ,1584.0,0.4166666666666652,83
5273,三谷セキサン,8930.0,0.8333333333333304,99
8887,シーラホールディングス,455.0,0.8333333333333304,43
8344,山形銀行,1615.0,0.8333333333333304,80
2883,大冷,1992.0,1.2499999999999956,78
9780,ハリマビステム,880.0,1.2499999999999956,75
9696,ウィザス,3225.0,1.2499999999999956,93
3326,ランシステム,623.0,1.2499999999999956,58
9068,丸全昭和運輸,7330.0,1.6666666666666718,83
1384,ホクリヨウ,2163.0,1.6666666666666718,52
5571,エキサイトホールディングス,1303.0,1.6666666666666718,12
5134,ＰＯＰＥＲ,1285.0,1.6666666666666718,181
5036,日本ビジネスシステムズ,1530.0,1.6666666666666718,94
9941,太洋物産,1003.0,1.6666666666666718,97
6651,日東工業,3450.0,2.083333333333337,47
8007,高島,1737.0,2.9166666666666674,96
9405,朝日放送グループホールディングス,760.0,2.9166666666666674,55
5940,不二サッシ,820.0,3.3333333333333326,47
8066,三谷商事,2183.0,3.3333333333333326,1
8537,大光銀行,1809.0,3.3333333333333326,75
3150,グリムス,2574.0,3.749999999999998,91
3099,三越伊勢丹ホールディングス,2607.5,3.749999999999998,73
1332,ニッスイ,1034.5,4.583333333333329,47
7792,コラントッテ,1460.0,4.583333333333329,93
2588,プレミアムウォーターホールディングス,3440.0,4.583333333333329,55
8362,福井銀行,1990.0,4.583333333333329,67
3402,東レ,980.2000122070312,5.000000000000004,0
6494,ＮＦＫホールディングス,101.0,5.000000000000004,97
5805,ＳＷＣＣ,7950.0,5.000000000000004,83
6286,靜甲,951.0,5.000000000000004,38
3690,イルグルム,664.0,5.000000000000004,28
8399,琉球銀行,1334.0,5.000000000000004,75
1380,秋川牧園,1013.0,5.000000000000004,36
6617,東光高岳,3010.0,5.41666666666667,93
3113,ＵＮＩＶＡ・Ｏａｋホールディングス,81.0,5.41666666666667,1
1941,中電工,3925.0,6.25,41
7624,ＮａＩＴＯ,138.0,6.25,83
9273,コーア商事ホールディングス,765.0,6.25,46
2782,セリア,3055.0,6.25,43
4751,サイバーエージェント,1787.5,6.666666666666665,94
4886,あすか製薬ホールディングス,2548.0,6.666666666666665,11
9502,中部電力,2083.0,6.666666666666665,47
2378,ルネサンス,1197.0,6.666666666666665,43
2673,夢みつけ隊,279.0,6.666666666666665,91
3984,ユーザーローカル,2066.0,6.666666666666665,81
9535,広島ガス,385.0,6.666666666666665,57
1333,マルハニチロ,3370.0,6.666666666666665,27
7590,タカショー,457.0,6.666666666666665,83
9900,サガミホールディングス,1893.0,6.666666666666665,29
8005,スクロール,1130.0,7.08333333333333,82
1879,新日本建設,1891.0,7.08333333333333,96
4575,キャンバス,1380.0,7.08333333333333,16
2321,ソフトフロントホールディングス,187.0,7.08333333333333,58
3913,ＧｒｅｅｎＢｅｅ,1045.0,7.916666666666671,0
6594,ニデック,3168.0,7.916666666666671,84
8439,東京センチュリー,1871.5,8.333333333333337,87
1944,きんでん,5282.0,8.333333333333337,100
4062,イビデン,7020.0,8.333333333333337,82
2330,フォーサイド,287.0,8.333333333333337,41
2376,サイネックス,800.0,8.750000000000002,14
4512,わかもと製薬,308.0,8.750000000000002,18
8366,滋賀銀行,6680.0,9.166666666666668,99
9563,Ａｔｌａｓ　Ｔｅｃｈｎｏｌｏｇｉｅｓ,318.0,9.166666666666668,0
3482,ロードスターキャピタル,3030.0,9.583333333333332,15
2730,エディオン,2047.0,9.583333333333332,72
9301,三菱倉庫,1248.5,9.583333333333332,82
9651,日本プロセス,1505.0,9.583333333333332,16
8848,レオパレス２１,726.0,9.583333333333332,46
9531,東京瓦斯,5771.0,9.999999999999998,37
9036,東部ネットワーク,905.0,9.999999999999998,75
3086,Ｊ．フロント　リテイリング,2365.0,9.999999999999998,76
7270,ＳＵＢＡＲＵ,2989.0,9.999999999999998,29
9404,日本テレビホールディングス,3970.0,9.999999999999998,31
2573,北海道コカ・コーラボトリング,3490.0,9.999999999999998,101
7426,山大,1342.0,9.999999999999998,44
6871,日本マイクロニクス,4465.0,9.999999999999998,0
4829,日本エンタープライズ,123.0,10.416666666666664,39
9478,ＳＥホールディングス・アンド・インキュベーションズ,357.0,10.416666666666664,81
5125,ファインズ,640.0,10.416666666666664,72
4487,スペースマーケット,394.0,10.416666666666664,79
2666,オートウェーブ,167.0,10.416666666666664,77
3927,フーバーブレイン,916.0,10.416666666666664,85
7677,ヤシマキザイ,2866.0,10.833333333333329,14
3461,パルマ,589.0,10.833333333333329,53
1430,ファーストコーポレーション,945.0,11.250000000000004,20
8411,みずほフィナンシャルグループ,4803.0,11.66666666666667,69
9168,ライズ・コンサルティング・グループ,1083.0,11.66666666666667,0
4996,クミアイ化学工業,863.0,11.66666666666667,49
9996,サトー商会,2007.0,11.66666666666667,41
8341,七十七銀行,5733.0,11.66666666666667,81
2743,ピクセルカンパニーズ,156.0,11.66666666666667,54
6498,キッツ,1490.0,11.66666666666667,70
4366,ダイトーケミックス,938.0,11.66666666666667,77
8361,大垣共立銀行,3195.0,12.083333333333336,83
3513,イチカワ,1913.0,12.083333333333336,45
3028,アルペン,2404.0,12.083333333333336,10
8346,東邦銀行,404.0,12.083333333333336,38
4694,ビー・エム・エル,3615.0,12.083333333333336,73
4978,リプロセル,186.0,12.5,0
1929,日特建設,1266.0,12.5,58
6566,要興業,1160.0,12.916666666666664,61
1914,日本基礎技術,661.0,12.916666666666664,8
2136,ヒップ,1396.0,12.916666666666664,81
4041,日本曹達,3475.0,12.916666666666664,73
7886,ヤマト　モビリティ　＆　Ｍｆｇ．,1020.0,12.916666666666664,66
9345,ビズメイツ,2236.0,13.33333333333333,0
2288,丸大食品,2034.0,13.33333333333333,47
5334,日本特殊陶業,5589.0,13.33333333333333,60
9254,ラバブルマーケティンググループ,1427.0,13.33333333333333,59
3137,ファンデリー,520.0,13.33333333333333,14
6597,ＨＰＣシステムズ,1935.0,13.33333333333333,84
6542,ＦＣホールディングス,1410.0,13.33333333333333,101
8081,カナデン,1948.0,13.33333333333333,83
8127,ヤマトインターナショナル,409.0,13.749999999999996,86
2916,仙波糖化工業,770.0,13.749999999999996,64
8133,伊藤忠エネクス,1947.0,14.166666666666671,83
9816,ストライダーズ,275.0,14.583333333333336,24
7129,ミアヘルサホールディングス,1141.0,14.583333333333336,59
8387,四国銀行,1432.0,14.583333333333336,40
2286,林兼産業,629.0,14.583333333333336,71
9978,文教堂グループホールディングス,61.0,15.000000000000002,49
6677,エスケーエレクトロニクス,2891.0,15.000000000000002,89
176A,レジル,2743.0,15.000000000000002,24
8132,シナネンホールディングス,6560.0,15.000000000000002,39
8585,オリエントコーポレーション,1014.0,15.416666666666668,83
2814,佐藤食品工業,3145.0,15.416666666666668,27
7092,Ｆａｓｔ　Ｆｉｔｎｅｓｓ　Ｊａｐａｎ,1862.0,16.249999999999996,29
9519,レノバ,873.0,16.666666666666664,46
6302,住友重機械工業,3368.0,16.666666666666664,44
8214,ＡＯＫＩホールディングス,1829.0,16.666666666666664,84
2540,養命酒製造,3965.0,16.666666666666664,228
3477,フォーライフ,818.0,17.08333333333333,88
4814,ネクストウェア,168.0,17.08333333333333,8
6159,ミクロン精密,1641.0,17.500000000000004,20
9791,ビケンテクノ,1150.0,17.91666666666667,18
7381,北國フィナンシャルホールディングス,6290.0,17.91666666666667,38
4894,クオリプス,7290.0,18.333333333333336,16
7271,安永,721.0,18.333333333333336,92
9278,ブックオフグループホールディングス,1510.0,18.333333333333336,22
8381,山陰合同銀行,1367.0,18.333333333333336,38
2767,円谷フィールズホールディングス,2245.0,18.333333333333336,2
9625,セレスポ,1096.0,18.333333333333336,50
7804,ビーアンドピー,2540.0,18.333333333333336,80
5971,共和工業所,5900.0,18.75,24
5816,オーナンバ,1051.0,19.166666666666664,36
8151,東陽テクニカ,1600.0,19.166666666666664,66
8388,阿波銀行,3505.0,19.166666666666664,49
9409,テレビ朝日ホールディングス,3155.0,19.58333333333333,71
6960,フクダ電子,6840.0,19.58333333333333,2
219A,Ｈｅａｒｔｓｅｅｄ,3615.0,19.58333333333333,87
7673,ダイコー通産,1612.0,20.0,86
4619,日本特殊塗料,2166.0,20.0,99
3853,アステリア,1723.0,20.0,61
3662,エイチームホールディングス,1239.0,20.41666666666667,98
4769,ＩＣ,1037.0,20.833333333333336,40
350A,デジタルグリッド,11180.0,21.250000000000004,77
1446,キャンディル,565.0,21.250000000000004,61
4531,有機合成薬品工業,278.0,21.250000000000004,65
3758,アエリア,343.0,21.250000000000004,79
6535,アイモバイル,660.0,21.250000000000004,99
3692,ＦＦＲＩセキュリティ,6950.0,21.666666666666668,163
9165,クオルテック,1478.0,21.666666666666668,64
9554,ＡＶｉＣ,2175.0,21.666666666666668,101
2108,日本甜菜製糖,2733.0,21.666666666666668,49
7089,フォースタートアップス,1995.0,21.666666666666668,83
6369,トーヨーカネツ,4370.0,22.08333333333333,76
4828,ビジネスエンジニアリング,6170.0,22.08333333333333,97
4074,ラキール,1066.0,22.08333333333333,17
156A,マテリアルグループ,814.0,22.916666666666664,70
5616,雨風太陽,1212.0,22.916666666666664,40
1518,三井松島ホールディングス,6550.0,22.916666666666664,80
8370,紀陽銀行,2969.0,22.916666666666664,93
7378,アシロ,2372.0,23.33333333333333,33
7567,栄電子,511.0,23.33333333333333,51
6737,ＥＩＺＯ,2238.0,23.33333333333333,62
9466,アイドママーケティングコミュニケーション,250.0,23.33333333333333,2
6772,東京コスモス電機,9230.0,23.33333333333333,99
9763,丸紅建材リース,3570.0,23.33333333333333,41
4526,理研ビタミン,2937.0,23.33333333333333,99
9039,サカイ引越センター,2939.0,23.33333333333333,83
9034,南総通運,1458.0,23.33333333333333,97
1491,中外鉱業,54.0,23.750000000000004,0
6346,キクカワエンタープライズ,6230.0,23.750000000000004,35
6835,アライドテレシスホールディングス,186.0,24.583333333333336,50
6914,オプテックスグループ,1922.0,24.583333333333336,51
5271,トーヨーアサノ,2368.0,24.583333333333336,42
8135,ゼット,442.0,25.0,38
4240,クラスターテクノロジー,370.0,25.0,87
3877,中越パルプ工業,1744.0,25.0,92
9709,ＮＣＳ＆Ａ,1510.0,25.0,99
4838,スペースシャワーＳＫＩＹＡＫＩホールディングス,887.0,25.416666666666664,101
7036,イーエムネットジャパン,993.0,25.416666666666664,66
4172,東和ハイシステム,2320.0,25.416666666666664,101
6239,ナガオカ,1427.0,25.83333333333333,89
3449,テクノフレックス,1507.0,26.25,99
4119,日本ピグメントホールディングス,3580.0,26.25,50
8358,スルガ銀行,1533.0,26.25,75
6907,ジオマテック,1139.0,26.25,16
8383,鳥取銀行,1361.0,26.66666666666667,38
8057,内田洋行,10850.0,26.66666666666667,99
3845,アイフリークモバイル,240.0,26.66666666666667,94
6113,アマダ,1873.0,26.66666666666667,68
5597,ブルーイノベーション,2742.0,26.66666666666667,68
4496,コマースＯｎｅホールディングス,845.0,26.66666666666667,22
4374,ＲＯＢＯＴ　ＰＡＹＭＥＮＴ,3190.0,26.66666666666667,71
3444,菊池製作所,361.0,27.083333333333336,60
3011,バナーズ,150.0,27.500000000000004,15
3577,東海染工,899.0,27.916666666666668,10
6176,ブランジスタ,805.0,28.33333333333333,58
7220,武蔵精密工業,3205.0,28.33333333333333,77
3089,テクノアルファ,1161.0,28.33333333333333,66
7358,ポピンズ,1530.0,28.75,83
4095,日本パーカライジング,1435.0,28.75,61
6230,ＳＡＮＥＩ,2041.0,29.166666666666664,87
3934,ベネフィットジャパン,2001.0,30.000000000000004,91
4259,エクサウィザーズ,510.0,30.000000000000004,76
1720,東急建設,1145.0,30.000000000000004,99
5844,京都フィナンシャルグループ,2939.0,30.000000000000004,91
5279,日本興業,1314.0,30.41666666666667,91
2139,中広,451.0,30.833333333333336,56
3284,フージャースホールディングス,1291.0,30.833333333333336,99
2341,アルバイトタイムス,169.0,31.25,97
1866,北野建設,4350.0,31.25,18
4584,キッズウェル・バイオ,271.0,31.25,1
5218,オハラ,1249.0,31.666666666666664,47
8334,群馬銀行,1574.0,31.666666666666664,55
6081,アライドアーキテクツ,236.0,31.666666666666664,12
4994,大成ラミックグループ,2571.0,31.666666666666664,47
6838,多摩川ホールディングス,820.0,31.666666666666664,77
2281,プリマハム,2398.0,32.08333333333333,99
6929,日本セラミック,3245.0,32.08333333333333,39
6676,ＢＵＦＦＡＬＯ,3530.0,32.49999999999999,73
7628,オーハシテクニカ,2383.0,33.333333333333336,76
8331,千葉銀行,1535.5,33.333333333333336,49
6626,ＳＥＭＩＴＥＣ,2412.0,33.333333333333336,84
3948,光ビジネスフォーム,1281.0,33.75,135
1815,鉄建建設,3420.0,34.583333333333336,93
9972,アルテック,242.0,34.583333333333336,1
5423,東京製鐵,1658.0,35.0,28
4261,アジアクエスト,2920.0,35.0,41
1719,安藤・間,1725.0,35.0,101
3640,電算,2667.0,35.0,76
6357,三精テクノロジーズ,2213.0,35.0,81
6496,中北製作所,5150.0,35.0,87
3565,アセンテック,1790.0,35.0,100
1959,九電工,7215.0,35.0,85
168A,イタミアート,1698.0,35.0,12
9507,四国電力,1400.5,35.0,47
9987,スズケン,5961.0,35.0,97
2340,極楽湯ホールディングス,496.0,35.0,10
2112,塩水港精糖,399.0,35.83333333333333,64
4293,セプテーニ・ホールディングス,419.0,35.83333333333333,3
9635,武蔵野興業,2329.0,36.25000000000001,45
1852,淺沼組,865.0,36.25000000000001,47
6092,エンバイオ・ホールディングス,668.0,36.66666666666667,68
4767,テー・オー・ダブリュー,379.0,36.66666666666667,23
4107,伊勢化学工業,28160.0,36.66666666666667,83
9413,テレビ東京ホールディングス,4595.0,36.66666666666667,32
1960,サンテック,1008.0,36.66666666666667,75
5707,東邦亜鉛,674.0,36.66666666666667,0
8563,大東銀行,807.0,36.66666666666667,69
256A,飛島ホールディングス,2169.0,36.66666666666667,93
9142,九州旅客鉄道,4102.0,37.083333333333336,19
1813,不動テトラ,2657.0,37.083333333333336,25
2991,ランドネット,1339.0,37.083333333333336,57
9959,アシードホールディングス,690.0,37.5,27
6744,能美防災,4025.0,37.5,95
3647,ジー・スリーホールディングス,153.0,37.5,62
7292,村上開明堂,6900.0,37.91666666666666,86
3177,ありがとうサービス,3450.0,37.91666666666666,4
4203,住友ベークライト,4923.0,37.91666666666666,80
3302,帝国繊維,3095.0,37.91666666666666,84
5246,ＥＬＥＭＥＮＴＳ,1147.0,37.91666666666666,8
6470,大豊工業,700.0,38.33333333333333,28
3157,ジオリーブグループ,1331.0,38.33333333333333,68
7231,トピー工業,2929.0,38.33333333333333,81
7539,アイナボホールディングス,795.0,38.33333333333333,98
5832,ちゅうぎんフィナンシャルグループ,2134.5,38.33333333333333,79
2436,共同ピーアール,953.0,38.33333333333333,78
4620,藤倉化成,616.0,38.33333333333333,57
5943,ノーリツ,1992.0,38.33333333333333,93
3997,トレードワークス,3225.0,38.33333333333333,28
3553,共和レザー,888.0,38.33333333333333,81
7795,ＫＹＯＲＩＴＳＵ,201.0,38.33333333333333,73
2195,アミタホールディングス,375.0,38.33333333333333,2
7266,今仙電機製作所,775.0,38.33333333333333,97
6297,鉱研工業,759.0,38.74999999999999,86
6349,小森コーポレーション,1534.0,38.74999999999999,87
6390,加藤製作所,1391.0,38.74999999999999,73
6554,エスユーエス,1201.0,39.583333333333336,97
6486,イーグル工業,2567.0,39.583333333333336,47
2602,日清オイリオグループ,5200.0,40.0,46
8473,ＳＢＩホールディングス,6820.0,40.0,70
4977,新田ゼラチン,996.0,40.0,97
3747,インタートレード,952.0,40.0,12
2722,ＩＫホールディングス,411.0,40.0,22
6459,大和冷機工業,1687.0,40.0,11
8923,トーセイ,3175.0,40.41666666666666,93
2459,アウンコンサルティング,270.0,40.41666666666666,8
6484,ＫＶＫ,2166.0,40.41666666666666,45
6941,山一電機,3160.0,40.833333333333336,80
7875,竹田ｉＰホールディングス,1037.0,40.833333333333336,48
3036,アルコニックス,2152.0,41.25,83
6579,ログリー,398.0,41.25,7
4594,ブライトパス・バイオ,89.0,41.25,55
9769,学究社,2318.0,41.66666666666666,41
6027,弁護士ドットコム,3425.0,41.66666666666666,24
9022,東海旅客鉄道,3952.0,41.66666666666666,88
5011,ニチレキグループ,2790.0,41.66666666666666,94
6301,小松製作所,4978.0,42.08333333333333,63
2695,くら寿司,3905.0,42.08333333333333,120
2370,メディネット,38.0,42.50000000000001,49
7163,住信ＳＢＩネット銀行,4875.0,42.50000000000001,67
2433,博報堂ＤＹホールディングス,1216.5,42.50000000000001,81
3202,ダイトウボウ,117.0,42.50000000000001,55
1724,シンクレイヤ,653.0,42.91666666666667,1
6537,ＷＡＳＨハウス,451.0,42.91666666666667,77
1904,大成温調,4315.0,42.91666666666667,85
1934,ユアテック,2675.0,43.333333333333336,99
8935,ＦＪネクストホールディングス,1548.0,43.333333333333336,29
2332,クエスト,1495.0,43.333333333333336,77
6788,日本トリム,4645.0,43.333333333333336,99
6087,アビスト,3425.0,43.333333333333336,87
155A,情報戦略テクノロジー,891.0,43.333333333333336,81
4224,ロンシール工業,1858.0,43.333333333333336,68
4539,日本ケミファ,1633.0,44.16666666666666,43
7725,インターアクション,1369.0,44.99999999999999,51
9704,アゴーラ　ホスピタリティー　グループ,67.0,44.99999999999999,13
8060,キヤノンマーケティングジャパン,5696.0,44.99999999999999,29
6670,ＭＣＪ,1434.0,44.99999999999999,36
6481,ＴＨＫ,4043.0,44.99999999999999,7
6908,イリソ電子工業,2916.0,44.99999999999999,52
6806,ヒロセ電機,19290.0,44.99999999999999,53
9501,東京電力ホールディングス,774.7000122070312,44.99999999999999,55
2158,ＦＲＯＮＴＥＯ,830.0,44.99999999999999,29
9164,トライト,877.0,44.99999999999999,94
4017,クリーマ,308.0,44.99999999999999,19
7565,萬世電機,6300.0,44.99999999999999,67
5237,ノザワ,1008.0,44.99999999999999,78
1951,エクシオグループ,2200.0,45.41666666666667,83
3988,ＳＹＳホールディングス,593.0,45.41666666666667,13
4319,ＴＡＣ,348.0,46.25,94
4484,ランサーズ,301.0,46.25,78
1885,東亜建設工業,2162.0,46.25,95
7538,大水,354.0,46.66666666666666,45
7916,光村印刷,1497.0,46.66666666666666,49
7711,助川電気工業,3550.0,46.66666666666666,82
6269,三井海洋開発,7740.0,46.66666666666666,91
6226,守谷輸送機工業,5140.0,46.66666666666666,100
3386,コスモ・バイオ,1177.0,46.66666666666666,10
8130,サンゲツ,3120.0,46.66666666666666,47
3727,アプリックス,240.0,46.66666666666666,9
4406,新日本理化,236.0,46.66666666666666,48
4320,ＣＥホールディングス,756.0,46.66666666666666,52
7992,セーラー万年筆,128.0,47.5,8
4286,ＣＬホールディングス,975.0,48.33333333333333,17
3753,フライトソリューションズ,235.0,48.33333333333333,2
4078,堺化学工業,2916.0,48.33333333333333,49
3135,マーケットエンタープライズ,1908.0,48.33333333333333,33
8551,北日本銀行,3770.0,48.33333333333333,41
8707,岩井コスモホールディングス,2636.0,48.33333333333333,47
2918,わらべや日洋ホールディングス,2851.0,48.75000000000001,99
7515,マルヨシセンター,4140.0,48.75000000000001,69
6480,日本トムソン,650.0,48.75000000000001,80
7896,セブン工業,517.0,49.16666666666667,51
7004,カナデビア,997.0,49.16666666666667,8
6455,モリタホールディングス,2310.0,49.583333333333336,51
8584,ジャックス,4325.0,49.583333333333336,73
6727,ワコム,741.0,49.583333333333336,71
7596,魚力,2597.0,50.0,23
7637,白銅,2317.0,50.0,1
9025,鴻池運輸,3445.0,50.0,71
7208,カネミツ,1011.0,50.0,53
5952,アマテイ,189.0,50.0,31
8995,誠建設工業,968.0,50.0,44
9449,ＧＭＯインターネットグループ,3937.0,50.0,99
8918,ランド,8.0,50.0,0
1890,東洋建設,1744.0,50.0,87
1897,金下建設,2835.0,51.24999999999999,53
5570,ジェノバ,751.0,51.24999999999999,16
5702,大紀アルミニウム工業所,1160.0,51.66666666666666,47
9020,東日本旅客鉄道,3660.0,51.66666666666666,46
5838,楽天銀行,8498.0,51.66666666666666,18
6383,ダイフク,4792.0,51.66666666666666,36
325A,ＴＥＮＴＩＡＬ,4720.0,51.66666666666666,83
8173,上新電機,2536.0,51.66666666666666,71
4552,ＪＣＲファーマ,646.0,51.66666666666666,66
8630,ＳＯＭＰＯホールディングス,4769.0,51.66666666666666,24
5232,住友大阪セメント,4020.0,51.66666666666666,18
5331,ノリタケ,4570.0,52.08333333333333,47
6996,ニチコン,1346.0,52.08333333333333,46
4255,ＴＨＥＣＯＯ,1207.0,52.08333333333333,33
1811,錢高組,6320.0,53.333333333333336,87
2264,森永乳業,3446.0,53.333333333333336,5
5801,古河電気工業,8712.0,53.333333333333336,74
5975,東プレ,2172.0,53.333333333333336,47
4658,日本空調サービス,1278.0,53.333333333333336,86
3110,日東紡績,6450.0,53.333333333333336,2
6278,ユニオンツール,8310.0,53.333333333333336,67
7337,ひろぎんホールディングス,1421.0,53.333333333333336,38
4073,ジィ・シィ企画,771.0,53.75,12
1768,ソネック,1001.0,53.75,82
3847,パシフィックシステム,6820.0,53.75,89
8591,オリックス,3864.0,53.75,69
9256,サクシード,840.0,53.75,14
4043,トクヤマ,3461.0,53.75,88
3071,ストリーム,118.0,54.16666666666667,13
7877,永大化工,1705.0,54.16666666666667,74
6028,テクノプロ・ホールディングス,4824.0,54.16666666666667,96
6809,ＴＯＡ,1140.0,54.16666666666667,83
7350,おきなわフィナンシャルグループ,3720.0,54.58333333333334,81
4205,日本ゼオン,1716.0,54.58333333333334,47
7014,名村造船所,3465.0,55.00000000000001,66
7318,セレンディップ・ホールディングス,5470.0,55.00000000000001,79
5440,共英製鋼,2276.0,55.00000000000001,66
3663,セルシス,1795.0,55.00000000000001,89
6316,丸山製作所,2300.0,55.00000000000001,50
3076,あい　ホールディングス,2604.0,55.00000000000001,97
4188,三菱ケミカルグループ,870.0,55.41666666666667,71
6343,フリージア・マクロス,157.0,55.833333333333336,81
8118,キング,871.0,55.833333333333336,143
8425,みずほリース,1290.0,56.25,47
7353,ＫＩＹＯラーニング,744.0,56.25,27
7130,ヤマエグループホールディングス,2750.0,56.25,42
341A,トヨコー,3250.0,56.25,101
7021,ニッチツ,1959.0,56.66666666666666,71
3153,八洲電機,2262.0,56.66666666666666,38
248A,キッズスター,1938.0,56.66666666666666,53
2206,江崎グリコ,5023.0,56.66666666666666,29
8198,マックスバリュ東海,3300.0,56.66666666666666,84
2933,紀文食品,1163.0,56.66666666666666,52
9503,関西電力,2132.0,56.66666666666666,45
6524,湖北工業,2900.0,56.66666666666666,67
6249,ゲームカード・ジョイコホールディングス,2970.0,56.66666666666666,56
6743,大同信号,553.0,57.08333333333333,43
8881,日神グループホールディングス,577.0,57.08333333333333,47
3341,日本調剤,3915.0,57.49999999999999,123
5577,アイデミー,1444.0,57.49999999999999,16
2055,日和産業,325.0,57.91666666666666,28
7613,シークス,1295.0,57.91666666666666,80
5958,三洋工業,4160.0,57.91666666666666,81
3454,ファーストブラザーズ,1122.0,57.91666666666666,57
3991,ウォンテッドリー,1353.0,58.33333333333333,28
9984,ソフトバンクグループ,15175.0,58.33333333333333,60
6848,東亜ディーケーケー,820.0,58.33333333333333,46
8706,極東証券,1614.0,58.33333333333333,54
2315,ＣＡＩＣＡ　ＤＩＧＩＴＡＬ,159.0,58.33333333333333,12
8129,東邦ホールディングス,5500.0,58.33333333333333,58
4547,キッセイ薬品工業,4400.0,58.33333333333333,85
6373,大同工業,1358.0,58.33333333333333,89
3963,シンクロ・フード,587.0,58.75,6
7222,日産車体,1173.0,59.583333333333336,20
5184,ニチリン,3665.0,59.583333333333336,39
4231,タイガースポリマー,980.0,59.583333333333336,46
9867,ソレキア,8200.0,60.0,81
5187,クリエートメディック,996.0,60.0,41
9553,マイクロアド,596.0,60.0,101
8139,ナガホリ,1721.0,60.0,84
4318,クイック,2352.0,60.0,87
9274,ＫＰＰグループホールディングス,818.0,60.0,83
8059,第一実業,2676.0,60.0,63
2317,システナ,490.0,60.0,95
7183,あんしん保証,165.0,60.0,12
7119,ハルメクホールディングス,1213.0,60.0,56
6312,フロイント産業,1076.0,60.41666666666667,48
3204,トーア紡コーポレーション,435.0,60.41666666666667,51
7073,ジェイック,2321.0,60.83333333333334,63
4229,群栄化学工業,3275.0,60.83333333333334,16
6233,ＫＬＡＳＳ,438.0,61.25000000000001,82
7241,フタバ産業,965.0,61.25000000000001,47
5288,アジアパイルホールディングス,1249.0,61.25000000000001,72
4624,イサム塗料,3555.0,61.25000000000001,38
3688,ＣＡＲＴＡ　ＨＯＬＤＩＮＧＳ,2094.0,61.25000000000001,99
5280,ヨシコン,2364.0,61.25000000000001,95
7327,第四北越フィナンシャルグループ,4175.0,61.25000000000001,91
7512,イオン北海道,924.0,61.25000000000001,93
7034,プロレド・パートナーズ,771.0,61.25000000000001,77
4825,ウェザーニューズ,4705.0,61.66666666666667,97
6240,ヤマシンフィルタ,653.0,61.66666666666667,56
6381,アネスト岩田,1587.0,61.66666666666667,80
6135,牧野フライス製作所,11570.0,61.66666666666667,68
6101,ツガミ,2213.0,61.66666666666667,39
5351,品川リフラクトリーズ,1953.0,61.66666666666667,39
6804,ホシデン,2280.0,61.66666666666667,73
8368,百五銀行,861.0,61.66666666666667,47
3723,日本ファルコム,1370.0,61.66666666666667,22
6149,小田原エンジニアリング,2398.0,62.083333333333336,67
8524,北洋銀行,719.0,62.083333333333336,81
1401,エムビーエス,1470.0,62.083333333333336,94
4479,マクアケ,1211.0,62.083333333333336,97
7608,エスケイジャパン,1121.0,62.91666666666666,94
1899,福田組,5950.0,62.91666666666666,33
3223,エスエルディー,998.0,62.91666666666666,66
7521,ムサシ,2329.0,63.33333333333333,64
6777,ｓａｎｔｅｃ　Ｈｏｌｄｉｎｇｓ,7750.0,63.33333333333333,63
3104,富士紡ホールディングス,6570.0,63.33333333333333,69
8364,清水銀行,1910.0,63.33333333333333,50
7949,小松ウオール工業,2649.0,63.33333333333333,87
2304,ＣＳＳホールディングス,1000.0,63.33333333333333,30
4124,大阪油化工業,2837.0,63.33333333333333,76
2224,コモ,3315.0,63.74999999999999,41
2464,Ａｏｂａ‐ＢＢＴ,350.0,63.74999999999999,87
3910,エムケイシステム,323.0,63.74999999999999,2
3323,レカム,100.0,64.58333333333333,91
5131,リンカーズ,209.0,65.0,65
8359,八十二銀行,1458.5,65.0,90
3082,きちりホールディングス,908.0,65.0,23
5714,ＤＯＷＡホールディングス,5290.0,65.0,46
1721,コムシスホールディングス,3714.0,65.0,85
7242,カヤバ,3785.0,65.0,47
8934,サンフロンティア不動産,2338.0,65.0,83
8227,しまむら,11000.0,65.0,106
5599,Ｓ＆Ｊ,1458.0,65.0,28
7379,サーキュレーション,897.0,65.0,89
7235,東京ラヂエーター製造,1201.0,65.0,46
9610,ウィルソン・ラーニング　ワールドワイド,243.0,65.0,12
7127,一家ホールディングス,719.0,65.0,49
8365,富山銀行,1675.0,65.0,58
7018,内海造船,9280.0,65.0,57
6189,グローバルキッズＣＯＭＰＡＮＹ,777.0,65.0,62
9033,広島電鉄,643.0,65.41666666666667,52
2597,ユニカフェ,969.0,65.41666666666667,92
1967,ヤマト,2115.0,65.41666666666667,93
6347,プラコー,239.0,65.83333333333333,20
9876,コックス,229.0,66.25,71
5013,ユシロ,2355.0,66.25,43
247A,Ａｉロボティクス,7810.0,66.25,101
2924,イフジ産業,2476.0,66.66666666666667,40
3929,ソーシャルワイヤー,270.0,66.66666666666667,3
2983,アールプランナー,2088.0,66.66666666666667,75
6664,オプトエレクトロニクス,297.0,66.66666666666667,81
6044,三機サービス,1810.0,66.66666666666667,101
6317,北川鉄工所,1600.0,66.66666666666667,87
9960,東テク,3220.0,66.66666666666667,93
5724,アサカ理研,1316.0,66.66666666666667,98
3294,イーグランド,1690.0,67.08333333333334,80
9028,ゼロ,3260.0,67.91666666666667,97
2150,ケアネット,1127.0,67.91666666666667,36
7762,シチズン時計,1022.0,67.91666666666667,38
7966,リンテック,3510.0,67.91666666666667,71
3447,信和,881.0,67.91666666666667,48
7443,横浜魚類,605.0,68.33333333333333,38
5945,天龍製鋸,2049.0,68.33333333333333,62
3236,プロパスト,228.0,68.33333333333333,22
6267,ゼネラルパッカー,3075.0,68.33333333333333,17
1870,矢作建設工業,2191.0,68.33333333333333,87
6853,共和電業,667.0,68.33333333333333,101
7640,トップカルチャー,162.0,68.33333333333333,99
7699,オムニ・プラス・システム・リミテッド　ＪＤＲ,884.0,68.33333333333333,71
5936,東洋シヤッター,864.0,68.33333333333333,50
142A,ジンジブ,822.0,68.33333333333333,50
1948,弘電社,2619.0,68.33333333333333,89
7421,カッパ・クリエイト,1619.0,68.75,36
3561,力の源ホールディングス,1553.0,68.75,50
5191,住友理工,2167.0,68.75,46
3181,買取王国,980.0,69.16666666666667,156
3892,岡山製紙,1500.0,69.16666666666667,18
6998,日本タングステン,1381.0,69.16666666666667,68
9934,因幡電機産業,4191.0,69.16666666666667,58
7218,田中精密工業,1053.0,69.16666666666667,23
3863,日本製紙,1202.0,69.58333333333333,39
6378,木村化工機,981.0,69.58333333333333,80
7291,日本プラスト,424.0,69.58333333333333,81
6678,テクノメディカ,2023.0,69.58333333333333,93
2385,総医研ホールディングス,196.0,69.58333333333333,78
3678,メディアドゥ,1919.0,70.0,24
8125,ワキタ,1834.0,70.0,32
6776,天昇電気工業,265.0,70.0,5
9820,エムティジェネックス,3350.0,70.0,86
2831,はごろもフーズ,3370.0,70.0,38
6923,スタンレー電気,3020.0,70.0,96
9244,デジタリフト,1361.0,70.0,61
9346,ココルポート,1650.0,70.0,77
3526,芦森工業,4225.0,70.0,58
6469,放電精密加工研究所,1788.0,70.0,30
7254,ユニバンス,550.0,70.41666666666666,65
5933,アルインコ,1070.0,70.41666666666666,59
6364,ＡＩＲＭＡＮ,2072.0,70.41666666666666,40
7887,南海プライウッド,6940.0,70.41666666666666,76
3924,ランドコンピュータ,972.0,70.41666666666666,83
5830,いよぎんホールディングス,2094.5,70.41666666666666,38
7634,星医療酸器,4720.0,70.83333333333333,44
9252,ラストワンマイル,4015.0,71.25,27
4544,Ｈ．Ｕ．グループホールディングス,3762.0,71.25,93
7250,太平洋工業,2366.0,71.25,49
3598,山喜,184.0,71.25,65
6433,ヒーハイスト,453.0,71.25,52
6794,フォスター電機,2152.0,71.25,73
2768,双日,3931.0,71.66666666666667,90
6859,エスペック,3345.0,71.66666666666667,80
8045,横浜丸魚,1112.0,71.66666666666667,72
4635,東京インキ,6850.0,71.66666666666667,94
6209,リケンＮＰＲ,2957.0,71.66666666666667,41
1860,戸田建設,1053.5,71.66666666666667,47
6547,グリーンズ,2616.0,71.66666666666667,15
7989,立川ブラインド工業,1850.0,71.66666666666667,76
8395,佐賀銀行,2932.0,72.08333333333333,68
4116,大日精化工業,3930.0,72.08333333333333,87
6158,和井田製作所,891.0,72.5,9
2359,コア,2039.0,72.5,70
6473,ジェイテクト,1438.5,72.91666666666667,49
6518,三相電機,989.0,72.91666666666667,72
3945,スーパーバッグ,2593.0,72.91666666666667,80
6505,東洋電機製造,1998.0,72.91666666666667,64
4750,ダイサン,604.0,72.91666666666667,37
4482,ウィルズ,733.0,72.91666666666667,19
3192,白鳩,290.0,72.91666666666667,14
1926,ライト工業,3335.0,73.33333333333334,101
3467,アグレ都市デザイン,2225.0,73.33333333333334,80
6599,エブレン,2278.0,73.33333333333334,38
6995,東海理化電機製作所,2646.0,73.33333333333334,50
3176,三洋貿易,1638.0,73.33333333333334,51
2429,ワールドホールディングス,2628.0,73.33333333333334,81
7226,極東開発工業,2776.0,73.33333333333334,83
4495,アイキューブドシステムズ,2365.0,73.33333333333334,99
6824,新コスモス電機,3200.0,73.33333333333334,53
4840,トライアイズ,453.0,73.33333333333334,58
5132,ｐｌｕｓｚｅｒｏ,4185.0,73.33333333333334,77
6863,ニレコ,2014.0,73.33333333333334,8
6262,ＰＥＧＡＳＵＳ,655.0,73.75,55
9562,ビジネスコーチ,2295.0,73.75,85
3851,日本一ソフトウェア,873.0,73.75,22
8150,三信電気,2836.0,73.75,81
4365,松本油脂製薬,19720.0,74.58333333333333,21
6472,ＮＴＮ,333.3999938964844,74.58333333333333,46
7986,日本アイ・エス・ケイ,1660.0,74.58333333333333,98
7371,Ｚｅｎｋｅｎ,769.0,74.58333333333333,87
4809,パラカ,2040.0,74.58333333333333,47
3358,ワイエスフード,102.0,75.0,24
2127,日本Ｍ＆Ａセンターホールディングス,795.4000244140625,75.0,85
7849,スターツ出版,4450.0,75.0,59
5406,神戸製鋼所,1844.0,75.0,30
7120,ＳＨＩＮＫＯ,2379.0,75.0,16
7833,アイフィスジャパン,653.0,75.0,97
244A,グロースエクスパートナーズ,2251.0,75.0,81
1930,北陸電気工事,1489.0,75.0,43
4243,ニックス,825.0,75.0,91
372A,レント,6540.0,75.41666666666667,15
6495,宮入バルブ製作所,123.0,75.83333333333333,101
7552,ハピネット,6980.0,76.25,97
184A,学びエイド,665.0,76.25,69
7621,うかい,3755.0,76.25,43
9716,乃村工藝社,1061.0,76.25,29
2694,焼肉坂井ホールディングス,74.0,76.25,26
4272,日本化薬,1458.0,76.25,38
5259,ＢＢＤイニシアティブ,1760.0,76.66666666666666,72
3452,ビーロット,1764.0,76.66666666666666,61
4042,東ソー,2367.0,76.66666666666666,71
9702,アイ・エス・ビー,1667.0,76.66666666666666,90
7646,ＰＬＡＮＴ,1698.0,76.66666666666666,50
2325,ＮＪＳ,6420.0,76.66666666666666,5
4990,昭和化学工業,507.0,76.66666666666666,58
2903,シノブフーズ,1520.0,76.66666666666666,81
4839,ＷＯＷＯＷ,1770.0,76.66666666666666,43
9857,英和,2428.0,76.66666666666666,54
6371,椿本チエイン,2203.0,77.08333333333334,43
4045,東亞合成,1548.0,77.08333333333334,69
1861,熊谷組,4780.0,77.08333333333334,40
7921,ＴＡＫＡＲＡ　＆　ＣＯＭＰＡＮＹ,4125.0,77.08333333333334,29
6814,古野電気,5720.0,77.5,81
6379,レイズネクスト,1925.0,77.5,78
7995,バルカー,3810.0,77.91666666666667,47
3550,スタジオアタオ,226.0,77.91666666666667,70
6147,ヤマザキ,327.0,77.91666666666667,54
7537,丸文,1168.0,77.91666666666667,69
1952,新日本空調,3155.0,78.33333333333333,90
4642,オリジナル設計,2223.0,78.33333333333333,42
3267,フィル・カンパニー,1010.0,78.33333333333333,21
6834,精工技研,8200.0,78.33333333333333,77
5035,ＨＯＵＳＥＩ,502.0,78.33333333333333,7
8920,東祥,703.0,78.33333333333333,55
261A,日水コン,3175.0,78.33333333333333,78
9327,イー・ロジット,361.0,78.33333333333333,2
9024,西武ホールディングス,5323.0,78.33333333333333,76
2296,伊藤ハム米久ホールディングス,5730.0,78.33333333333333,116
8996,ハウスフリーダム,877.0,78.33333333333333,36
4016,ＭＩＴホールディングス,1120.0,78.33333333333333,19
8282,ケーズホールディングス,1529.0,78.33333333333333,69
7912,大日本印刷,2542.0,78.33333333333333,70
167A,リョーサン菱洋ホールディングス,2957.0,78.33333333333333,71
3020,アプライド,4000.0,78.33333333333333,82
2221,岩塚製菓,3070.0,78.33333333333333,16
2874,横浜冷凍,1173.0,78.75,43
8715,アニコム　ホールディングス,920.0,79.58333333333334,88
7239,タチエス,1959.0,79.58333333333334,71
4591,リボミック,114.0,79.58333333333334,24
7871,フクビ化学工業,885.0,79.58333333333334,37
6890,フェローテック,3800.0,79.58333333333334,73
7173,東京きらぼしフィナンシャルグループ,7260.0,79.58333333333334,94
2454,オールアバウト,411.0,79.58333333333334,79
8927,明豊エンタープライズ,559.0,79.58333333333334,99
2894,石井食品,319.0,80.0,46
3179,シュッピン,1245.0,80.0,12
9476,中央経済社ホールディングス,623.0,80.0,93
6988,日東電工,3362.0,80.0,47
4088,エア・ウォーター,2605.5,80.0,90
3392,デリカフーズホールディングス,835.0,80.0,84
5802,住友電気工業,4075.0,80.0,79
7093,アディッシュ,596.0,80.0,7
9259,タカヨシホールディングス,740.0,80.0,92
3131,シンデン・ハイテックス,3170.0,80.0,80
7184,富山第一銀行,1302.0,80.0,38
1972,三晃金属工業,8070.0,80.0,88
3556,リネットジャパングループ,931.0,80.0,97
7110,クラシコム,1820.0,80.0,99
3252,地主,3070.0,80.0,71
6264,マルマエ,1589.0,80.41666666666667,70
9115,明海グループ,724.0,80.41666666666667,24
5352,黒崎播磨,4110.0,80.83333333333333,70
8558,東和銀行,941.0,80.83333333333333,81
3944,古林紙工,2180.0,80.83333333333333,89
5333,日本碍子,2344.0,81.25,46
4625,アトミクス,700.0,81.25,64
6171,土木管理総合試験所,442.0,81.66666666666667,42
8031,三井物産,3491.0,81.66666666666667,83
4013,勤次郎,1234.0,81.66666666666667,172
6963,ローム,2163.0,81.66666666666667,68
3633,ＧＭＯペパボ,1809.0,81.66666666666667,80
5753,日本伸銅,2330.0,81.66666666666667,29
4671,ファルコホールディングス,2535.0,81.66666666666667,36
6492,岡野バルブ製造,8980.0,81.66666666666667,70
8908,毎日コムネット,820.0,81.66666666666667,36
300A,ＭＩＣ,2817.0,81.66666666666667,141
5715,古河機械金属,2794.0,81.66666666666667,45
8001,伊藤忠商事,8477.0,81.66666666666667,91
8237,松屋,1305.0,81.66666666666667,36
1969,高砂熱学工業,8900.0,81.66666666666667,93
2499,日本和装ホールディングス,376.0,82.08333333333333,19
3178,チムニー,1323.0,82.08333333333333,43
5697,サンユウ,588.0,82.08333333333333,51
9854,愛眼,190.0,82.08333333333333,41
3674,オークファン,377.0,82.08333333333333,59
1417,ミライト・ワン,2877.0,82.08333333333333,87
5161,西川ゴム工業,3145.0,82.08333333333333,53
7177,ＧＭＯフィナンシャルホールディングス,984.0,82.08333333333333,94
9160,ノバレーゼ,333.0,82.5,90
9475,昭文社ホールディングス,421.0,82.5,44
7719,東京衡機,275.0,82.91666666666666,30
3861,王子ホールディングス,820.7999877929688,82.91666666666666,93
5199,不二ラテックス,2018.0,82.91666666666666,41
7375,リファインバースグループ,961.0,82.91666666666666,13
3772,ウェルス・マネジメント,1105.0,82.91666666666666,13
6877,ＯＢＡＲＡ　ＧＲＯＵＰ,4275.0,82.91666666666666,80
5186,ニッタ,4120.0,83.33333333333334,91
7317,松屋アールアンドディ,732.0,83.33333333333334,63
7245,大同メタル工業,905.0,83.33333333333334,82
1942,関電工,4073.0,83.33333333333334,101
3371,ソフトクリエイトホールディングス,2383.0,83.33333333333334,69
7229,ユタカ技研,3100.0,83.33333333333334,86
8596,九州リースサービス,1424.0,83.33333333333334,87
5729,日本精鉱,13210.0,83.33333333333334,40
2415,ヒューマンホールディングス,1936.0,83.33333333333334,85
6196,ストライク,4400.0,83.33333333333334,85
9558,ジャパニアス,2288.0,83.33333333333334,30
6493,ＮＩＴＴＡＮ,577.0,83.33333333333334,83
6546,フルテック,1199.0,83.33333333333334,91
2408,ＫＧ情報,649.0,83.75,17
7278,エクセディ,5320.0,84.16666666666667,37
2654,アスモ,407.0,84.16666666666667,74
3912,モバイルファクトリー,1006.0,84.16666666666667,33
9171,栗林商船,1129.0,84.58333333333333,33
3266,ファンドクリエーショングループ,97.0,84.58333333333333,12
3634,ソケッツ,676.0,84.58333333333333,51
6144,西部電機,2123.0,84.58333333333333,38
9074,日本石油輸送,3500.0,84.58333333333333,89
1975,朝日工業社,3145.0,84.58333333333333,87
4361,川口化学工業,1517.0,84.58333333333333,73
3248,アールエイジ,898.0,85.0,98
4447,ピー・ビーシステムズ,634.0,85.0,56
9719,ＳＣＳＫ,4722.0,85.0,99
6770,アルプスアルパイン,1788.5,85.0,48
9336,大栄環境,3450.0,85.0,7
6138,ダイジェット工業,1097.0,85.0,82
6488,ヨシタケ,892.0,85.0,80
212A,フィットイージー,3115.0,85.0,84
2461,ファンコミュニケーションズ,535.0,85.0,93
3443,川田テクノロジーズ,4060.0,85.0,98
8032,日本紙パルプ商事,703.0,85.0,58
6734,ニューテック,1931.0,85.0,42
9830,トラスコ中山,2397.0,85.0,81
6037,楽待,1180.0,85.0,137
5644,メタルアート,3775.0,85.0,70
7643,ダイイチ,1851.0,85.0,88
4075,ブレインズテクノロジー,929.0,85.0,65
9064,ヤマトホールディングス,2528.0,85.0,23
6832,アオイ電子,2220.0,85.0,60
6590,芝浦メカトロニクス,10560.0,85.0,71
5741,ＵＡＣＪ,6250.0,85.0,53
7551,ウェッズ,638.0,85.0,58
7313,テイ・エス　テック,1896.0,85.41666666666666,59
7368,表示灯,1748.0,85.41666666666666,55
3417,大木ヘルスケアホールディングス,1315.0,85.41666666666666,86
2114,フジ日本,1133.0,86.25,99
3422,Ｊ－ＭＡＸ,353.0,86.25,36
6327,北川精機,843.0,86.25,42
3105,日清紡ホールディングス,1161.5,86.25,80
6254,野村マイクロ・サイエンス,3170.0,86.66666666666667,29
7990,グローブライド,2382.0,86.66666666666667,79
2982,ＡＤワークスグループ,440.0,86.66666666666667,99
6627,テラプローブ,4720.0,86.66666666666667,62
1435,ｒｏｂｏｔ　ｈｏｍｅ,184.0,86.66666666666667,29
319A,技術承継機構,5730.0,86.66666666666667,6
5284,ヤマウホールディングス,2481.0,86.66666666666667,82
9761,東海リース,2365.0,86.66666666666667,101
6810,マクセル,2114.0,86.66666666666667,54
7739,キヤノン電子,2703.0,86.66666666666667,81
8742,小林洋行,308.0,86.66666666666667,44
4005,住友化学,456.2000122070313,86.66666666666667,46
9446,サカイホールディングス,573.0,86.66666666666667,53
9872,北恵,948.0,86.66666666666667,99
1605,ＩＮＰＥＸ,2578.0,86.66666666666667,70
7224,新明和工業,1785.0,86.66666666666667,71
6023,ダイハツインフィニアース,3235.0,86.66666666666667,69
7983,ミロク,1212.0,86.66666666666667,63
8076,カノークス,1948.0,86.66666666666667,49
1717,明豊ファシリティワークス,1108.0,87.08333333333333,74
3940,ノムラシステムコーポレーション,147.0,87.08333333333333,77
6803,ティアック,98.0,87.5,78
7544,スリーエフ,529.0,87.5,86
4976,東洋ドライルーブ,4480.0,87.91666666666667,66
5962,浅香工業,1650.0,87.91666666666667,10
3566,ユニフォームネクスト,597.0,87.91666666666667,5
3184,ＩＣＤＡホールディングス,4305.0,87.91666666666667,87
8898,センチュリー２１・ジャパン,1118.0,87.91666666666667,15
6919,ケル,1445.0,88.33333333333333,47
7088,フォーラムエンジニアリング,1355.0,88.33333333333333,84
4346,ＮＥＸＹＺ．Ｇｒｏｕｐ,1145.0,88.33333333333333,94
5703,日本軽金属ホールディングス,2054.0,88.33333333333333,80
7003,三井Ｅ＆Ｓ,4495.0,88.33333333333333,88
4491,コンピューターマネージメント,2993.0,88.33333333333333,97
1976,明星工業,1639.0,88.33333333333333,93
3123,サイボー,600.0,88.33333333333333,68
7246,プレス工業,660.0,88.33333333333333,47
7370,Ｅｎｊｉｎ,837.0,88.33333333333333,57
5727,東邦チタニウム,1767.0,88.33333333333333,74
3359,ｃｏｔｔａ,595.0,88.33333333333333,67
8522,名古屋銀行,10310.0,88.33333333333333,83
4287,ジャストプランニング,486.0,88.33333333333333,93
4221,大倉工業,5040.0,88.33333333333333,207
7044,ピアラ,661.0,88.33333333333333,97
4384,ラクスル,1353.0,88.33333333333333,40
1963,日揮ホールディングス,1423.5,88.33333333333333,70
9823,マミーマート,6940.0,88.33333333333333,18
1905,テノックス,1389.0,88.33333333333333,73
8917,ファースト住建,1152.0,88.75,30
2337,いちご,435.0,89.16666666666666,27
2373,ケア２１,416.0,89.16666666666666,11
6957,芝浦電子,7080.0,89.16666666666666,13
7058,共栄セキュリティーサービス,2920.0,89.16666666666666,35
3205,ダイドーリミテッド,1038.0,89.58333333333334,59
2291,福留ハム,1100.0,89.58333333333334,43
7264,ムロコーポレーション,1318.0,89.58333333333334,42
7420,佐鳥電機,1899.0,89.58333333333334,39
7919,野崎印刷紙業,200.0,89.58333333333334,17
2498,オリエンタルコンサルタンツホールディングス,7060.0,89.58333333333334,59
9245,リベロ,1899.0,89.58333333333334,11
4216,旭有機材,4500.0,89.58333333333334,58
3441,山王,1107.0,89.58333333333334,99
6365,電業社機械製作所,5260.0,89.58333333333334,75
7425,初穂商事,2060.0,89.58333333333334,10
3921,ネオジャパン,2094.0,89.58333333333334,68
6045,レントラックス,1587.0,90.0,46
1429,日本アクア,932.0,90.0,84
4506,住友ファーマ,1645.0,90.0,88
3101,東洋紡,1109.0,90.0,47
5268,旭コンクリート工業,848.0,90.0,42
8772,アサックス,917.0,90.0,42
1515,日鉄鉱業,8520.0,90.0,99
5214,日本電気硝子,4492.0,90.0,60
9306,東陽倉庫,1763.0,90.0,84
7325,アイリックコーポレーション,914.0,90.0,90
8053,住友商事,4209.0,90.41666666666669,90
8919,カチタス,2770.0,90.41666666666669,83
9351,東洋埠頭,1561.0,90.83333333333331,80
8143,ラピーヌ,313.0,91.25,9
4171,グローバルインフォメーション,1417.0,91.25,38
8944,ランドビジネス,214.0,91.25,77
2122,インタースペース,960.0,91.25,10
4023,クレハ,3875.0,91.25,80
6193,バーチャレクス・ホールディングス,1176.0,91.25,14
5388,クニミネ工業,1109.0,91.66666666666666,49
9768,いであ,3280.0,91.66666666666666,53
5195,バンドー化学,2013.0,91.66666666666666,50
9633,東京テアトル,1403.0,91.66666666666666,42
3293,アズマハウス,770.0,91.66666666666666,46
7102,日本車輌製造,2784.0,91.66666666666666,42
5699,イボキン,1386.0,91.66666666666666,3
7980,重松製作所,820.0,91.66666666666666,2
7282,豊田合成,3667.0,91.66666666666666,58
1812,鹿島建設,4457.0,91.66666666666666,99
3512,日本フエルト,582.0,91.66666666666666,38
4046,大阪ソーダ,1915.0,91.66666666666666,67
9955,ヨンキュウ,2552.0,91.66666666666666,71
7087,ウイルテック,1355.0,91.66666666666666,20
3138,富士山マガジンサービス,1003.0,91.66666666666666,78
8377,ほくほくフィナンシャルグループ,3801.0,91.66666666666666,97
2986,ＬＡホールディングス,8440.0,91.66666666666666,17
9640,セゾンテクノロジー,1980.0,91.66666666666666,69
145A,Ｌ　ｉｓ　Ｂ,1496.0,91.66666666666666,76
1758,太洋基礎工業,2240.0,91.66666666666666,71
6224,ＪＲＣ,1698.0,91.66666666666666,78
8058,三菱商事,3421.0,91.66666666666666,90
3445,ＲＳ　Ｔｅｃｈｎｏｌｏｇｉｅｓ,3625.0,92.08333333333334,69
7698,アイスコ,1863.0,92.08333333333334,12
4060,ｒａｋｕｍｏ,1285.0,92.08333333333334,59
3372,関門海,255.0,92.08333333333334,96
7287,日本精機,1757.0,92.08333333333334,81
4617,中国塗料,3505.0,92.5,79
7090,リグア,1097.0,92.5,93
8746,ｕｎｂａｎｋｅｄ,664.0,92.91666666666669,55
6337,テセック,1841.0,92.91666666666669,78
5208,有沢製作所,1617.0,92.91666666666669,69
7037,テノ．ホールディングス,583.0,92.91666666666669,16
5287,イトーヨーギョー,973.0,92.91666666666669,67
3320,クロスプラス,1320.0,92.91666666666669,94
3375,ＺＯＡ,1697.0,92.91666666666669,87
8050,セイコーグループ,6620.0,93.33333333333331,58
6489,前澤工業,2039.0,93.33333333333331,99
9246,プロジェクトホールディングス,1319.0,93.33333333333331,7
4421,ディ・アイ・システム,1035.0,93.33333333333331,60
5258,トランザクション・メディア・ネットワークス,428.0,93.33333333333331,0
5706,三井金属鉱業,10790.0,93.33333333333331,78
7072,インティメート・マージャー,1489.0,93.33333333333331,34
5713,住友金属鉱山,4143.0,93.33333333333331,71
2418,ツカダ・グローバルホールディング,742.0,93.33333333333331,36
3673,ブロードリーフ,753.0,93.33333333333331,8
3321,ミタチ産業,1373.0,93.33333333333331,88
6471,日本精工,781.4000244140625,93.33333333333331,79
3612,ワールド,3070.0,93.33333333333331,38
6841,横河電機,4371.0,93.33333333333331,86
175A,Ｗｉｌｌ　Ｓｍａｒｔ,1259.0,93.33333333333331,54
7279,ハイレックスコーポレーション,2844.0,93.33333333333331,78
3186,ネクステージ,2207.0,93.33333333333331,80
4673,川崎地質,4820.0,93.33333333333331,83
7963,興研,1808.0,93.33333333333331,17
3965,キャピタル・アセット・プランニング,885.0,93.33333333333331,60
9067,丸運,590.0,93.33333333333331,42
3922,ＰＲ　ＴＩＭＥＳ,2990.0,93.33333333333331,41
3954,昭和パックス,3030.0,93.33333333333331,74
5970,ジーテクト,1973.0,93.33333333333331,75
4247,ポバール興業,1259.0,93.33333333333331,41
1961,三機工業,5120.0,93.33333333333331,99
9890,マキヤ,1282.0,93.75,46
1909,日本ドライケミカル,6460.0,93.75,75
6901,澤藤電機,974.0,94.16666666666669,80
7897,ホクシン,137.0,94.16666666666669,12
3166,ＯＣＨＩホールディングス,1418.0,94.58333333333331,65
6306,日工,810.0,94.58333333333331,63
7084,Ｓｍｉｌｅ　Ｈｏｌｄｉｎｇｓ,2349.0,94.58333333333331,165
3918,ＰＣＩホールディングス,1212.0,94.58333333333331,80
9173,東海汽船,3095.0,94.58333333333331,20
9765,オオバ,1085.0,94.58333333333331,24
2907,あじかん,1271.0,94.58333333333331,20
7085,カーブスホールディングス,822.0,94.58333333333331,33
5951,ダイニチ工業,828.0,94.58333333333331,46
5444,大和工業,9803.0,95.0,20
3547,串カツ田中ホールディングス,2707.0,95.0,97
6376,日機装,1507.0,95.0,50
7050,フロンティアインターナショナル,2445.0,95.0,69
5803,フジクラ,12540.0,95.0,76
2393,日本ケアサプライ,2244.0,95.0,43
6310,井関農機,2210.0,95.0,75
228A,オプロ,1942.0,95.0,87
7259,アイシン,2486.0,95.0,61
4317,レイ,609.0,95.0,94
8002,丸紅,3429.0,95.0,91
218A,Ｌｉｂｅｒａｗａｒｅ,2250.0,95.0,146
3974,ＳＣＡＴ,574.0,95.0,71
7131,のむら産業,2639.0,95.41666666666669,22
3143,オーウイル,2270.0,95.41666666666669,42
8137,サンワテクノス,2613.0,95.41666666666669,81
3708,特種東海製紙,4255.0,96.25,65
5612,日本鋳鉄管,1990.0,96.25,45
3679,じげん,534.0,96.25,71
3672,オルトプラス,104.0,96.66666666666669,77
2009,鳥越製粉,1009.0,96.66666666666669,35
5922,那須電機鉄工,14600.0,96.66666666666669,43
5851,リョービ,2673.0,96.66666666666669,45
4380,Ｍマート,1325.0,96.66666666666669,32
8012,長瀬産業,3232.0,96.66666666666669,75
2389,デジタルホールディングス,1884.0,96.66666666666669,19
3134,Ｈａｍｅｅ,1400.0,96.66666666666669,24
4563,アンジェス,109.0,96.66666666666669,28
7265,エイケン工業,3985.0,96.66666666666669,89
5393,ニチアス,5843.0,96.66666666666669,87
5602,栗本鐵工所,8250.0,96.66666666666669,86
4833,Ｄｅｆ　ｃｏｎｓｕｌｔｉｎｇ,386.0,96.66666666666669,7
6199,セラク,1654.0,96.66666666666669,6
8006,ユアサ・フナショク,5600.0,96.66666666666669,92
285A,キオクシアホールディングス,2696.0,96.66666666666669,8
4626,太陽ホールディングス,7920.0,96.66666666666669,113
5016,ＪＸ金属,1399.0,96.66666666666669,39
9248,人・夢・技術グループ,1829.0,97.08333333333331,33
6366,千代田化工建設,422.0,97.08333333333331,29
3733,ソフトウェア・サービス,14860.0,97.08333333333331,93
2705,大戸屋ホールディングス,5480.0,97.5,98
6335,東京機械製作所,413.0,97.5,14
6392,ヤマダコーポレーション,5260.0,97.91666666666666,34
8207,テンアライド,293.0,97.91666666666666,49
7827,オービス,1565.0,97.91666666666666,59
8052,椿本興業,3025.0,98.33333333333331,93
7030,スプリックス,1406.0,98.33333333333331,81
6674,ジーエス・ユアサ　コーポレーション,3377.0,98.33333333333331,90
1848,富士ピー・エス,557.0,98.33333333333331,101
7228,デイトナ,3990.0,98.33333333333331,28
7523,アールビバン,1697.0,98.33333333333331,22
3201,日本毛織,1634.0,98.33333333333331,18
6039,日本動物高度医療センター,4395.0,98.33333333333331,47
3288,オープンハウスグループ,7706.0,98.33333333333331,129
9253,スローガン,898.0,98.33333333333331,85
8154,加賀電子,3480.0,98.33333333333331,48
3712,情報企画,5920.0,98.33333333333331,54
5262,日本ヒューム,3600.0,98.33333333333331,67
4616,川上塗料,2175.0,98.33333333333331,35
9275,ナルミヤ・インターナショナル,1767.0,98.33333333333331,71
7819,粧美堂,979.0,98.33333333333331,98
8065,佐藤商事,1759.0,98.33333333333331,69
4263,サスメド,971.0,98.33333333333331,60
4412,サイエンスアーツ,1525.0,98.33333333333331,144
8101,ＧＳＩクレオス,2386.0,98.75,72
6616,トレックス・セミコンダクター,1753.0,99.16666666666669,59
7885,タカノ,800.0,99.58333333333331,53
2311,エプコ,880.0,99.58333333333331,70
7800,アミファ,670.0,100.0,101
6332,月島ホールディングス,3170.0,100.0,173
7509,アイエーグループ,3970.0,100.0,79
3004,神栄,2229.0,100.0,78
5189,櫻護謨,2435.0,100.0,46
4463,日華化学,1379.0,100.0,22
8940,インテリックス,1025.0,100.0,12
2480,システム・ロケーション,1705.0,100.0,43
9251,ＡＢ＆Ｃｏｍｐａｎｙ,992.0,100.0,101
7723,愛知時計電機,2775.0,100.0,93
3096,オーシャンシステム,1565.0,100.0,96
4196,ネオマーケティング,1515.0,100.0,73
6942,ソフィアホールディングス,1247.0,100.0,55
