,銘柄名,陽線陰線,出来高,出来高前日差,出来高発行株式割合,出来高前日比,三平,空,25SMA越,75SMA越,足1,足2,直近高値越,75SMAと直近高値越,直近高値,75反発
6696,トラース・オン・プロダクト,↓,309200,-857000.0,7.1,0.3,-2,-2,0,0,陰の寄付坊主,なし,False,False,605.0,False
7815,東京ボード工業,↓,3000,2800.0,0.1,15.0,0,-2,0,0,陰の丸坊主,なし,False,False,735.0,False
5271,トーヨーアサノ,→,1700,600.0,0.1,1.5,0,-2,0,0,なし,なし,False,False,1592.0,False
3802,エコミック,→,1000,0.0,0.0,1.0,0,-1,0,0,なし,なし,False,False,519.0,False
2876,デルソーレ,→,300,-100.0,0.0,0.8,0,-1,0,5,なし,なし,False,False,421.0,False
4673,川崎地質,↓,900,-500.0,0.1,0.6,-2,-1,0,0,陰の寄付坊主,なし,False,False,2456.0,False
6803,ティアック,→,272800,80200.0,0.9,1.4,0,-1,5,7,なし,なし,True,False,120.0,False
6408,小倉クラッチ,↓,600,400.0,0.0,3.0,0,-1,0,0,陰の丸坊主,なし,False,False,3390.0,False
3662,エイチーム,↓,265600,131600.0,1.3,2.0,-3,-1,0,0,コマ・陰の極線,なし,False,False,739.0,False
9768,いであ,↑,4400,-13000.0,0.1,0.3,0,-1,17,39,陽の寄付坊主,なし,True,False,1660.0,False
7554,幸楽苑ホールディングス,↓,94600,36800.0,0.6,1.6,-4,-1,0,0,コマ・陰の極線,なし,False,False,1110.0,False
4374,ＲＯＢＯＴ　ＰＡＹＭＥＮＴ,→,17600,-6900.0,0.5,0.7,0,-1,0,0,なし,なし,False,False,2089.0,False
7131,のむら産業,↑,20600,2900.0,1.5,1.2,0,-1,17,29,コマ・陽の極線,なし,False,False,1398.0,False
5941,中西製作所,→,600,200.0,0.0,1.5,0,-1,0,0,なし,なし,False,False,1735.0,False
2991,ランドネット,↓,66800,13000.0,1.1,1.2,0,-1,0,72,コマ・陰の極線,陰たすき,False,False,1283.0,False
2375,ギグワークス,↑,187500,67400.0,0.9,1.6,0,-1,0,0,コマ・陽の極線,なし,False,False,278.0,False
6040,日本スキー場開発,↓,182600,95200.0,1.1,2.1,0,-1,0,26,コマ・陰の極線,陰たすき,False,False,1063.0,False
7887,南海プライウッド,↓,200,0.0,0.0,1.0,0,-1,0,0,陰の丸坊主,なし,False,False,5310.0,False
1793,大本組,↑,400,-1300.0,0.0,0.2,0,-1,17,13,陽の丸坊主,なし,True,False,6680.0,False
2391,プラネット,→,1200,500.0,0.0,1.7,0,-1,0,50,トンボ,なし,False,False,1272.0,False
6276,シリウスビジョン,→,500,-400.0,0.0,0.6,0,-1,12,12,なし,なし,False,False,388.0,False
7878,光・彩,↓,13800,-100.0,3.5,1.0,0,-1,4,0,コマ・陰の極線,陰たすき,False,False,6130.0,False
9101,日本郵船,↓,5807600,-734400.0,1.1,0.9,-2,-1,0,0,コマ・陰の極線,なし,False,False,3268.0,False
6402,兼松エンジニアリング,→,200,-1000.0,0.0,0.2,0,-1,0,0,なし,なし,False,False,1210.0,False
9083,神姫バス,→,100,100.0,0.0,0.0,0,-1,0,0,なし,なし,False,False,3405.0,False
6977,日本抵抗器製作所,↓,1500,800.0,0.1,2.1,0,-1,12,12,陰の丸坊主,なし,False,False,1117.0,False
4761,さくらケーシーエス,→,100,100.0,0.0,0.0,0,-1,0,0,なし,なし,False,False,825.0,False
6018,阪神内燃機工業,↓,800,400.0,0.0,2.0,0,-1,0,6,陰の寄付坊主,陰たすき,False,False,1750.0,False
6656,インスペック,↑,182700,109100.0,4.6,2.5,0,-1,0,56,コマ・陽の極線,なし,False,False,2280.0,True
6085,アーキテクツ・スタジオ・ジャパン,→,100,100.0,0.0,0.0,0,-1,0,0,なし,なし,False,False,495.0,False
3986,ビーブレイクシステムズ,↑,2500,2500.0,0.2,0.0,0,-1,0,0,陽の大引坊主,なし,False,False,1631.0,False
9778,昴,→,200,0.0,0.0,1.0,0,-1,0,51,なし,なし,False,False,5600.0,False
9895,コンセック,↑,1000,100.0,0.1,1.1,0,-1,4,0,陽の丸坊主,なし,False,False,1102.0,False
9104,商船三井,↓,4804300,-223200.0,1.3,1.0,-2,-1,6,0,コマ・陰の極線,なし,False,False,3250.0,False
6419,マースグループホールディングス,↓,904400,825800.0,4.0,11.5,0,-1,0,0,コマ・陰の極線,なし,False,False,3320.0,False
6086,シンメンテホールディングス,↓,1600,-17900.0,0.0,0.1,-2,-1,12,0,陰の寄付坊主,なし,True,False,1349.0,False
7297,カーメイト,↑,500,-100.0,0.0,0.8,0,-1,0,0,なし,なし,False,False,892.0,False
7255,桜井製作所,↑,1400,1100.0,0.0,4.7,0,-1,24,25,陽の丸坊主,なし,False,False,508.0,False
3437,特殊電極,→,400,400.0,0.0,0.0,0,-1,0,0,なし,なし,False,False,2456.0,False
8138,三京化成,→,200,200.0,0.0,0.0,0,-1,0,0,なし,なし,False,False,3200.0,False
3911,Ａｉｍｉｎｇ,→,797200,-600700.0,2.0,0.6,0,-1,0,0,なし,なし,False,False,600.0,False
7902,ソノコム,↓,1300,1100.0,0.0,6.5,-2,-1,0,0,陰の寄付坊主,なし,False,False,854.0,False
6942,ソフィアホールディングス,→,200,100.0,0.0,2.0,0,-1,0,0,なし,なし,False,False,850.0,False
9636,きんえい,→,300,-200.0,0.0,0.6,0,-1,47,47,なし,なし,True,False,3330.0,False
2438,アスカネット,↓,386400,238800.0,2.2,2.6,-2,-1,0,0,コマ・陰の極線,なし,False,False,948.0,False
9720,ホテル、ニューグランド,→,100,-100.0,0.0,0.5,0,-1,0,0,なし,なし,False,False,3930.0,False
6249,ゲームカード・ジョイコホールディングス,↓,151200,66400.0,1.1,1.8,-3,-1,0,0,陰の寄付坊主,なし,False,False,4000.0,False
3657,ポールトゥウィンホールディングス,↓,162200,49100.0,0.4,1.4,-2,-1,0,0,コマ・陰の極線,なし,False,False,993.0,False
3653,モルフォ,↓,34600,5300.0,0.6,1.2,-2,-1,26,43,陰の寄付坊主,なし,False,False,1259.0,False
