Datetime,Adj Close,Close,High,Low,Open,Volume
2024-11-18 00:00:00+00:00,510.0,510.0,511.0,508.0,509.0,0
2024-11-18 00:05:00+00:00,510.0,510.0,510.0,509.0,509.0,0
2024-11-18 00:10:00+00:00,511.0,511.0,511.0,511.0,511.0,500
2024-11-18 00:15:00+00:00,511.0,511.0,511.0,511.0,511.0,400
2024-11-18 00:20:00+00:00,511.0,511.0,511.0,511.0,511.0,1900
2024-11-18 00:25:00+00:00,511.0,511.0,511.0,511.0,511.0,400
2024-11-18 00:30:00+00:00,511.0,511.0,512.0,511.0,511.0,1100
2024-11-18 00:35:00+00:00,511.0,511.0,512.0,511.0,511.0,500
2024-11-18 00:40:00+00:00,511.0,511.0,511.0,510.0,511.0,5200
2024-11-18 00:45:00+00:00,511.0,511.0,512.0,511.0,512.0,2000
2024-11-18 00:50:00+00:00,511.0,511.0,512.0,511.0,511.0,600
2024-11-18 00:55:00+00:00,512.0,512.0,512.0,512.0,512.0,1100
2024-11-18 01:00:00+00:00,511.0,511.0,511.0,511.0,511.0,100
2024-11-18 01:10:00+00:00,511.0,511.0,511.0,511.0,511.0,100
2024-11-18 01:15:00+00:00,511.0,511.0,511.0,511.0,511.0,1100
2024-11-18 01:20:00+00:00,511.0,511.0,511.0,511.0,511.0,1900
2024-11-18 01:25:00+00:00,511.0,511.0,512.0,511.0,511.0,1300
2024-11-18 01:35:00+00:00,511.0,511.0,511.0,511.0,511.0,100
2024-11-18 01:40:00+00:00,513.0,513.0,513.0,512.0,512.0,11300
2024-11-18 01:45:00+00:00,512.0,512.0,512.0,512.0,512.0,2000
2024-11-18 01:50:00+00:00,513.0,513.0,513.0,513.0,513.0,100
2024-11-18 01:55:00+00:00,512.0,512.0,512.0,512.0,512.0,100
2024-11-18 02:05:00+00:00,514.0,514.0,514.0,513.0,513.0,3700
2024-11-18 02:10:00+00:00,514.0,514.0,514.0,514.0,514.0,400
2024-11-18 02:15:00+00:00,514.0,514.0,514.0,513.0,513.0,200
2024-11-18 02:20:00+00:00,512.0,512.0,513.0,512.0,513.0,600
2024-11-18 02:25:00+00:00,513.0,513.0,513.0,513.0,513.0,200
2024-11-18 02:30:00+00:00,513.0,513.0,513.0,513.0,513.0,1500
2024-11-18 02:35:00+00:00,513.0,513.0,513.0,513.0,513.0,0
2024-11-18 03:30:00+00:00,512.0,512.0,513.0,512.0,513.0,88200
2024-11-18 03:35:00+00:00,511.0,511.0,511.0,511.0,511.0,100
2024-11-18 03:40:00+00:00,512.0,512.0,512.0,512.0,512.0,2000
2024-11-18 03:45:00+00:00,512.0,512.0,512.0,512.0,512.0,1000
2024-11-18 03:50:00+00:00,512.0,512.0,513.0,512.0,512.0,1000
2024-11-18 03:55:00+00:00,512.0,512.0,512.0,511.0,512.0,2800
2024-11-18 04:00:00+00:00,511.0,511.0,511.0,511.0,511.0,4800
2024-11-18 04:10:00+00:00,512.0,512.0,512.0,511.0,511.0,1100
2024-11-18 04:15:00+00:00,511.0,511.0,511.0,511.0,511.0,100
2024-11-18 04:20:00+00:00,512.0,512.0,512.0,511.0,511.0,1100
2024-11-18 04:35:00+00:00,511.0,511.0,511.0,511.0,511.0,100
2024-11-18 04:45:00+00:00,512.0,512.0,512.0,511.0,511.0,200
2024-11-18 04:50:00+00:00,512.0,512.0,512.0,511.0,511.0,9800
2024-11-18 04:55:00+00:00,512.0,512.0,512.0,512.0,512.0,800
2024-11-18 05:00:00+00:00,512.0,512.0,512.0,512.0,512.0,300
2024-11-18 05:05:00+00:00,512.0,512.0,513.0,512.0,512.0,5100
2024-11-18 05:10:00+00:00,512.0,512.0,512.0,512.0,512.0,300
2024-11-18 05:15:00+00:00,512.0,512.0,512.0,512.0,512.0,400
2024-11-18 05:25:00+00:00,511.0,511.0,511.0,511.0,511.0,100
2024-11-18 05:30:00+00:00,512.0,512.0,512.0,512.0,512.0,700
2024-11-18 05:40:00+00:00,511.0,511.0,512.0,511.0,512.0,200
2024-11-18 05:45:00+00:00,512.0,512.0,512.0,511.0,511.0,7800
2024-11-18 05:50:00+00:00,511.0,511.0,511.0,511.0,511.0,1200
2024-11-18 05:55:00+00:00,511.0,511.0,511.0,510.0,510.0,3800
2024-11-18 06:00:00+00:00,512.0,512.0,512.0,512.0,512.0,100
2024-11-18 06:05:00+00:00,513.0,513.0,513.0,511.0,511.0,100
2024-11-18 06:20:00+00:00,513.0,513.0,513.0,513.0,513.0,0
2024-11-19 00:00:00+00:00,514.0,514.0,514.0,514.0,514.0,0
2024-11-19 00:05:00+00:00,514.0,514.0,514.0,514.0,514.0,13900
2024-11-19 00:10:00+00:00,515.0,515.0,515.0,513.0,514.0,4400
2024-11-19 00:15:00+00:00,514.0,514.0,514.0,514.0,514.0,300
2024-11-19 00:20:00+00:00,515.0,515.0,516.0,514.0,515.0,13300
2024-11-19 00:25:00+00:00,515.0,515.0,515.0,515.0,515.0,1900
2024-11-19 00:30:00+00:00,514.0,514.0,515.0,514.0,514.0,1400
2024-11-19 00:35:00+00:00,514.0,514.0,514.0,514.0,514.0,2400
2024-11-19 00:45:00+00:00,513.0,513.0,513.0,513.0,513.0,300
2024-11-19 00:50:00+00:00,513.0,513.0,513.0,513.0,513.0,500
2024-11-19 00:55:00+00:00,514.0,514.0,514.0,513.0,513.0,400
2024-11-19 01:00:00+00:00,514.0,514.0,514.0,514.0,514.0,100
2024-11-19 01:05:00+00:00,514.0,514.0,514.0,514.0,514.0,2300
2024-11-19 01:10:00+00:00,513.0,513.0,513.0,513.0,513.0,3300
2024-11-19 01:15:00+00:00,513.0,513.0,513.0,513.0,513.0,1100
2024-11-19 01:20:00+00:00,513.0,513.0,513.0,513.0,513.0,600
2024-11-19 01:25:00+00:00,513.0,513.0,513.0,513.0,513.0,500
2024-11-19 01:30:00+00:00,513.0,513.0,513.0,513.0,513.0,100
2024-11-19 01:35:00+00:00,513.0,513.0,513.0,513.0,513.0,100
2024-11-19 01:40:00+00:00,514.0,514.0,514.0,514.0,514.0,1500
2024-11-19 01:55:00+00:00,516.0,516.0,516.0,515.0,515.0,3800
2024-11-19 02:05:00+00:00,515.0,515.0,515.0,515.0,515.0,100
2024-11-19 02:15:00+00:00,515.0,515.0,516.0,515.0,516.0,200
2024-11-19 02:20:00+00:00,516.0,516.0,516.0,516.0,516.0,4800
2024-11-19 02:25:00+00:00,516.0,516.0,516.0,516.0,516.0,4000
2024-11-19 02:30:00+00:00,516.0,516.0,516.0,516.0,516.0,1400
2024-11-19 02:35:00+00:00,516.0,516.0,516.0,516.0,516.0,0
2024-11-19 03:30:00+00:00,516.0,516.0,517.0,516.0,516.0,65000
2024-11-19 03:35:00+00:00,515.0,515.0,516.0,515.0,516.0,6600
2024-11-19 03:45:00+00:00,515.0,515.0,515.0,515.0,515.0,300
2024-11-19 03:55:00+00:00,515.0,515.0,515.0,515.0,515.0,100
2024-11-19 04:05:00+00:00,515.0,515.0,515.0,515.0,515.0,100
2024-11-19 04:10:00+00:00,515.0,515.0,515.0,515.0,515.0,100
2024-11-19 04:15:00+00:00,515.0,515.0,515.0,515.0,515.0,100
2024-11-19 04:20:00+00:00,516.0,516.0,516.0,515.0,515.0,2200
2024-11-19 04:25:00+00:00,516.0,516.0,517.0,516.0,517.0,300
2024-11-19 04:30:00+00:00,516.0,516.0,516.0,516.0,516.0,3800
2024-11-19 04:35:00+00:00,516.0,516.0,516.0,516.0,516.0,600
2024-11-19 04:40:00+00:00,516.0,516.0,517.0,515.0,516.0,1700
2024-11-19 04:45:00+00:00,516.0,516.0,516.0,516.0,516.0,1000
2024-11-19 04:50:00+00:00,516.0,516.0,516.0,516.0,516.0,400
2024-11-19 04:55:00+00:00,516.0,516.0,516.0,516.0,516.0,100
2024-11-19 05:00:00+00:00,516.0,516.0,516.0,516.0,516.0,1400
2024-11-19 05:10:00+00:00,516.0,516.0,516.0,516.0,516.0,1400
2024-11-19 05:15:00+00:00,516.0,516.0,516.0,516.0,516.0,500
2024-11-19 05:20:00+00:00,515.0,515.0,516.0,515.0,516.0,500
2024-11-19 05:35:00+00:00,515.0,515.0,515.0,515.0,515.0,100
2024-11-19 05:45:00+00:00,516.0,516.0,516.0,515.0,515.0,500
2024-11-19 05:50:00+00:00,515.0,515.0,515.0,515.0,515.0,100
2024-11-19 05:55:00+00:00,515.0,515.0,515.0,515.0,515.0,8400
2024-11-19 06:10:00+00:00,516.0,516.0,516.0,514.0,514.0,300
2024-11-19 06:15:00+00:00,516.0,516.0,516.0,516.0,516.0,0
2024-11-20 00:00:00+00:00,513.0,513.0,513.0,513.0,513.0,21700
2024-11-20 00:05:00+00:00,514.0,514.0,515.0,513.0,513.0,3400
2024-11-20 00:10:00+00:00,514.0,514.0,514.0,514.0,514.0,800
2024-11-20 00:15:00+00:00,515.0,515.0,515.0,514.0,514.0,800
2024-11-20 00:20:00+00:00,514.0,514.0,515.0,514.0,514.0,2600
2024-11-20 00:25:00+00:00,514.0,514.0,514.0,514.0,514.0,100
2024-11-20 00:30:00+00:00,514.0,514.0,514.0,514.0,514.0,3400
2024-11-20 00:35:00+00:00,513.0,513.0,513.0,513.0,513.0,100
2024-11-20 00:40:00+00:00,513.0,513.0,513.0,513.0,513.0,100
2024-11-20 00:45:00+00:00,514.0,514.0,514.0,514.0,514.0,100
2024-11-20 00:50:00+00:00,513.0,513.0,514.0,513.0,514.0,200
2024-11-20 00:55:00+00:00,514.0,514.0,514.0,513.0,513.0,300
2024-11-20 01:00:00+00:00,514.0,514.0,514.0,513.0,514.0,5700
2024-11-20 01:10:00+00:00,512.0,512.0,514.0,512.0,514.0,1200
2024-11-20 01:15:00+00:00,513.0,513.0,513.0,513.0,513.0,3200
2024-11-20 01:20:00+00:00,514.0,514.0,514.0,513.0,514.0,1700
2024-11-20 01:30:00+00:00,514.0,514.0,514.0,514.0,514.0,200
2024-11-20 01:35:00+00:00,514.0,514.0,514.0,514.0,514.0,600
2024-11-20 01:40:00+00:00,513.0,513.0,514.0,513.0,514.0,2100
2024-11-20 01:45:00+00:00,513.0,513.0,513.0,513.0,513.0,900
2024-11-20 01:50:00+00:00,514.0,514.0,514.0,513.0,513.0,200
2024-11-20 01:55:00+00:00,514.0,514.0,514.0,514.0,514.0,400
2024-11-20 02:00:00+00:00,513.0,513.0,513.0,513.0,513.0,600
2024-11-20 02:05:00+00:00,513.0,513.0,513.0,513.0,513.0,100
2024-11-20 02:15:00+00:00,513.0,513.0,513.0,513.0,513.0,100
2024-11-20 02:20:00+00:00,513.0,513.0,513.0,513.0,513.0,100
2024-11-20 02:30:00+00:00,513.0,513.0,513.0,513.0,513.0,3000
2024-11-20 02:35:00+00:00,513.0,513.0,513.0,513.0,513.0,0
2024-11-20 03:30:00+00:00,513.0,513.0,515.0,513.0,515.0,59000
2024-11-20 03:35:00+00:00,513.0,513.0,513.0,512.0,513.0,2100
2024-11-20 03:40:00+00:00,512.0,512.0,512.0,512.0,512.0,100
2024-11-20 03:45:00+00:00,512.0,512.0,512.0,512.0,512.0,200
2024-11-20 03:50:00+00:00,512.0,512.0,512.0,512.0,512.0,100
2024-11-20 03:55:00+00:00,512.0,512.0,512.0,511.0,512.0,11300
2024-11-20 04:05:00+00:00,512.0,512.0,512.0,512.0,512.0,3000
2024-11-20 04:10:00+00:00,512.0,512.0,512.0,512.0,512.0,200
2024-11-20 04:20:00+00:00,512.0,512.0,512.0,512.0,512.0,100
2024-11-20 04:25:00+00:00,513.0,513.0,513.0,513.0,513.0,200
2024-11-20 04:30:00+00:00,513.0,513.0,513.0,512.0,512.0,200
2024-11-20 04:35:00+00:00,512.0,512.0,512.0,512.0,512.0,3100
2024-11-20 04:40:00+00:00,512.0,512.0,512.0,512.0,512.0,200
2024-11-20 04:45:00+00:00,513.0,513.0,513.0,513.0,513.0,7800
2024-11-20 04:50:00+00:00,513.0,513.0,513.0,513.0,513.0,500
2024-11-20 05:00:00+00:00,513.0,513.0,513.0,513.0,513.0,100
2024-11-20 05:10:00+00:00,513.0,513.0,513.0,513.0,513.0,100
2024-11-20 05:20:00+00:00,513.0,513.0,513.0,513.0,513.0,100
2024-11-20 05:25:00+00:00,513.0,513.0,513.0,513.0,513.0,100
2024-11-20 05:35:00+00:00,513.0,513.0,513.0,513.0,513.0,100
2024-11-20 05:40:00+00:00,513.0,513.0,513.0,513.0,513.0,200
2024-11-20 05:45:00+00:00,513.0,513.0,513.0,513.0,513.0,4100
2024-11-20 05:50:00+00:00,512.0,512.0,512.0,512.0,512.0,100
2024-11-20 05:55:00+00:00,512.0,512.0,512.0,512.0,512.0,4400
2024-11-20 06:00:00+00:00,513.0,513.0,513.0,512.0,512.0,200
2024-11-20 06:05:00+00:00,513.0,513.0,513.0,513.0,513.0,0
2024-11-21 00:00:00+00:00,513.0,513.0,513.0,513.0,513.0,11900
2024-11-21 00:05:00+00:00,514.0,514.0,514.0,513.0,513.0,300
2024-11-21 00:10:00+00:00,514.0,514.0,515.0,514.0,514.0,4000
2024-11-21 00:15:00+00:00,514.0,514.0,514.0,514.0,514.0,1900
2024-11-21 00:20:00+00:00,513.0,513.0,514.0,513.0,514.0,500
2024-11-21 00:25:00+00:00,514.0,514.0,514.0,514.0,514.0,1000
2024-11-21 00:30:00+00:00,514.0,514.0,514.0,514.0,514.0,600
2024-11-21 00:35:00+00:00,514.0,514.0,514.0,514.0,514.0,1000
2024-11-21 00:45:00+00:00,514.0,514.0,514.0,514.0,514.0,2900
2024-11-21 00:50:00+00:00,515.0,515.0,515.0,514.0,514.0,2800
2024-11-21 00:55:00+00:00,515.0,515.0,515.0,515.0,515.0,500
2024-11-21 01:00:00+00:00,515.0,515.0,515.0,515.0,515.0,600
2024-11-21 01:05:00+00:00,515.0,515.0,515.0,515.0,515.0,100
2024-11-21 01:10:00+00:00,515.0,515.0,515.0,515.0,515.0,1500
2024-11-21 01:15:00+00:00,515.0,515.0,515.0,515.0,515.0,1200
2024-11-21 01:20:00+00:00,514.0,514.0,514.0,514.0,514.0,1400
2024-11-21 01:25:00+00:00,514.0,514.0,514.0,514.0,514.0,300
2024-11-21 01:35:00+00:00,514.0,514.0,514.0,514.0,514.0,100
2024-11-21 01:40:00+00:00,514.0,514.0,514.0,514.0,514.0,100
2024-11-21 01:45:00+00:00,514.0,514.0,514.0,514.0,514.0,200
2024-11-21 01:50:00+00:00,514.0,514.0,514.0,514.0,514.0,100
2024-11-21 02:00:00+00:00,514.0,514.0,514.0,514.0,514.0,100
2024-11-21 02:05:00+00:00,514.0,514.0,514.0,514.0,514.0,100
2024-11-21 02:15:00+00:00,514.0,514.0,514.0,514.0,514.0,300
2024-11-21 02:35:00+00:00,514.0,514.0,514.0,514.0,514.0,0
2024-11-21 03:30:00+00:00,514.0,514.0,514.0,514.0,514.0,36900
2024-11-21 03:35:00+00:00,514.0,514.0,514.0,514.0,514.0,200
2024-11-21 03:40:00+00:00,513.0,513.0,513.0,513.0,513.0,3500
2024-11-21 03:45:00+00:00,513.0,513.0,513.0,512.0,512.0,300
2024-11-21 03:50:00+00:00,512.0,512.0,512.0,512.0,512.0,100
2024-11-21 03:55:00+00:00,512.0,512.0,512.0,512.0,512.0,100
2024-11-21 04:00:00+00:00,512.0,512.0,512.0,512.0,512.0,200
2024-11-21 04:05:00+00:00,512.0,512.0,512.0,512.0,512.0,100
2024-11-21 04:10:00+00:00,512.0,512.0,512.0,512.0,512.0,100
2024-11-21 04:15:00+00:00,512.0,512.0,512.0,512.0,512.0,400
2024-11-21 04:20:00+00:00,514.0,514.0,514.0,513.0,513.0,2900
2024-11-21 04:25:00+00:00,513.0,513.0,513.0,513.0,513.0,100
2024-11-21 04:35:00+00:00,514.0,514.0,514.0,513.0,513.0,500
2024-11-21 04:45:00+00:00,514.0,514.0,514.0,513.0,514.0,1600
2024-11-21 04:50:00+00:00,514.0,514.0,514.0,514.0,514.0,2900
2024-11-21 05:00:00+00:00,513.0,513.0,513.0,513.0,513.0,1400
2024-11-21 05:10:00+00:00,513.0,513.0,513.0,513.0,513.0,800
2024-11-21 05:15:00+00:00,514.0,514.0,514.0,513.0,513.0,500
2024-11-21 05:25:00+00:00,513.0,513.0,513.0,513.0,513.0,300
2024-11-21 05:35:00+00:00,513.0,513.0,513.0,513.0,513.0,100
2024-11-21 05:45:00+00:00,512.0,512.0,513.0,512.0,513.0,10400
2024-11-21 05:50:00+00:00,513.0,513.0,513.0,513.0,513.0,700
2024-11-21 05:55:00+00:00,512.0,512.0,512.0,512.0,512.0,100
2024-11-21 06:00:00+00:00,514.0,514.0,514.0,512.0,512.0,100
2024-11-21 06:10:00+00:00,514.0,514.0,514.0,514.0,514.0,0
2024-11-21 06:15:00+00:00,514.0,514.0,514.0,514.0,514.0,0
2024-11-22 00:00:00+00:00,514.0,514.0,514.0,514.0,514.0,70500
2024-11-22 00:05:00+00:00,513.0,513.0,515.0,513.0,515.0,1600
2024-11-22 00:10:00+00:00,512.0,512.0,512.0,512.0,512.0,1300
2024-11-22 00:15:00+00:00,513.0,513.0,515.0,512.0,513.0,13600
2024-11-22 00:20:00+00:00,511.0,511.0,512.0,511.0,512.0,9200
2024-11-22 00:25:00+00:00,510.0,510.0,511.0,510.0,511.0,9900
2024-11-22 00:30:00+00:00,511.0,511.0,511.0,511.0,511.0,200
2024-11-22 00:35:00+00:00,511.0,511.0,511.0,511.0,511.0,200
2024-11-22 00:40:00+00:00,511.0,511.0,512.0,510.0,510.0,2700
2024-11-22 00:45:00+00:00,511.0,511.0,511.0,511.0,511.0,1900
2024-11-22 00:50:00+00:00,512.0,512.0,512.0,512.0,512.0,1000
2024-11-22 01:00:00+00:00,512.0,512.0,513.0,512.0,512.0,400
2024-11-22 01:05:00+00:00,513.0,513.0,513.0,513.0,513.0,900
2024-11-22 01:10:00+00:00,513.0,513.0,513.0,512.0,513.0,400
2024-11-22 01:15:00+00:00,513.0,513.0,513.0,512.0,513.0,300
2024-11-22 01:20:00+00:00,513.0,513.0,513.0,513.0,513.0,5000
2024-11-22 01:25:00+00:00,512.0,512.0,513.0,512.0,513.0,200
2024-11-22 01:30:00+00:00,513.0,513.0,513.0,513.0,513.0,1000
2024-11-22 01:35:00+00:00,513.0,513.0,513.0,512.0,512.0,6600
2024-11-22 01:40:00+00:00,512.0,512.0,512.0,512.0,512.0,100
2024-11-22 01:45:00+00:00,513.0,513.0,513.0,513.0,513.0,200
2024-11-22 01:50:00+00:00,513.0,513.0,513.0,512.0,512.0,300
2024-11-22 01:55:00+00:00,515.0,515.0,515.0,513.0,513.0,46100
2024-11-22 02:00:00+00:00,514.0,514.0,514.0,514.0,514.0,5300
2024-11-22 02:05:00+00:00,513.0,513.0,514.0,513.0,514.0,6500
2024-11-22 02:10:00+00:00,513.0,513.0,513.0,513.0,513.0,5000
2024-11-22 02:15:00+00:00,513.0,513.0,513.0,513.0,513.0,400
2024-11-22 02:20:00+00:00,513.0,513.0,513.0,513.0,513.0,100
2024-11-22 02:30:00+00:00,514.0,514.0,514.0,514.0,514.0,300
2024-11-22 02:35:00+00:00,514.0,514.0,514.0,514.0,514.0,0
2024-11-22 03:30:00+00:00,513.0,513.0,514.0,513.0,513.0,195500
2024-11-22 03:35:00+00:00,512.0,512.0,512.0,512.0,512.0,100
2024-11-22 03:45:00+00:00,512.0,512.0,513.0,511.0,512.0,7300
2024-11-22 03:55:00+00:00,511.0,511.0,511.0,511.0,511.0,400
2024-11-22 04:00:00+00:00,512.0,512.0,512.0,512.0,512.0,700
2024-11-22 04:05:00+00:00,512.0,512.0,512.0,512.0,512.0,200
2024-11-22 04:10:00+00:00,511.0,511.0,511.0,511.0,511.0,200
2024-11-22 04:15:00+00:00,512.0,512.0,512.0,512.0,512.0,1500
2024-11-22 04:20:00+00:00,512.0,512.0,512.0,512.0,512.0,200
2024-11-22 04:25:00+00:00,512.0,512.0,512.0,512.0,512.0,1600
2024-11-22 04:35:00+00:00,512.0,512.0,512.0,512.0,512.0,100
2024-11-22 04:40:00+00:00,512.0,512.0,512.0,512.0,512.0,2200
2024-11-22 04:45:00+00:00,512.0,512.0,512.0,511.0,511.0,9000
2024-11-22 04:55:00+00:00,512.0,512.0,512.0,511.0,512.0,600
2024-11-22 05:00:00+00:00,511.0,511.0,511.0,511.0,511.0,100
2024-11-22 05:05:00+00:00,512.0,512.0,512.0,511.0,512.0,2900
2024-11-22 05:20:00+00:00,512.0,512.0,512.0,512.0,512.0,100
2024-11-22 05:25:00+00:00,512.0,512.0,513.0,512.0,513.0,500
2024-11-22 05:30:00+00:00,512.0,512.0,512.0,511.0,512.0,3600
2024-11-22 05:40:00+00:00,511.0,511.0,511.0,511.0,511.0,100
2024-11-22 05:45:00+00:00,512.0,512.0,512.0,511.0,511.0,700
2024-11-22 05:50:00+00:00,512.0,512.0,512.0,512.0,512.0,700
2024-11-22 05:55:00+00:00,512.0,512.0,512.0,512.0,512.0,100
2024-11-22 06:00:00+00:00,514.0,514.0,514.0,511.0,512.0,2600
2024-11-22 06:15:00+00:00,514.0,514.0,514.0,514.0,514.0,0
2024-11-25 00:00:00+00:00,510.0,510.0,513.0,510.0,513.0,49000
2024-11-25 00:05:00+00:00,512.0,512.0,512.0,510.0,510.0,2800
2024-11-25 00:10:00+00:00,514.0,514.0,514.0,512.0,512.0,45100
2024-11-25 00:15:00+00:00,515.0,515.0,515.0,514.0,515.0,1800
2024-11-25 00:20:00+00:00,515.0,515.0,515.0,515.0,515.0,3800
2024-11-25 00:25:00+00:00,513.0,513.0,515.0,513.0,515.0,26800
2024-11-25 00:30:00+00:00,512.0,512.0,513.0,512.0,513.0,700
2024-11-25 00:35:00+00:00,513.0,513.0,513.0,513.0,513.0,100
2024-11-25 00:40:00+00:00,513.0,513.0,513.0,512.0,513.0,700
2024-11-25 00:45:00+00:00,513.0,513.0,513.0,512.0,512.0,400
2024-11-25 00:50:00+00:00,513.0,513.0,514.0,513.0,513.0,8200
2024-11-25 00:55:00+00:00,513.0,513.0,513.0,513.0,513.0,400
2024-11-25 01:00:00+00:00,513.0,513.0,513.0,513.0,513.0,3200
2024-11-25 01:05:00+00:00,513.0,513.0,513.0,513.0,513.0,1900
2024-11-25 01:10:00+00:00,513.0,513.0,513.0,513.0,513.0,600
2024-11-25 01:15:00+00:00,512.0,512.0,513.0,512.0,513.0,300
2024-11-25 01:20:00+00:00,512.0,512.0,512.0,512.0,512.0,300
2024-11-25 01:25:00+00:00,512.0,512.0,512.0,512.0,512.0,100
2024-11-25 01:30:00+00:00,512.0,512.0,512.0,512.0,512.0,5900
2024-11-25 01:35:00+00:00,512.0,512.0,512.0,512.0,512.0,400
2024-11-25 01:40:00+00:00,511.0,511.0,511.0,511.0,511.0,300
2024-11-25 01:45:00+00:00,512.0,512.0,512.0,512.0,512.0,200
2024-11-25 01:50:00+00:00,512.0,512.0,512.0,511.0,511.0,200
2024-11-25 01:55:00+00:00,512.0,512.0,512.0,512.0,512.0,600
2024-11-25 02:00:00+00:00,510.0,510.0,512.0,510.0,511.0,17600
2024-11-25 02:05:00+00:00,511.0,511.0,511.0,510.0,511.0,20200
2024-11-25 02:10:00+00:00,511.0,511.0,511.0,511.0,511.0,800
2024-11-25 02:15:00+00:00,512.0,512.0,512.0,510.0,510.0,2700
2024-11-25 02:20:00+00:00,512.0,512.0,512.0,511.0,511.0,200
2024-11-25 02:25:00+00:00,512.0,512.0,512.0,512.0,512.0,600
2024-11-25 02:30:00+00:00,511.0,511.0,511.0,511.0,511.0,7000
2024-11-25 02:35:00+00:00,511.0,511.0,511.0,511.0,511.0,0
2024-11-25 03:30:00+00:00,510.0,510.0,512.0,510.0,512.0,217400
2024-11-25 03:35:00+00:00,510.0,510.0,511.0,510.0,510.0,44700
2024-11-25 03:40:00+00:00,510.0,510.0,511.0,509.0,511.0,7000
2024-11-25 03:45:00+00:00,512.0,512.0,512.0,510.0,511.0,13700
2024-11-25 03:50:00+00:00,511.0,511.0,511.0,511.0,511.0,300
2024-11-25 03:55:00+00:00,511.0,511.0,511.0,510.0,510.0,1100
2024-11-25 04:00:00+00:00,511.0,511.0,511.0,511.0,511.0,800
2024-11-25 04:05:00+00:00,511.0,511.0,511.0,510.0,510.0,500
2024-11-25 04:10:00+00:00,511.0,511.0,511.0,511.0,511.0,2800
2024-11-25 04:15:00+00:00,512.0,512.0,512.0,512.0,512.0,400
2024-11-25 04:20:00+00:00,512.0,512.0,512.0,512.0,512.0,400
2024-11-25 04:25:00+00:00,512.0,512.0,512.0,512.0,512.0,1100
2024-11-25 04:30:00+00:00,512.0,512.0,512.0,511.0,511.0,300
2024-11-25 04:35:00+00:00,511.0,511.0,512.0,511.0,512.0,500
2024-11-25 04:40:00+00:00,512.0,512.0,512.0,511.0,512.0,500
2024-11-25 04:45:00+00:00,512.0,512.0,512.0,511.0,512.0,3900
2024-11-25 04:50:00+00:00,513.0,513.0,513.0,512.0,512.0,800
2024-11-25 04:55:00+00:00,513.0,513.0,513.0,513.0,513.0,600
2024-11-25 05:00:00+00:00,512.0,512.0,513.0,512.0,513.0,700
2024-11-25 05:05:00+00:00,513.0,513.0,513.0,512.0,512.0,500
2024-11-25 05:10:00+00:00,513.0,513.0,513.0,512.0,512.0,400
2024-11-25 05:15:00+00:00,513.0,513.0,513.0,513.0,513.0,300
2024-11-25 05:20:00+00:00,513.0,513.0,513.0,512.0,512.0,400
2024-11-25 05:25:00+00:00,513.0,513.0,513.0,512.0,513.0,700
2024-11-25 05:30:00+00:00,513.0,513.0,513.0,512.0,512.0,7500
2024-11-25 05:40:00+00:00,512.0,512.0,513.0,512.0,513.0,6300
2024-11-25 05:45:00+00:00,513.0,513.0,513.0,513.0,513.0,100
2024-11-25 05:50:00+00:00,512.0,512.0,512.0,512.0,512.0,2500
2024-11-25 05:55:00+00:00,512.0,512.0,512.0,512.0,512.0,100
2024-11-25 06:00:00+00:00,511.0,511.0,512.0,511.0,512.0,1600
2024-11-25 06:05:00+00:00,511.0,511.0,511.0,511.0,511.0,500
2024-11-25 06:10:00+00:00,511.0,511.0,511.0,511.0,511.0,100
2024-11-25 06:15:00+00:00,511.0,511.0,511.0,511.0,511.0,200
2024-11-25 06:20:00+00:00,511.0,511.0,512.0,511.0,512.0,3500
2024-11-26 00:00:00+00:00,511.0,511.0,511.0,511.0,511.0,0
2024-11-26 00:05:00+00:00,510.0,510.0,510.0,509.0,509.0,59800
2024-11-26 00:10:00+00:00,510.0,510.0,510.0,509.0,509.0,900
2024-11-26 00:15:00+00:00,508.0,508.0,510.0,508.0,510.0,15000
2024-11-26 00:20:00+00:00,508.0,508.0,508.0,508.0,508.0,4900
2024-11-26 00:25:00+00:00,507.0,507.0,508.0,507.0,507.0,11800
2024-11-26 00:30:00+00:00,507.0,507.0,507.0,507.0,507.0,5600
2024-11-26 00:35:00+00:00,507.0,507.0,508.0,507.0,507.0,11300
2024-11-26 00:40:00+00:00,507.0,507.0,508.0,507.0,507.0,500
2024-11-26 00:45:00+00:00,507.0,507.0,507.0,507.0,507.0,100
2024-11-26 00:50:00+00:00,507.0,507.0,507.0,507.0,507.0,300
2024-11-26 00:55:00+00:00,508.0,508.0,508.0,507.0,508.0,3500
2024-11-26 01:00:00+00:00,508.0,508.0,508.0,508.0,508.0,2400
2024-11-26 01:05:00+00:00,508.0,508.0,508.0,508.0,508.0,1400
2024-11-26 01:10:00+00:00,507.0,507.0,508.0,507.0,508.0,200
2024-11-26 01:15:00+00:00,507.0,507.0,507.0,507.0,507.0,9300
2024-11-26 01:20:00+00:00,507.0,507.0,507.0,507.0,507.0,2100
2024-11-26 01:25:00+00:00,508.0,508.0,508.0,508.0,508.0,4300
2024-11-26 01:30:00+00:00,508.0,508.0,508.0,508.0,508.0,100
2024-11-26 01:35:00+00:00,508.0,508.0,508.0,508.0,508.0,500
2024-11-26 01:40:00+00:00,507.0,507.0,507.0,507.0,507.0,5600
2024-11-26 01:45:00+00:00,507.0,507.0,507.0,507.0,507.0,100
2024-11-26 01:50:00+00:00,508.0,508.0,508.0,507.0,507.0,200
2024-11-26 01:55:00+00:00,507.0,507.0,507.0,507.0,507.0,300
2024-11-26 02:00:00+00:00,507.0,507.0,507.0,507.0,507.0,100
2024-11-26 02:05:00+00:00,508.0,508.0,508.0,508.0,508.0,2200
2024-11-26 02:10:00+00:00,507.0,507.0,508.0,507.0,508.0,400
2024-11-26 02:15:00+00:00,507.0,507.0,507.0,507.0,507.0,5400
2024-11-26 02:20:00+00:00,507.0,507.0,507.0,507.0,507.0,2500
2024-11-26 02:25:00+00:00,506.0,506.0,507.0,506.0,507.0,9000
2024-11-26 02:35:00+00:00,506.0,506.0,506.0,506.0,506.0,0
2024-11-26 03:30:00+00:00,505.0,505.0,507.0,505.0,507.0,194000
2024-11-26 03:35:00+00:00,505.0,505.0,506.0,505.0,505.0,8400
2024-11-26 03:40:00+00:00,505.0,505.0,505.0,505.0,505.0,2600
2024-11-26 03:45:00+00:00,505.0,505.0,505.0,505.0,505.0,1100
2024-11-26 03:50:00+00:00,506.0,506.0,506.0,504.0,505.0,8800
2024-11-26 03:55:00+00:00,505.0,505.0,506.0,505.0,506.0,2800
2024-11-26 04:00:00+00:00,505.0,505.0,505.0,505.0,505.0,100
2024-11-26 04:05:00+00:00,505.0,505.0,505.0,505.0,505.0,600
2024-11-26 04:10:00+00:00,505.0,505.0,505.0,505.0,505.0,100
2024-11-26 04:15:00+00:00,506.0,506.0,506.0,506.0,506.0,1000
2024-11-26 04:20:00+00:00,506.0,506.0,506.0,505.0,505.0,500
2024-11-26 04:30:00+00:00,505.0,505.0,505.0,505.0,505.0,3100
2024-11-26 04:35:00+00:00,505.0,505.0,505.0,505.0,505.0,500
2024-11-26 04:40:00+00:00,505.0,505.0,506.0,505.0,506.0,1200
2024-11-26 04:45:00+00:00,505.0,505.0,505.0,505.0,505.0,200
2024-11-26 04:55:00+00:00,505.0,505.0,505.0,505.0,505.0,300
2024-11-26 05:00:00+00:00,505.0,505.0,505.0,504.0,505.0,4700
2024-11-26 05:05:00+00:00,504.0,504.0,505.0,504.0,505.0,900
2024-11-26 05:15:00+00:00,504.0,504.0,504.0,504.0,504.0,300
2024-11-26 05:20:00+00:00,504.0,504.0,504.0,504.0,504.0,100
2024-11-26 05:25:00+00:00,505.0,505.0,505.0,504.0,504.0,300
2024-11-26 05:35:00+00:00,505.0,505.0,505.0,504.0,505.0,1500
2024-11-26 05:40:00+00:00,505.0,505.0,505.0,505.0,505.0,3700
2024-11-26 05:45:00+00:00,505.0,505.0,505.0,505.0,505.0,500
2024-11-26 05:50:00+00:00,505.0,505.0,505.0,504.0,505.0,700
2024-11-26 05:55:00+00:00,504.0,504.0,505.0,504.0,505.0,3200
2024-11-26 06:00:00+00:00,504.0,504.0,504.0,504.0,504.0,2200
2024-11-26 06:05:00+00:00,505.0,505.0,505.0,505.0,505.0,800
2024-11-26 06:10:00+00:00,505.0,505.0,505.0,504.0,504.0,5900
2024-11-26 06:15:00+00:00,505.0,505.0,506.0,505.0,505.0,500
2024-11-26 06:20:00+00:00,507.0,507.0,507.0,505.0,506.0,14500
2024-11-27 00:00:00+00:00,508.0,508.0,508.0,508.0,508.0,0
2024-11-27 00:05:00+00:00,502.0,502.0,503.0,502.0,503.0,58600
2024-11-27 00:10:00+00:00,503.0,503.0,503.0,502.0,502.0,1000
2024-11-27 00:15:00+00:00,502.0,502.0,503.0,502.0,503.0,6200
2024-11-27 00:20:00+00:00,502.0,502.0,502.0,501.0,501.0,8500
2024-11-27 00:25:00+00:00,503.0,503.0,503.0,501.0,502.0,3100
2024-11-27 00:30:00+00:00,503.0,503.0,503.0,502.0,502.0,2400
2024-11-27 00:35:00+00:00,502.0,502.0,503.0,502.0,503.0,1200
2024-11-27 00:40:00+00:00,503.0,503.0,503.0,502.0,502.0,400
2024-11-27 00:45:00+00:00,503.0,503.0,503.0,502.0,502.0,13500
2024-11-27 00:50:00+00:00,503.0,503.0,504.0,503.0,503.0,600
2024-11-27 00:55:00+00:00,503.0,503.0,503.0,503.0,503.0,3600
2024-11-27 01:05:00+00:00,503.0,503.0,503.0,503.0,503.0,200
2024-11-27 01:10:00+00:00,503.0,503.0,503.0,502.0,503.0,2500
2024-11-27 01:15:00+00:00,502.0,502.0,503.0,502.0,503.0,1100
2024-11-27 01:20:00+00:00,503.0,503.0,503.0,502.0,502.0,600
2024-11-27 01:25:00+00:00,503.0,503.0,503.0,503.0,503.0,1700
2024-11-27 01:35:00+00:00,500.0,500.0,502.0,500.0,502.0,53700
2024-11-27 01:40:00+00:00,501.0,501.0,501.0,500.0,501.0,4700
2024-11-27 01:45:00+00:00,501.0,501.0,501.0,500.0,501.0,7500
2024-11-27 01:50:00+00:00,500.0,500.0,501.0,500.0,501.0,60400
2024-11-27 01:55:00+00:00,500.0,500.0,500.0,500.0,500.0,3000
2024-11-27 02:00:00+00:00,500.0,500.0,500.0,500.0,500.0,7600
2024-11-27 02:05:00+00:00,500.0,500.0,500.0,500.0,500.0,400
2024-11-27 02:10:00+00:00,500.0,500.0,501.0,500.0,500.0,4200
2024-11-27 02:15:00+00:00,499.0,499.0,500.0,499.0,500.0,500
2024-11-27 02:20:00+00:00,500.0,500.0,500.0,500.0,500.0,5500
2024-11-27 02:25:00+00:00,500.0,500.0,501.0,500.0,500.0,12500
2024-11-27 02:30:00+00:00,501.0,501.0,501.0,501.0,501.0,13900
2024-11-27 02:35:00+00:00,501.0,501.0,501.0,501.0,501.0,0
2024-11-27 03:30:00+00:00,499.0,499.0,501.0,499.0,500.0,303700
2024-11-27 03:35:00+00:00,499.0,499.0,500.0,499.0,500.0,26400
2024-11-27 03:40:00+00:00,499.0,499.0,499.0,498.0,499.0,12000
2024-11-27 03:45:00+00:00,500.0,500.0,501.0,499.0,499.0,3300
2024-11-27 03:50:00+00:00,500.0,500.0,500.0,500.0,500.0,1400
2024-11-27 03:55:00+00:00,500.0,500.0,500.0,500.0,500.0,800
2024-11-27 04:00:00+00:00,501.0,501.0,501.0,501.0,501.0,200
2024-11-27 04:05:00+00:00,501.0,501.0,501.0,500.0,500.0,3700
2024-11-27 04:10:00+00:00,502.0,502.0,502.0,501.0,501.0,600
2024-11-27 04:15:00+00:00,502.0,502.0,502.0,502.0,502.0,5100
2024-11-27 04:20:00+00:00,502.0,502.0,502.0,502.0,502.0,2200
2024-11-27 04:25:00+00:00,502.0,502.0,503.0,502.0,502.0,2100
2024-11-27 04:30:00+00:00,503.0,503.0,503.0,502.0,502.0,800
2024-11-27 04:35:00+00:00,502.0,502.0,503.0,502.0,503.0,700
2024-11-27 04:45:00+00:00,503.0,503.0,503.0,502.0,503.0,300
2024-11-27 04:50:00+00:00,503.0,503.0,503.0,503.0,503.0,200
2024-11-27 04:55:00+00:00,502.0,502.0,503.0,502.0,502.0,300
2024-11-27 05:00:00+00:00,502.0,502.0,502.0,502.0,502.0,4200
2024-11-27 05:05:00+00:00,502.0,502.0,502.0,502.0,502.0,300
2024-11-27 05:10:00+00:00,503.0,503.0,503.0,502.0,502.0,3900
2024-11-27 05:15:00+00:00,504.0,504.0,504.0,503.0,503.0,2900
2024-11-27 05:20:00+00:00,504.0,504.0,504.0,504.0,504.0,200
2024-11-27 05:25:00+00:00,504.0,504.0,504.0,503.0,504.0,1100
2024-11-27 05:30:00+00:00,503.0,503.0,504.0,503.0,504.0,700
2024-11-27 05:35:00+00:00,503.0,503.0,504.0,503.0,503.0,1200
2024-11-27 05:40:00+00:00,504.0,504.0,504.0,504.0,504.0,5500
2024-11-27 05:45:00+00:00,504.0,504.0,504.0,504.0,504.0,3900
2024-11-27 05:50:00+00:00,504.0,504.0,505.0,504.0,504.0,3200
2024-11-27 05:55:00+00:00,505.0,505.0,505.0,504.0,504.0,1600
2024-11-27 06:00:00+00:00,504.0,504.0,505.0,504.0,505.0,1000
2024-11-27 06:05:00+00:00,505.0,505.0,505.0,504.0,504.0,600
2024-11-27 06:10:00+00:00,506.0,506.0,507.0,504.0,504.0,21300
2024-11-27 06:15:00+00:00,505.0,505.0,506.0,505.0,506.0,13700
2024-11-27 06:20:00+00:00,506.0,506.0,506.0,505.0,505.0,10400
2024-11-28 00:00:00+00:00,495.0,495.0,495.0,495.0,495.0,197300
2024-11-28 00:05:00+00:00,495.0,495.0,495.0,493.0,494.0,10600
2024-11-28 00:10:00+00:00,492.0,492.0,495.0,492.0,495.0,6600
2024-11-28 00:15:00+00:00,491.0,491.0,493.0,490.0,493.0,5000
2024-11-28 00:20:00+00:00,491.0,491.0,491.0,490.0,491.0,4600
2024-11-28 00:25:00+00:00,491.0,491.0,492.0,491.0,492.0,400
2024-11-28 00:30:00+00:00,491.0,491.0,491.0,490.0,491.0,2600
2024-11-28 00:35:00+00:00,492.0,492.0,492.0,491.0,491.0,2800
2024-11-28 00:40:00+00:00,491.0,491.0,491.0,490.0,491.0,9100
2024-11-28 00:45:00+00:00,491.0,491.0,491.0,491.0,491.0,500
2024-11-28 00:50:00+00:00,493.0,493.0,493.0,492.0,492.0,2600
2024-11-28 00:55:00+00:00,492.0,492.0,493.0,492.0,493.0,4600
2024-11-28 01:00:00+00:00,492.0,492.0,493.0,492.0,492.0,7100
2024-11-28 01:05:00+00:00,495.0,495.0,495.0,494.0,494.0,2400
2024-11-28 01:10:00+00:00,495.0,495.0,495.0,495.0,495.0,500
2024-11-28 01:15:00+00:00,495.0,495.0,496.0,495.0,495.0,31100
2024-11-28 01:25:00+00:00,495.0,495.0,495.0,495.0,495.0,200
2024-11-28 01:35:00+00:00,495.0,495.0,495.0,494.0,494.0,400
2024-11-28 01:40:00+00:00,494.0,494.0,494.0,494.0,494.0,100
2024-11-28 01:45:00+00:00,495.0,495.0,495.0,495.0,495.0,4100
2024-11-28 01:50:00+00:00,495.0,495.0,496.0,495.0,495.0,3800
2024-11-28 01:55:00+00:00,495.0,495.0,495.0,494.0,495.0,1000
2024-11-28 02:00:00+00:00,494.0,494.0,495.0,494.0,495.0,1000
2024-11-28 02:05:00+00:00,495.0,495.0,495.0,494.0,494.0,200
2024-11-28 02:10:00+00:00,495.0,495.0,495.0,495.0,495.0,1300
2024-11-28 02:15:00+00:00,494.0,494.0,494.0,494.0,494.0,400
2024-11-28 02:20:00+00:00,495.0,495.0,495.0,495.0,495.0,5700
2024-11-28 02:30:00+00:00,496.0,496.0,496.0,496.0,496.0,2300
2024-11-28 02:35:00+00:00,496.0,496.0,496.0,496.0,496.0,0
2024-11-28 03:30:00+00:00,497.0,497.0,498.0,496.0,496.0,330200
2024-11-28 03:35:00+00:00,497.0,497.0,497.0,496.0,497.0,3600
2024-11-28 03:40:00+00:00,497.0,497.0,499.0,497.0,497.0,13300
2024-11-28 03:45:00+00:00,498.0,498.0,498.0,497.0,498.0,3000
2024-11-28 03:50:00+00:00,498.0,498.0,498.0,498.0,498.0,1000
2024-11-28 03:55:00+00:00,498.0,498.0,498.0,498.0,498.0,200
2024-11-28 04:00:00+00:00,498.0,498.0,498.0,498.0,498.0,100
2024-11-28 04:05:00+00:00,497.0,497.0,497.0,497.0,497.0,300
2024-11-28 04:10:00+00:00,497.0,497.0,497.0,497.0,497.0,700
2024-11-28 04:15:00+00:00,498.0,498.0,498.0,498.0,498.0,600
2024-11-28 04:20:00+00:00,497.0,497.0,497.0,497.0,497.0,1300
2024-11-28 04:25:00+00:00,498.0,498.0,498.0,498.0,498.0,3000
2024-11-28 04:35:00+00:00,498.0,498.0,498.0,498.0,498.0,100
2024-11-28 04:45:00+00:00,498.0,498.0,498.0,498.0,498.0,600
2024-11-28 04:55:00+00:00,499.0,499.0,499.0,498.0,498.0,2900
2024-11-28 05:00:00+00:00,499.0,499.0,499.0,499.0,499.0,2000
2024-11-28 05:05:00+00:00,500.0,500.0,500.0,500.0,500.0,100
2024-11-28 05:10:00+00:00,499.0,499.0,499.0,499.0,499.0,200
2024-11-28 05:20:00+00:00,499.0,499.0,499.0,499.0,499.0,300
2024-11-28 05:25:00+00:00,499.0,499.0,499.0,499.0,499.0,20800
2024-11-28 05:30:00+00:00,499.0,499.0,499.0,499.0,499.0,500
2024-11-28 05:35:00+00:00,500.0,500.0,500.0,500.0,500.0,200
2024-11-28 05:40:00+00:00,499.0,499.0,499.0,499.0,499.0,1100
2024-11-28 05:45:00+00:00,499.0,499.0,499.0,499.0,499.0,4100
2024-11-28 05:50:00+00:00,499.0,499.0,499.0,499.0,499.0,100
2024-11-28 05:55:00+00:00,499.0,499.0,499.0,499.0,499.0,1500
2024-11-28 06:00:00+00:00,499.0,499.0,499.0,499.0,499.0,400
2024-11-28 06:05:00+00:00,500.0,500.0,501.0,500.0,500.0,7500
2024-11-28 06:10:00+00:00,502.0,502.0,502.0,501.0,501.0,23000
2024-11-28 06:15:00+00:00,501.0,501.0,501.0,501.0,501.0,5900
2024-11-28 06:20:00+00:00,500.0,500.0,501.0,499.0,501.0,9900
2024-11-29 00:00:00+00:00,504.0,504.0,504.0,502.0,502.0,101500
2024-11-29 00:05:00+00:00,507.0,507.0,508.0,503.0,504.0,29800
2024-11-29 00:10:00+00:00,506.0,506.0,507.0,503.0,507.0,30700
2024-11-29 00:15:00+00:00,503.0,503.0,507.0,503.0,506.0,9800
2024-11-29 00:20:00+00:00,503.0,503.0,504.0,503.0,504.0,3100
2024-11-29 00:25:00+00:00,504.0,504.0,504.0,503.0,503.0,5700
2024-11-29 00:30:00+00:00,503.0,503.0,504.0,502.0,504.0,4500
2024-11-29 00:35:00+00:00,504.0,504.0,504.0,503.0,503.0,1600
2024-11-29 00:40:00+00:00,504.0,504.0,504.0,503.0,504.0,2200
2024-11-29 00:45:00+00:00,503.0,503.0,503.0,503.0,503.0,2400
2024-11-29 00:55:00+00:00,502.0,502.0,503.0,502.0,502.0,3200
2024-11-29 01:00:00+00:00,501.0,501.0,502.0,501.0,502.0,1100
2024-11-29 01:05:00+00:00,501.0,501.0,501.0,501.0,501.0,900
2024-11-29 01:10:00+00:00,501.0,501.0,502.0,501.0,502.0,1800
2024-11-29 01:15:00+00:00,502.0,502.0,502.0,502.0,502.0,800
2024-11-29 01:20:00+00:00,502.0,502.0,502.0,502.0,502.0,800
2024-11-29 01:25:00+00:00,503.0,503.0,503.0,503.0,503.0,3500
2024-11-29 01:35:00+00:00,503.0,503.0,503.0,503.0,503.0,100
2024-11-29 01:40:00+00:00,503.0,503.0,503.0,503.0,503.0,100
2024-11-29 01:45:00+00:00,504.0,504.0,504.0,504.0,504.0,700
2024-11-29 01:55:00+00:00,503.0,503.0,504.0,503.0,504.0,300
2024-11-29 02:00:00+00:00,504.0,504.0,504.0,503.0,503.0,2500
2024-11-29 02:05:00+00:00,504.0,504.0,505.0,504.0,504.0,600
2024-11-29 02:10:00+00:00,504.0,504.0,504.0,503.0,504.0,1000
2024-11-29 02:15:00+00:00,504.0,504.0,504.0,504.0,504.0,300
2024-11-29 02:20:00+00:00,506.0,506.0,506.0,505.0,505.0,9400
2024-11-29 02:25:00+00:00,507.0,507.0,507.0,507.0,507.0,300
2024-11-29 02:30:00+00:00,507.0,507.0,507.0,507.0,507.0,8900
2024-11-29 02:35:00+00:00,507.0,507.0,507.0,507.0,507.0,0
2024-11-29 03:30:00+00:00,505.0,505.0,507.0,505.0,507.0,236700
2024-11-29 03:35:00+00:00,505.0,505.0,505.0,504.0,505.0,500
2024-11-29 03:40:00+00:00,504.0,504.0,505.0,504.0,505.0,500
2024-11-29 03:45:00+00:00,504.0,504.0,504.0,504.0,504.0,1300
2024-11-29 03:55:00+00:00,504.0,504.0,504.0,504.0,504.0,100
2024-11-29 04:00:00+00:00,504.0,504.0,504.0,504.0,504.0,2900
2024-11-29 04:05:00+00:00,505.0,505.0,505.0,505.0,505.0,100
2024-11-29 04:15:00+00:00,504.0,504.0,504.0,504.0,504.0,300
2024-11-29 04:20:00+00:00,504.0,504.0,504.0,504.0,504.0,100
2024-11-29 04:25:00+00:00,504.0,504.0,504.0,504.0,504.0,200
2024-11-29 04:30:00+00:00,505.0,505.0,505.0,504.0,504.0,1400
2024-11-29 04:35:00+00:00,504.0,504.0,504.0,504.0,504.0,100
2024-11-29 04:45:00+00:00,504.0,504.0,505.0,504.0,505.0,300
2024-11-29 04:50:00+00:00,505.0,505.0,505.0,505.0,505.0,200
2024-11-29 04:55:00+00:00,505.0,505.0,505.0,504.0,504.0,300
2024-11-29 05:00:00+00:00,506.0,506.0,506.0,505.0,505.0,4000
2024-11-29 05:10:00+00:00,506.0,506.0,506.0,505.0,505.0,300
2024-11-29 05:15:00+00:00,505.0,505.0,505.0,505.0,505.0,1100
2024-11-29 05:20:00+00:00,505.0,505.0,506.0,505.0,505.0,6400
2024-11-29 05:25:00+00:00,505.0,505.0,505.0,505.0,505.0,2300
2024-11-29 05:30:00+00:00,505.0,505.0,505.0,504.0,505.0,52600
2024-11-29 05:35:00+00:00,504.0,504.0,504.0,504.0,504.0,2300
2024-11-29 05:40:00+00:00,503.0,503.0,503.0,503.0,503.0,1400
2024-11-29 05:50:00+00:00,504.0,504.0,504.0,504.0,504.0,3100
2024-11-29 05:55:00+00:00,503.0,503.0,504.0,503.0,504.0,600
2024-11-29 06:05:00+00:00,503.0,503.0,503.0,503.0,503.0,300
2024-11-29 06:10:00+00:00,504.0,504.0,504.0,503.0,503.0,5000
2024-11-29 06:15:00+00:00,504.0,504.0,504.0,504.0,504.0,5200
2024-11-29 06:20:00+00:00,503.0,503.0,505.0,503.0,504.0,4800
2024-12-02 00:00:00+00:00,509.0,509.0,510.0,505.0,505.0,435800
2024-12-02 00:05:00+00:00,508.0,508.0,509.0,507.0,507.0,0
2024-12-02 00:10:00+00:00,506.0,506.0,507.0,505.0,507.0,14400
2024-12-02 00:15:00+00:00,506.0,506.0,507.0,506.0,506.0,14100
2024-12-02 00:20:00+00:00,506.0,506.0,507.0,506.0,506.0,6200
2024-12-02 00:25:00+00:00,506.0,506.0,506.0,506.0,506.0,400
2024-12-02 00:30:00+00:00,505.0,505.0,505.0,505.0,505.0,100
2024-12-02 00:35:00+00:00,507.0,507.0,507.0,506.0,506.0,3600
2024-12-02 00:40:00+00:00,506.0,506.0,507.0,506.0,507.0,5900
2024-12-02 00:45:00+00:00,506.0,506.0,507.0,506.0,507.0,2100
2024-12-02 00:50:00+00:00,507.0,507.0,507.0,507.0,507.0,100
2024-12-02 00:55:00+00:00,507.0,507.0,507.0,507.0,507.0,100
2024-12-02 01:00:00+00:00,506.0,506.0,506.0,506.0,506.0,1800
2024-12-02 01:05:00+00:00,506.0,506.0,506.0,506.0,506.0,6800
2024-12-02 01:10:00+00:00,506.0,506.0,506.0,506.0,506.0,3500
2024-12-02 01:15:00+00:00,506.0,506.0,506.0,506.0,506.0,3500
2024-12-02 01:20:00+00:00,506.0,506.0,506.0,506.0,506.0,2000
2024-12-02 01:25:00+00:00,506.0,506.0,506.0,506.0,506.0,100
2024-12-02 01:30:00+00:00,507.0,507.0,508.0,507.0,507.0,19000
2024-12-02 01:35:00+00:00,507.0,507.0,507.0,507.0,507.0,2300
2024-12-02 01:40:00+00:00,506.0,506.0,507.0,506.0,507.0,1100
2024-12-02 01:50:00+00:00,505.0,505.0,506.0,505.0,506.0,2300
2024-12-02 01:55:00+00:00,505.0,505.0,506.0,505.0,505.0,600
2024-12-02 02:00:00+00:00,506.0,506.0,506.0,506.0,506.0,800
2024-12-02 02:05:00+00:00,506.0,506.0,506.0,506.0,506.0,100
2024-12-02 02:15:00+00:00,505.0,505.0,506.0,505.0,505.0,1600
2024-12-02 02:20:00+00:00,506.0,506.0,506.0,505.0,505.0,800
2024-12-02 02:25:00+00:00,507.0,507.0,507.0,507.0,507.0,100
2024-12-02 02:30:00+00:00,507.0,507.0,507.0,507.0,507.0,2000
2024-12-02 02:35:00+00:00,507.0,507.0,507.0,507.0,507.0,0
2024-12-02 03:30:00+00:00,506.0,506.0,507.0,506.0,507.0,186200
2024-12-02 03:35:00+00:00,506.0,506.0,506.0,506.0,506.0,2200
2024-12-02 03:40:00+00:00,506.0,506.0,506.0,506.0,506.0,400
2024-12-02 03:45:00+00:00,506.0,506.0,506.0,506.0,506.0,800
2024-12-02 03:50:00+00:00,506.0,506.0,506.0,506.0,506.0,100
2024-12-02 04:00:00+00:00,506.0,506.0,506.0,505.0,505.0,10700
2024-12-02 04:05:00+00:00,506.0,506.0,506.0,506.0,506.0,4100
2024-12-02 04:10:00+00:00,505.0,505.0,505.0,505.0,505.0,100
2024-12-02 04:20:00+00:00,505.0,505.0,505.0,505.0,505.0,1500
2024-12-02 04:25:00+00:00,505.0,505.0,505.0,505.0,505.0,100
2024-12-02 04:30:00+00:00,505.0,505.0,505.0,505.0,505.0,100
2024-12-02 04:35:00+00:00,505.0,505.0,505.0,505.0,505.0,100
2024-12-02 04:40:00+00:00,506.0,506.0,506.0,505.0,505.0,400
2024-12-02 04:45:00+00:00,505.0,505.0,506.0,505.0,506.0,300
2024-12-02 04:55:00+00:00,506.0,506.0,506.0,505.0,505.0,200
2024-12-02 05:00:00+00:00,505.0,505.0,506.0,505.0,506.0,6700
2024-12-02 05:05:00+00:00,506.0,506.0,506.0,506.0,506.0,2500
2024-12-02 05:10:00+00:00,506.0,506.0,506.0,506.0,506.0,800
2024-12-02 05:20:00+00:00,505.0,505.0,505.0,505.0,505.0,2100
2024-12-02 05:25:00+00:00,505.0,505.0,505.0,505.0,505.0,600
2024-12-02 05:30:00+00:00,506.0,506.0,506.0,505.0,505.0,300
2024-12-02 05:35:00+00:00,506.0,506.0,507.0,506.0,506.0,1800
2024-12-02 05:40:00+00:00,506.0,506.0,507.0,505.0,507.0,19700
2024-12-02 05:45:00+00:00,505.0,505.0,505.0,505.0,505.0,100
2024-12-02 05:50:00+00:00,505.0,505.0,506.0,505.0,505.0,1000
2024-12-02 05:55:00+00:00,506.0,506.0,506.0,505.0,505.0,400
2024-12-02 06:00:00+00:00,505.0,505.0,506.0,505.0,505.0,3200
2024-12-02 06:05:00+00:00,505.0,505.0,505.0,504.0,505.0,1100
2024-12-02 06:10:00+00:00,505.0,505.0,505.0,505.0,505.0,1300
2024-12-02 06:15:00+00:00,505.0,505.0,505.0,505.0,505.0,300
2024-12-02 06:20:00+00:00,506.0,506.0,506.0,505.0,506.0,6900
2024-12-03 00:05:00+00:00,508.0,508.0,509.0,508.0,508.0,46500
2024-12-03 00:10:00+00:00,506.0,506.0,507.0,506.0,507.0,3300
2024-12-03 00:15:00+00:00,506.0,506.0,507.0,506.0,507.0,49700
2024-12-03 00:20:00+00:00,506.0,506.0,506.0,505.0,506.0,1300
2024-12-03 00:25:00+00:00,506.0,506.0,506.0,506.0,506.0,1800
2024-12-03 00:30:00+00:00,506.0,506.0,506.0,505.0,506.0,3500
2024-12-03 00:35:00+00:00,505.0,505.0,506.0,505.0,505.0,800
2024-12-03 00:40:00+00:00,506.0,506.0,506.0,506.0,506.0,3100
2024-12-03 00:45:00+00:00,506.0,506.0,507.0,506.0,506.0,1300
2024-12-03 00:50:00+00:00,506.0,506.0,506.0,506.0,506.0,300
2024-12-03 00:55:00+00:00,506.0,506.0,506.0,506.0,506.0,200
2024-12-03 01:00:00+00:00,506.0,506.0,506.0,506.0,506.0,1400
2024-12-03 01:05:00+00:00,506.0,506.0,506.0,506.0,506.0,100
2024-12-03 01:10:00+00:00,506.0,506.0,507.0,506.0,507.0,1300
2024-12-03 01:15:00+00:00,506.0,506.0,507.0,506.0,507.0,300
2024-12-03 01:20:00+00:00,507.0,507.0,508.0,507.0,507.0,19100
2024-12-03 01:25:00+00:00,507.0,507.0,508.0,507.0,508.0,4300
2024-12-03 01:30:00+00:00,507.0,507.0,507.0,506.0,506.0,7400
2024-12-03 01:35:00+00:00,506.0,506.0,506.0,506.0,506.0,2000
2024-12-03 01:40:00+00:00,507.0,507.0,507.0,506.0,506.0,500
2024-12-03 01:45:00+00:00,506.0,506.0,507.0,506.0,507.0,1100
2024-12-03 01:50:00+00:00,506.0,506.0,506.0,506.0,506.0,300
2024-12-03 01:55:00+00:00,507.0,507.0,507.0,506.0,506.0,200
2024-12-03 02:00:00+00:00,506.0,506.0,506.0,506.0,506.0,500
2024-12-03 02:05:00+00:00,506.0,506.0,507.0,505.0,507.0,2600
2024-12-03 02:10:00+00:00,506.0,506.0,506.0,505.0,505.0,900
2024-12-03 02:15:00+00:00,506.0,506.0,507.0,506.0,507.0,1100
2024-12-03 02:20:00+00:00,506.0,506.0,506.0,506.0,506.0,100
2024-12-03 02:25:00+00:00,507.0,507.0,507.0,507.0,507.0,100
2024-12-03 02:30:00+00:00,506.0,506.0,506.0,506.0,506.0,3000
2024-12-03 02:35:00+00:00,506.0,506.0,506.0,506.0,506.0,0
2024-12-03 03:30:00+00:00,506.0,506.0,508.0,506.0,508.0,167600
2024-12-03 03:35:00+00:00,506.0,506.0,506.0,506.0,506.0,2100
2024-12-03 03:40:00+00:00,507.0,507.0,507.0,507.0,507.0,1300
2024-12-03 03:45:00+00:00,507.0,507.0,508.0,506.0,506.0,4900
2024-12-03 03:50:00+00:00,507.0,507.0,507.0,507.0,507.0,400
2024-12-03 03:55:00+00:00,508.0,508.0,508.0,507.0,507.0,300
2024-12-03 04:00:00+00:00,507.0,507.0,507.0,507.0,507.0,300
2024-12-03 04:05:00+00:00,507.0,507.0,507.0,507.0,507.0,1400
2024-12-03 04:10:00+00:00,508.0,508.0,508.0,507.0,507.0,600
2024-12-03 04:15:00+00:00,507.0,507.0,507.0,507.0,507.0,1900
2024-12-03 04:20:00+00:00,508.0,508.0,508.0,507.0,507.0,700
2024-12-03 04:25:00+00:00,507.0,507.0,507.0,507.0,507.0,5200
2024-12-03 04:30:00+00:00,507.0,507.0,508.0,507.0,508.0,200
2024-12-03 04:35:00+00:00,507.0,507.0,507.0,507.0,507.0,500
2024-12-03 04:40:00+00:00,507.0,507.0,507.0,507.0,507.0,200
2024-12-03 04:45:00+00:00,507.0,507.0,508.0,507.0,508.0,600
2024-12-03 04:50:00+00:00,507.0,507.0,507.0,507.0,507.0,5700
2024-12-03 04:55:00+00:00,507.0,507.0,507.0,506.0,507.0,4400
2024-12-03 05:00:00+00:00,506.0,506.0,506.0,506.0,506.0,100
2024-12-03 05:05:00+00:00,507.0,507.0,507.0,507.0,507.0,2000
2024-12-03 05:10:00+00:00,507.0,507.0,507.0,507.0,507.0,300
2024-12-03 05:15:00+00:00,507.0,507.0,507.0,507.0,507.0,200
2024-12-03 05:20:00+00:00,507.0,507.0,507.0,506.0,506.0,300
2024-12-03 05:25:00+00:00,506.0,506.0,507.0,506.0,506.0,900
2024-12-03 05:30:00+00:00,507.0,507.0,507.0,507.0,507.0,200
2024-12-03 05:35:00+00:00,507.0,507.0,507.0,507.0,507.0,300
2024-12-03 05:40:00+00:00,507.0,507.0,507.0,507.0,507.0,200
2024-12-03 05:45:00+00:00,507.0,507.0,507.0,506.0,506.0,300
2024-12-03 05:50:00+00:00,506.0,506.0,507.0,506.0,507.0,300
2024-12-03 05:55:00+00:00,507.0,507.0,507.0,507.0,507.0,200
2024-12-03 06:00:00+00:00,506.0,506.0,506.0,506.0,506.0,5600
2024-12-03 06:05:00+00:00,506.0,506.0,506.0,505.0,506.0,300
2024-12-03 06:10:00+00:00,506.0,506.0,506.0,506.0,506.0,200
2024-12-03 06:15:00+00:00,505.0,505.0,505.0,505.0,505.0,100
2024-12-03 06:20:00+00:00,506.0,506.0,506.0,505.0,505.0,3300
2024-12-04 00:00:00+00:00,504.0,504.0,506.0,504.0,506.0,74100
2024-12-04 00:05:00+00:00,504.0,504.0,504.0,504.0,504.0,100
2024-12-04 00:10:00+00:00,504.0,504.0,504.0,503.0,504.0,1000
2024-12-04 00:15:00+00:00,503.0,503.0,504.0,503.0,504.0,200
2024-12-04 00:20:00+00:00,504.0,504.0,504.0,503.0,504.0,10900
2024-12-04 00:25:00+00:00,503.0,503.0,503.0,503.0,503.0,1300
2024-12-04 00:30:00+00:00,502.0,502.0,503.0,502.0,503.0,800
2024-12-04 00:35:00+00:00,503.0,503.0,503.0,502.0,503.0,4600
2024-12-04 00:40:00+00:00,503.0,503.0,503.0,503.0,503.0,1600
2024-12-04 00:50:00+00:00,504.0,504.0,504.0,504.0,504.0,700
2024-12-04 00:55:00+00:00,505.0,505.0,505.0,505.0,505.0,100
2024-12-04 01:00:00+00:00,505.0,505.0,505.0,505.0,505.0,200
2024-12-04 01:05:00+00:00,504.0,504.0,505.0,504.0,504.0,600
2024-12-04 01:10:00+00:00,504.0,504.0,504.0,504.0,504.0,100
2024-12-04 01:15:00+00:00,505.0,505.0,505.0,505.0,505.0,1400
2024-12-04 01:20:00+00:00,505.0,505.0,505.0,505.0,505.0,200
2024-12-04 01:25:00+00:00,504.0,504.0,504.0,504.0,504.0,200
2024-12-04 01:30:00+00:00,505.0,505.0,505.0,504.0,504.0,1700
2024-12-04 01:35:00+00:00,505.0,505.0,505.0,505.0,505.0,400
2024-12-04 01:40:00+00:00,505.0,505.0,505.0,505.0,505.0,100
2024-12-04 01:45:00+00:00,505.0,505.0,506.0,505.0,506.0,600
2024-12-04 01:50:00+00:00,505.0,505.0,505.0,505.0,505.0,200
2024-12-04 01:55:00+00:00,506.0,506.0,506.0,505.0,505.0,7600
2024-12-04 02:00:00+00:00,506.0,506.0,507.0,506.0,506.0,1400
2024-12-04 02:05:00+00:00,507.0,507.0,507.0,506.0,506.0,200
2024-12-04 02:15:00+00:00,506.0,506.0,506.0,506.0,506.0,3100
2024-12-04 02:20:00+00:00,505.0,505.0,505.0,505.0,505.0,100
2024-12-04 02:25:00+00:00,505.0,505.0,505.0,505.0,505.0,700
2024-12-04 02:30:00+00:00,506.0,506.0,506.0,506.0,506.0,2800
2024-12-04 02:35:00+00:00,506.0,506.0,506.0,506.0,506.0,0
2024-12-04 03:30:00+00:00,506.0,506.0,507.0,505.0,507.0,120600
2024-12-04 03:35:00+00:00,505.0,505.0,506.0,505.0,505.0,600
2024-12-04 03:40:00+00:00,505.0,505.0,506.0,505.0,506.0,500
2024-12-04 03:45:00+00:00,505.0,505.0,505.0,505.0,505.0,500
2024-12-04 03:50:00+00:00,506.0,506.0,506.0,503.0,506.0,9900
2024-12-04 03:55:00+00:00,506.0,506.0,507.0,505.0,505.0,1800
2024-12-04 04:05:00+00:00,506.0,506.0,506.0,506.0,506.0,100
2024-12-04 04:10:00+00:00,506.0,506.0,506.0,505.0,505.0,200
2024-12-04 04:20:00+00:00,505.0,505.0,505.0,505.0,505.0,100
2024-12-04 04:25:00+00:00,505.0,505.0,505.0,505.0,505.0,2200
2024-12-04 04:35:00+00:00,505.0,505.0,505.0,505.0,505.0,100
2024-12-04 04:40:00+00:00,506.0,506.0,506.0,505.0,505.0,300
2024-12-04 04:45:00+00:00,505.0,505.0,505.0,505.0,505.0,100
2024-12-04 04:55:00+00:00,505.0,505.0,505.0,505.0,505.0,2900
2024-12-04 05:00:00+00:00,506.0,506.0,506.0,505.0,506.0,300
2024-12-04 05:05:00+00:00,506.0,506.0,506.0,506.0,506.0,200
2024-12-04 05:10:00+00:00,505.0,505.0,505.0,505.0,505.0,100
2024-12-04 05:15:00+00:00,508.0,508.0,508.0,506.0,506.0,38000
2024-12-04 05:20:00+00:00,509.0,509.0,509.0,508.0,509.0,1300
2024-12-04 05:25:00+00:00,507.0,507.0,509.0,507.0,509.0,29200
2024-12-04 05:30:00+00:00,507.0,507.0,508.0,507.0,507.0,5600
2024-12-04 05:35:00+00:00,508.0,508.0,508.0,507.0,507.0,1000
2024-12-04 05:40:00+00:00,507.0,507.0,508.0,507.0,508.0,2800
2024-12-04 05:45:00+00:00,507.0,507.0,507.0,507.0,507.0,4500
2024-12-04 05:50:00+00:00,508.0,508.0,508.0,507.0,507.0,2500
2024-12-04 05:55:00+00:00,508.0,508.0,508.0,508.0,508.0,2800
2024-12-04 06:00:00+00:00,509.0,509.0,509.0,508.0,508.0,1500
2024-12-04 06:05:00+00:00,509.0,509.0,509.0,508.0,509.0,1100
2024-12-04 06:10:00+00:00,509.0,509.0,509.0,509.0,509.0,1100
2024-12-04 06:15:00+00:00,509.0,509.0,509.0,508.0,509.0,1500
2024-12-04 06:20:00+00:00,508.0,508.0,509.0,507.0,508.0,12200
2024-12-05 00:00:00+00:00,513.0,513.0,513.0,513.0,513.0,136000
2024-12-05 00:05:00+00:00,513.0,513.0,514.0,513.0,514.0,25100
2024-12-05 00:10:00+00:00,514.0,514.0,515.0,514.0,514.0,18800
2024-12-05 00:15:00+00:00,513.0,513.0,515.0,513.0,515.0,14600
2024-12-05 00:20:00+00:00,514.0,514.0,515.0,513.0,513.0,12600
2024-12-05 00:25:00+00:00,513.0,513.0,515.0,513.0,514.0,7000
2024-12-05 00:30:00+00:00,512.0,512.0,513.0,512.0,513.0,6400
2024-12-05 00:35:00+00:00,512.0,512.0,512.0,512.0,512.0,300
2024-12-05 00:40:00+00:00,512.0,512.0,512.0,511.0,512.0,2100
2024-12-05 00:45:00+00:00,511.0,511.0,511.0,511.0,511.0,100
2024-12-05 00:50:00+00:00,510.0,510.0,511.0,510.0,511.0,11400
2024-12-05 00:55:00+00:00,511.0,511.0,512.0,510.0,510.0,12100
2024-12-05 01:00:00+00:00,511.0,511.0,511.0,511.0,511.0,400
2024-12-05 01:05:00+00:00,512.0,512.0,512.0,512.0,512.0,100
2024-12-05 01:10:00+00:00,511.0,511.0,511.0,511.0,511.0,400
2024-12-05 01:15:00+00:00,511.0,511.0,511.0,511.0,511.0,500
2024-12-05 01:20:00+00:00,512.0,512.0,512.0,512.0,512.0,100
2024-12-05 01:25:00+00:00,511.0,511.0,511.0,511.0,511.0,4400
2024-12-05 01:30:00+00:00,511.0,511.0,511.0,510.0,511.0,900
2024-12-05 01:40:00+00:00,511.0,511.0,511.0,511.0,511.0,1100
2024-12-05 01:50:00+00:00,514.0,514.0,514.0,512.0,512.0,15000
2024-12-05 01:55:00+00:00,513.0,513.0,514.0,513.0,514.0,500
2024-12-05 02:00:00+00:00,513.0,513.0,513.0,512.0,513.0,5100
2024-12-05 02:05:00+00:00,513.0,513.0,513.0,513.0,513.0,100
2024-12-05 02:10:00+00:00,513.0,513.0,514.0,513.0,513.0,4000
2024-12-05 02:15:00+00:00,514.0,514.0,515.0,514.0,514.0,8500
2024-12-05 02:20:00+00:00,515.0,515.0,515.0,515.0,515.0,200
2024-12-05 02:25:00+00:00,514.0,514.0,515.0,514.0,515.0,6000
2024-12-05 02:30:00+00:00,514.0,514.0,514.0,514.0,514.0,100
2024-12-05 02:35:00+00:00,514.0,514.0,514.0,514.0,514.0,0
2024-12-05 03:30:00+00:00,513.0,513.0,514.0,513.0,514.0,301200
2024-12-05 03:35:00+00:00,512.0,512.0,513.0,510.0,513.0,11700
2024-12-05 03:40:00+00:00,512.0,512.0,512.0,512.0,512.0,600
2024-12-05 03:45:00+00:00,512.0,512.0,512.0,512.0,512.0,600
2024-12-05 03:50:00+00:00,512.0,512.0,512.0,512.0,512.0,100
2024-12-05 03:55:00+00:00,512.0,512.0,512.0,511.0,511.0,1000
2024-12-05 04:00:00+00:00,511.0,511.0,512.0,511.0,512.0,5400
2024-12-05 04:05:00+00:00,511.0,511.0,511.0,511.0,511.0,100
2024-12-05 04:10:00+00:00,511.0,511.0,511.0,511.0,511.0,600
2024-12-05 04:15:00+00:00,511.0,511.0,511.0,511.0,511.0,800
2024-12-05 04:20:00+00:00,510.0,510.0,510.0,510.0,510.0,100
2024-12-05 04:30:00+00:00,510.0,510.0,510.0,510.0,510.0,100
2024-12-05 04:35:00+00:00,510.0,510.0,510.0,510.0,510.0,100
2024-12-05 04:40:00+00:00,510.0,510.0,510.0,510.0,510.0,400
2024-12-05 04:45:00+00:00,511.0,511.0,511.0,511.0,511.0,4000
2024-12-05 04:50:00+00:00,512.0,512.0,512.0,511.0,511.0,600
2024-12-05 04:55:00+00:00,510.0,510.0,512.0,510.0,512.0,12500
2024-12-05 05:00:00+00:00,510.0,510.0,510.0,510.0,510.0,800
2024-12-05 05:05:00+00:00,510.0,510.0,510.0,510.0,510.0,400
2024-12-05 05:10:00+00:00,510.0,510.0,510.0,509.0,509.0,1300
2024-12-05 05:15:00+00:00,509.0,509.0,509.0,509.0,509.0,100
2024-12-05 05:25:00+00:00,511.0,511.0,511.0,510.0,510.0,3800
2024-12-05 05:30:00+00:00,511.0,511.0,511.0,511.0,511.0,600
2024-12-05 05:35:00+00:00,510.0,510.0,511.0,510.0,511.0,2400
2024-12-05 05:40:00+00:00,510.0,510.0,510.0,509.0,510.0,5900
2024-12-05 05:45:00+00:00,510.0,510.0,510.0,510.0,510.0,400
2024-12-05 05:50:00+00:00,511.0,511.0,511.0,511.0,511.0,3700
2024-12-05 05:55:00+00:00,510.0,510.0,510.0,510.0,510.0,1000
2024-12-05 06:00:00+00:00,511.0,511.0,511.0,510.0,510.0,800
2024-12-05 06:05:00+00:00,511.0,511.0,511.0,511.0,511.0,500
2024-12-05 06:10:00+00:00,511.0,511.0,511.0,511.0,511.0,200
2024-12-05 06:15:00+00:00,510.0,510.0,511.0,510.0,511.0,800
2024-12-05 06:20:00+00:00,509.0,509.0,511.0,509.0,510.0,5000
2024-12-06 00:05:00+00:00,507.0,507.0,507.0,507.0,507.0,7800
2024-12-06 00:15:00+00:00,508.0,508.0,508.0,508.0,508.0,1500
2024-12-06 00:20:00+00:00,508.0,508.0,508.0,508.0,508.0,900
2024-12-06 00:25:00+00:00,507.0,507.0,507.0,507.0,507.0,900
2024-12-06 00:30:00+00:00,506.0,506.0,506.0,505.0,506.0,5100
2024-12-06 00:35:00+00:00,506.0,506.0,506.0,506.0,506.0,2100
2024-12-06 00:40:00+00:00,506.0,506.0,506.0,506.0,506.0,700
2024-12-06 00:45:00+00:00,506.0,506.0,506.0,506.0,506.0,1200
2024-12-06 00:50:00+00:00,505.0,505.0,505.0,505.0,505.0,100
2024-12-06 00:55:00+00:00,507.0,507.0,507.0,506.0,506.0,2200
2024-12-06 01:00:00+00:00,507.0,507.0,507.0,507.0,507.0,1000
2024-12-06 01:10:00+00:00,510.0,510.0,510.0,508.0,508.0,21000
2024-12-06 01:15:00+00:00,509.0,509.0,509.0,509.0,509.0,1800
2024-12-06 01:20:00+00:00,509.0,509.0,509.0,509.0,509.0,400
2024-12-06 01:25:00+00:00,509.0,509.0,509.0,509.0,509.0,3200
2024-12-06 01:30:00+00:00,509.0,509.0,509.0,509.0,509.0,200
2024-12-06 01:40:00+00:00,509.0,509.0,509.0,509.0,509.0,1100
2024-12-06 02:00:00+00:00,509.0,509.0,510.0,508.0,509.0,6400
2024-12-06 02:05:00+00:00,509.0,509.0,509.0,509.0,509.0,700
2024-12-06 02:10:00+00:00,509.0,509.0,509.0,509.0,509.0,700
2024-12-06 02:20:00+00:00,508.0,508.0,508.0,508.0,508.0,400
2024-12-06 02:25:00+00:00,508.0,508.0,508.0,508.0,508.0,100
2024-12-06 02:35:00+00:00,508.0,508.0,508.0,508.0,508.0,0
2024-12-06 03:30:00+00:00,508.0,508.0,509.0,508.0,508.0,61600
2024-12-06 03:35:00+00:00,507.0,507.0,507.0,507.0,507.0,100
2024-12-06 03:40:00+00:00,508.0,508.0,508.0,508.0,508.0,200
2024-12-06 03:45:00+00:00,508.0,508.0,508.0,508.0,508.0,1800
2024-12-06 03:50:00+00:00,508.0,508.0,508.0,508.0,508.0,1200
2024-12-06 04:00:00+00:00,508.0,508.0,508.0,508.0,508.0,300
2024-12-06 04:05:00+00:00,508.0,508.0,508.0,507.0,507.0,2500
2024-12-06 04:10:00+00:00,508.0,508.0,508.0,508.0,508.0,300
2024-12-06 04:20:00+00:00,507.0,507.0,507.0,507.0,507.0,200
2024-12-06 04:25:00+00:00,507.0,507.0,507.0,507.0,507.0,400
2024-12-06 04:30:00+00:00,507.0,507.0,507.0,507.0,507.0,500
2024-12-06 04:35:00+00:00,507.0,507.0,508.0,507.0,508.0,200
2024-12-06 04:45:00+00:00,508.0,508.0,508.0,507.0,507.0,400
2024-12-06 04:50:00+00:00,507.0,507.0,507.0,507.0,507.0,100
2024-12-06 05:00:00+00:00,507.0,507.0,507.0,507.0,507.0,100
2024-12-06 05:10:00+00:00,507.0,507.0,507.0,507.0,507.0,100
2024-12-06 05:15:00+00:00,507.0,507.0,507.0,507.0,507.0,100
2024-12-06 05:25:00+00:00,507.0,507.0,508.0,507.0,508.0,200
2024-12-06 05:30:00+00:00,508.0,508.0,508.0,508.0,508.0,500
2024-12-06 05:35:00+00:00,507.0,507.0,507.0,507.0,507.0,100
2024-12-06 05:40:00+00:00,507.0,507.0,507.0,507.0,507.0,100
2024-12-06 05:50:00+00:00,507.0,507.0,507.0,507.0,507.0,100
2024-12-06 06:00:00+00:00,507.0,507.0,507.0,507.0,507.0,100
2024-12-06 06:05:00+00:00,507.0,507.0,507.0,507.0,507.0,100
2024-12-06 06:15:00+00:00,507.0,507.0,508.0,507.0,508.0,200
2024-12-06 06:20:00+00:00,507.0,507.0,508.0,507.0,507.0,2900
2024-12-09 00:00:00+00:00,510.0,510.0,510.0,508.0,508.0,20800
2024-12-09 00:05:00+00:00,510.0,510.0,510.0,509.0,509.0,2600
2024-12-09 00:10:00+00:00,510.0,510.0,510.0,510.0,510.0,11200
2024-12-09 00:15:00+00:00,510.0,510.0,511.0,510.0,511.0,1200
2024-12-09 00:20:00+00:00,511.0,511.0,512.0,511.0,511.0,5700
2024-12-09 00:25:00+00:00,510.0,510.0,511.0,510.0,511.0,2700
2024-12-09 00:30:00+00:00,510.0,510.0,510.0,510.0,510.0,100
2024-12-09 00:35:00+00:00,509.0,509.0,511.0,509.0,510.0,4500
2024-12-09 00:45:00+00:00,510.0,510.0,510.0,510.0,510.0,3100
2024-12-09 00:50:00+00:00,510.0,510.0,510.0,510.0,510.0,2500
2024-12-09 00:55:00+00:00,511.0,511.0,511.0,511.0,511.0,1300
2024-12-09 01:00:00+00:00,511.0,511.0,511.0,510.0,511.0,2900
2024-12-09 01:05:00+00:00,510.0,510.0,510.0,510.0,510.0,300
2024-12-09 01:10:00+00:00,510.0,510.0,511.0,510.0,511.0,1900
2024-12-09 01:15:00+00:00,511.0,511.0,511.0,511.0,511.0,700
2024-12-09 01:20:00+00:00,511.0,511.0,511.0,511.0,511.0,100
2024-12-09 01:30:00+00:00,511.0,511.0,511.0,511.0,511.0,1200
2024-12-09 01:35:00+00:00,511.0,511.0,511.0,511.0,511.0,200
2024-12-09 01:40:00+00:00,511.0,511.0,512.0,511.0,512.0,200
2024-12-09 01:45:00+00:00,511.0,511.0,511.0,511.0,511.0,300
2024-12-09 01:50:00+00:00,511.0,511.0,511.0,511.0,511.0,100
2024-12-09 01:55:00+00:00,510.0,510.0,511.0,510.0,511.0,3300
2024-12-09 02:00:00+00:00,510.0,510.0,510.0,510.0,510.0,200
2024-12-09 02:05:00+00:00,510.0,510.0,510.0,508.0,510.0,25700
2024-12-09 02:10:00+00:00,510.0,510.0,510.0,509.0,510.0,5700
2024-12-09 02:20:00+00:00,511.0,511.0,511.0,509.0,510.0,5500
2024-12-09 02:30:00+00:00,512.0,512.0,512.0,512.0,512.0,1300
2024-12-09 02:35:00+00:00,512.0,512.0,512.0,512.0,512.0,0
2024-12-09 03:30:00+00:00,513.0,513.0,514.0,511.0,512.0,133000
2024-12-09 03:35:00+00:00,515.0,515.0,515.0,514.0,514.0,7500
2024-12-09 03:40:00+00:00,514.0,514.0,515.0,514.0,515.0,10400
2024-12-09 03:45:00+00:00,513.0,513.0,513.0,513.0,513.0,100
2024-12-09 03:55:00+00:00,513.0,513.0,513.0,513.0,513.0,100
2024-12-09 04:00:00+00:00,513.0,513.0,513.0,513.0,513.0,300
2024-12-09 04:05:00+00:00,513.0,513.0,513.0,513.0,513.0,500
2024-12-09 04:10:00+00:00,513.0,513.0,513.0,513.0,513.0,500
2024-12-09 04:15:00+00:00,513.0,513.0,514.0,513.0,513.0,500
2024-12-09 04:20:00+00:00,513.0,513.0,513.0,513.0,513.0,500
2024-12-09 04:25:00+00:00,513.0,513.0,513.0,513.0,513.0,4000
2024-12-09 04:30:00+00:00,512.0,512.0,513.0,512.0,513.0,700
2024-12-09 04:35:00+00:00,512.0,512.0,512.0,512.0,512.0,500
2024-12-09 04:40:00+00:00,514.0,514.0,514.0,512.0,512.0,12300
2024-12-09 04:45:00+00:00,514.0,514.0,514.0,514.0,514.0,100
2024-12-09 04:50:00+00:00,513.0,513.0,513.0,513.0,513.0,900
2024-12-09 04:55:00+00:00,514.0,514.0,514.0,513.0,513.0,200
2024-12-09 05:00:00+00:00,514.0,514.0,514.0,513.0,514.0,400
2024-12-09 05:05:00+00:00,514.0,514.0,514.0,514.0,514.0,200
2024-12-09 05:10:00+00:00,514.0,514.0,514.0,513.0,514.0,300
2024-12-09 05:15:00+00:00,512.0,512.0,514.0,512.0,514.0,12800
2024-12-09 05:20:00+00:00,513.0,513.0,513.0,513.0,513.0,4900
2024-12-09 05:25:00+00:00,513.0,513.0,513.0,513.0,513.0,1400
2024-12-09 05:30:00+00:00,513.0,513.0,513.0,512.0,513.0,1000
2024-12-09 05:40:00+00:00,513.0,513.0,513.0,512.0,513.0,1000
2024-12-09 05:45:00+00:00,512.0,512.0,512.0,512.0,512.0,100
2024-12-09 05:50:00+00:00,512.0,512.0,513.0,512.0,513.0,500
2024-12-09 05:55:00+00:00,512.0,512.0,512.0,512.0,512.0,100
2024-12-09 06:00:00+00:00,513.0,513.0,513.0,512.0,512.0,200
2024-12-09 06:05:00+00:00,512.0,512.0,513.0,512.0,513.0,700
2024-12-09 06:10:00+00:00,512.0,512.0,513.0,512.0,512.0,1600
2024-12-09 06:15:00+00:00,513.0,513.0,513.0,512.0,512.0,3000
2024-12-09 06:20:00+00:00,513.0,513.0,513.0,512.0,513.0,7200
2024-12-09 06:25:00+00:00,512.0,512.0,512.0,512.0,512.0,100
2024-12-10 00:05:00+00:00,515.0,515.0,516.0,515.0,515.0,37500
2024-12-10 00:10:00+00:00,515.0,515.0,515.0,515.0,515.0,2300
2024-12-10 00:15:00+00:00,514.0,514.0,515.0,514.0,514.0,1600
2024-12-10 00:20:00+00:00,514.0,514.0,514.0,514.0,514.0,500
2024-12-10 00:25:00+00:00,514.0,514.0,514.0,514.0,514.0,800
2024-12-10 00:30:00+00:00,513.0,513.0,514.0,513.0,514.0,900
2024-12-10 00:35:00+00:00,514.0,514.0,514.0,512.0,514.0,8400
2024-12-10 00:40:00+00:00,513.0,513.0,513.0,513.0,513.0,3400
2024-12-10 00:45:00+00:00,512.0,512.0,512.0,512.0,512.0,600
2024-12-10 00:50:00+00:00,512.0,512.0,512.0,512.0,512.0,1000
2024-12-10 00:55:00+00:00,512.0,512.0,512.0,512.0,512.0,700
2024-12-10 01:00:00+00:00,513.0,513.0,513.0,512.0,512.0,2700
2024-12-10 01:05:00+00:00,513.0,513.0,513.0,512.0,512.0,1300
2024-12-10 01:10:00+00:00,512.0,512.0,512.0,512.0,512.0,700
2024-12-10 01:15:00+00:00,512.0,512.0,513.0,512.0,512.0,700
2024-12-10 01:20:00+00:00,513.0,513.0,513.0,512.0,512.0,900
2024-12-10 01:25:00+00:00,512.0,512.0,512.0,512.0,512.0,900
2024-12-10 01:30:00+00:00,512.0,512.0,512.0,512.0,512.0,800
2024-12-10 01:35:00+00:00,512.0,512.0,512.0,512.0,512.0,1200
2024-12-10 01:40:00+00:00,511.0,511.0,512.0,511.0,512.0,2100
2024-12-10 01:45:00+00:00,511.0,511.0,511.0,511.0,511.0,300
2024-12-10 01:50:00+00:00,511.0,511.0,511.0,511.0,511.0,700
2024-12-10 01:55:00+00:00,511.0,511.0,511.0,511.0,511.0,600
2024-12-10 02:00:00+00:00,511.0,511.0,511.0,511.0,511.0,700
2024-12-10 02:05:00+00:00,511.0,511.0,512.0,511.0,511.0,700
2024-12-10 02:10:00+00:00,511.0,511.0,511.0,511.0,511.0,500
2024-12-10 02:15:00+00:00,511.0,511.0,511.0,511.0,511.0,200
2024-12-10 02:20:00+00:00,511.0,511.0,512.0,511.0,512.0,200
2024-12-10 02:25:00+00:00,510.0,510.0,512.0,510.0,511.0,3200
2024-12-10 02:30:00+00:00,512.0,512.0,512.0,512.0,512.0,100
2024-12-10 02:35:00+00:00,512.0,512.0,512.0,512.0,512.0,0
2024-12-10 03:30:00+00:00,510.0,510.0,510.0,510.0,510.0,77100
2024-12-10 03:35:00+00:00,510.0,510.0,511.0,510.0,511.0,1100
2024-12-10 03:40:00+00:00,510.0,510.0,511.0,510.0,510.0,1000
2024-12-10 03:45:00+00:00,510.0,510.0,510.0,510.0,510.0,100
2024-12-10 03:50:00+00:00,510.0,510.0,511.0,510.0,511.0,200
2024-12-10 03:55:00+00:00,510.0,510.0,510.0,510.0,510.0,100
2024-12-10 04:05:00+00:00,509.0,509.0,510.0,509.0,510.0,22900
2024-12-10 04:10:00+00:00,509.0,509.0,509.0,509.0,509.0,1100
2024-12-10 04:15:00+00:00,509.0,509.0,509.0,509.0,509.0,1200
2024-12-10 04:20:00+00:00,509.0,509.0,509.0,509.0,509.0,200
2024-12-10 04:25:00+00:00,509.0,509.0,509.0,508.0,508.0,200
2024-12-10 04:30:00+00:00,508.0,508.0,509.0,508.0,508.0,300
2024-12-10 04:35:00+00:00,509.0,509.0,509.0,509.0,509.0,200
2024-12-10 04:40:00+00:00,508.0,508.0,508.0,508.0,508.0,1100
2024-12-10 04:45:00+00:00,510.0,510.0,510.0,509.0,509.0,6300
2024-12-10 04:50:00+00:00,508.0,508.0,509.0,508.0,509.0,900
2024-12-10 05:00:00+00:00,509.0,509.0,509.0,509.0,509.0,100
2024-12-10 05:05:00+00:00,509.0,509.0,510.0,509.0,510.0,4700
2024-12-10 05:10:00+00:00,510.0,510.0,510.0,510.0,510.0,200
2024-12-10 05:15:00+00:00,509.0,509.0,510.0,509.0,510.0,1700
2024-12-10 05:25:00+00:00,509.0,509.0,509.0,509.0,509.0,100
2024-12-10 05:30:00+00:00,509.0,509.0,510.0,509.0,510.0,300
2024-12-10 05:35:00+00:00,508.0,508.0,509.0,508.0,509.0,2800
2024-12-10 05:40:00+00:00,509.0,509.0,509.0,508.0,508.0,400
2024-12-10 05:50:00+00:00,508.0,508.0,509.0,508.0,509.0,3900
2024-12-10 06:00:00+00:00,508.0,508.0,509.0,508.0,509.0,3100
2024-12-10 06:05:00+00:00,508.0,508.0,509.0,508.0,509.0,300
2024-12-10 06:10:00+00:00,508.0,508.0,508.0,508.0,508.0,3500
2024-12-10 06:15:00+00:00,509.0,509.0,509.0,508.0,508.0,4600
2024-12-10 06:20:00+00:00,508.0,508.0,509.0,508.0,508.0,1300
2024-12-11 00:05:00+00:00,514.0,514.0,515.0,511.0,511.0,14400
2024-12-11 00:10:00+00:00,513.0,513.0,513.0,513.0,513.0,200
2024-12-11 00:20:00+00:00,513.0,513.0,513.0,513.0,513.0,2800
2024-12-11 00:25:00+00:00,514.0,514.0,514.0,513.0,513.0,1600
2024-12-11 00:30:00+00:00,517.0,517.0,517.0,514.0,514.0,41000
2024-12-11 00:35:00+00:00,516.0,516.0,517.0,516.0,517.0,4400
2024-12-11 00:40:00+00:00,516.0,516.0,516.0,516.0,516.0,2400
2024-12-11 00:45:00+00:00,515.0,515.0,515.0,515.0,515.0,900
2024-12-11 00:50:00+00:00,516.0,516.0,516.0,515.0,515.0,3000
2024-12-11 00:55:00+00:00,516.0,516.0,516.0,516.0,516.0,2900
2024-12-11 01:00:00+00:00,516.0,516.0,516.0,516.0,516.0,3800
2024-12-11 01:05:00+00:00,516.0,516.0,516.0,516.0,516.0,200
2024-12-11 01:10:00+00:00,516.0,516.0,517.0,516.0,516.0,1100
2024-12-11 01:15:00+00:00,516.0,516.0,516.0,516.0,516.0,100
2024-12-11 01:20:00+00:00,515.0,515.0,516.0,515.0,516.0,11500
2024-12-11 01:25:00+00:00,515.0,515.0,515.0,515.0,515.0,100
2024-12-11 01:30:00+00:00,515.0,515.0,515.0,515.0,515.0,2500
2024-12-11 01:40:00+00:00,514.0,514.0,515.0,514.0,514.0,5000
2024-12-11 01:45:00+00:00,514.0,514.0,515.0,514.0,515.0,500
2024-12-11 01:50:00+00:00,513.0,513.0,514.0,513.0,514.0,13600
2024-12-11 01:55:00+00:00,513.0,513.0,513.0,513.0,513.0,300
2024-12-11 02:00:00+00:00,513.0,513.0,513.0,513.0,513.0,1600
2024-12-11 02:05:00+00:00,512.0,512.0,512.0,512.0,512.0,200
2024-12-11 02:10:00+00:00,512.0,512.0,512.0,512.0,512.0,200
2024-12-11 02:15:00+00:00,512.0,512.0,512.0,512.0,512.0,3000
2024-12-11 02:20:00+00:00,512.0,512.0,513.0,511.0,513.0,6300
2024-12-11 02:25:00+00:00,512.0,512.0,512.0,512.0,512.0,300
2024-12-11 02:30:00+00:00,513.0,513.0,513.0,513.0,513.0,200
2024-12-11 02:35:00+00:00,513.0,513.0,513.0,513.0,513.0,0
2024-12-11 03:30:00+00:00,512.0,512.0,512.0,511.0,511.0,131700
2024-12-11 03:35:00+00:00,511.0,511.0,511.0,511.0,511.0,900
2024-12-11 03:40:00+00:00,512.0,512.0,512.0,511.0,511.0,2200
2024-12-11 03:45:00+00:00,513.0,513.0,513.0,513.0,513.0,500
2024-12-11 03:50:00+00:00,513.0,513.0,513.0,513.0,513.0,700
2024-12-11 03:55:00+00:00,514.0,514.0,514.0,513.0,513.0,500
2024-12-11 04:00:00+00:00,514.0,514.0,514.0,513.0,514.0,600
2024-12-11 04:05:00+00:00,514.0,514.0,514.0,513.0,513.0,500
2024-12-11 04:10:00+00:00,513.0,513.0,514.0,513.0,513.0,400
2024-12-11 04:15:00+00:00,513.0,513.0,513.0,513.0,513.0,200
2024-12-11 04:20:00+00:00,513.0,513.0,514.0,513.0,513.0,400
2024-12-11 04:25:00+00:00,514.0,514.0,514.0,513.0,513.0,200
2024-12-11 04:30:00+00:00,513.0,513.0,513.0,513.0,513.0,200
2024-12-11 04:35:00+00:00,514.0,514.0,514.0,513.0,513.0,2600
2024-12-11 04:40:00+00:00,513.0,513.0,513.0,513.0,513.0,100
2024-12-11 04:45:00+00:00,513.0,513.0,513.0,513.0,513.0,200
2024-12-11 04:50:00+00:00,513.0,513.0,513.0,513.0,513.0,100
2024-12-11 04:55:00+00:00,514.0,514.0,514.0,513.0,513.0,300
2024-12-11 05:00:00+00:00,513.0,513.0,514.0,513.0,513.0,600
2024-12-11 05:05:00+00:00,513.0,513.0,514.0,513.0,514.0,200
2024-12-11 05:10:00+00:00,513.0,513.0,514.0,513.0,513.0,300
2024-12-11 05:15:00+00:00,514.0,514.0,514.0,514.0,514.0,3500
2024-12-11 05:20:00+00:00,514.0,514.0,514.0,514.0,514.0,1700
2024-12-11 05:25:00+00:00,514.0,514.0,514.0,513.0,513.0,1800
2024-12-11 05:30:00+00:00,515.0,515.0,515.0,514.0,514.0,300
2024-12-11 05:35:00+00:00,514.0,514.0,514.0,514.0,514.0,1400
2024-12-11 05:40:00+00:00,514.0,514.0,514.0,514.0,514.0,200
2024-12-11 05:45:00+00:00,514.0,514.0,514.0,514.0,514.0,100
2024-12-11 05:50:00+00:00,514.0,514.0,514.0,514.0,514.0,200
2024-12-11 05:55:00+00:00,516.0,516.0,516.0,514.0,514.0,12100
2024-12-11 06:00:00+00:00,515.0,515.0,515.0,515.0,515.0,100
2024-12-11 06:05:00+00:00,515.0,515.0,515.0,515.0,515.0,200
2024-12-11 06:10:00+00:00,515.0,515.0,516.0,515.0,516.0,200
2024-12-11 06:15:00+00:00,515.0,515.0,515.0,515.0,515.0,400
2024-12-11 06:20:00+00:00,515.0,515.0,516.0,515.0,515.0,1000
2024-12-12 00:05:00+00:00,520.0,520.0,522.0,520.0,521.0,68800
2024-12-12 00:10:00+00:00,517.0,517.0,519.0,517.0,519.0,5100
2024-12-12 00:15:00+00:00,517.0,517.0,518.0,517.0,517.0,3700
2024-12-12 00:20:00+00:00,517.0,517.0,517.0,517.0,517.0,500
2024-12-12 00:25:00+00:00,517.0,517.0,518.0,517.0,518.0,3000
2024-12-12 00:30:00+00:00,518.0,518.0,518.0,517.0,518.0,1400
2024-12-12 00:35:00+00:00,517.0,517.0,518.0,517.0,518.0,3400
2024-12-12 00:40:00+00:00,518.0,518.0,518.0,517.0,517.0,500
2024-12-12 00:45:00+00:00,518.0,518.0,518.0,518.0,518.0,400
2024-12-12 00:55:00+00:00,518.0,518.0,518.0,518.0,518.0,1200
2024-12-12 01:00:00+00:00,519.0,519.0,519.0,518.0,518.0,24900
2024-12-12 01:05:00+00:00,519.0,519.0,519.0,519.0,519.0,1200
2024-12-12 01:10:00+00:00,519.0,519.0,520.0,519.0,520.0,900
2024-12-12 01:15:00+00:00,519.0,519.0,520.0,519.0,520.0,500
2024-12-12 01:20:00+00:00,519.0,519.0,519.0,519.0,519.0,5400
2024-12-12 01:25:00+00:00,519.0,519.0,519.0,518.0,519.0,600
2024-12-12 01:30:00+00:00,519.0,519.0,519.0,519.0,519.0,900
2024-12-12 01:35:00+00:00,519.0,519.0,520.0,519.0,520.0,900
2024-12-12 01:40:00+00:00,518.0,518.0,519.0,518.0,519.0,200
2024-12-12 01:45:00+00:00,518.0,518.0,518.0,518.0,518.0,400
2024-12-12 01:50:00+00:00,518.0,518.0,518.0,518.0,518.0,100
2024-12-12 01:55:00+00:00,519.0,519.0,519.0,519.0,519.0,9100
2024-12-12 02:05:00+00:00,519.0,519.0,520.0,519.0,520.0,200
2024-12-12 02:10:00+00:00,519.0,519.0,520.0,519.0,520.0,5200
2024-12-12 02:15:00+00:00,519.0,519.0,519.0,519.0,519.0,100
2024-12-12 02:20:00+00:00,519.0,519.0,519.0,519.0,519.0,100
2024-12-12 02:25:00+00:00,519.0,519.0,519.0,519.0,519.0,5200
2024-12-12 02:30:00+00:00,519.0,519.0,519.0,519.0,519.0,200
2024-12-12 02:35:00+00:00,519.0,519.0,519.0,519.0,519.0,0
2024-12-12 03:30:00+00:00,518.0,518.0,519.0,518.0,518.0,162900
2024-12-12 03:35:00+00:00,518.0,518.0,518.0,518.0,518.0,100
2024-12-12 03:45:00+00:00,518.0,518.0,518.0,518.0,518.0,600
2024-12-12 03:50:00+00:00,518.0,518.0,518.0,518.0,518.0,100
2024-12-12 03:55:00+00:00,518.0,518.0,518.0,518.0,518.0,200
2024-12-12 04:00:00+00:00,518.0,518.0,518.0,518.0,518.0,600
2024-12-12 04:05:00+00:00,519.0,519.0,519.0,519.0,519.0,100
2024-12-12 04:10:00+00:00,518.0,518.0,518.0,518.0,518.0,200
2024-12-12 04:15:00+00:00,518.0,518.0,518.0,518.0,518.0,100
2024-12-12 04:20:00+00:00,518.0,518.0,518.0,518.0,518.0,200
2024-12-12 04:25:00+00:00,518.0,518.0,519.0,518.0,518.0,500
2024-12-12 04:30:00+00:00,518.0,518.0,518.0,518.0,518.0,1500
2024-12-12 04:35:00+00:00,518.0,518.0,518.0,518.0,518.0,700
2024-12-12 04:40:00+00:00,518.0,518.0,518.0,518.0,518.0,11600
2024-12-12 04:50:00+00:00,518.0,518.0,518.0,518.0,518.0,100
2024-12-12 04:55:00+00:00,518.0,518.0,518.0,518.0,518.0,100
2024-12-12 05:00:00+00:00,518.0,518.0,518.0,518.0,518.0,100
2024-12-12 05:05:00+00:00,519.0,519.0,519.0,519.0,519.0,100
2024-12-12 05:10:00+00:00,518.0,518.0,518.0,518.0,518.0,200
2024-12-12 05:15:00+00:00,518.0,518.0,518.0,518.0,518.0,200
2024-12-12 05:20:00+00:00,518.0,518.0,518.0,518.0,518.0,3600
2024-12-12 05:25:00+00:00,517.0,517.0,517.0,517.0,517.0,200
2024-12-12 05:30:00+00:00,518.0,518.0,518.0,518.0,518.0,700
2024-12-12 05:40:00+00:00,518.0,518.0,518.0,518.0,518.0,6000
2024-12-12 05:45:00+00:00,518.0,518.0,518.0,518.0,518.0,1400
2024-12-12 06:00:00+00:00,518.0,518.0,518.0,518.0,518.0,100
2024-12-12 06:05:00+00:00,518.0,518.0,518.0,518.0,518.0,2100
2024-12-12 06:15:00+00:00,518.0,518.0,518.0,518.0,518.0,4800
2024-12-12 06:20:00+00:00,518.0,518.0,519.0,518.0,518.0,4800
2024-12-13 00:00:00+00:00,518.0,518.0,518.0,518.0,518.0,0
2024-12-13 00:05:00+00:00,519.0,519.0,519.0,519.0,519.0,77300
2024-12-13 00:10:00+00:00,519.0,519.0,519.0,518.0,518.0,3500
2024-12-13 00:15:00+00:00,519.0,519.0,519.0,518.0,519.0,700
2024-12-13 00:25:00+00:00,520.0,520.0,520.0,518.0,518.0,2600
2024-12-13 00:30:00+00:00,525.0,525.0,525.0,520.0,520.0,66400
2024-12-13 00:35:00+00:00,524.0,524.0,524.0,524.0,524.0,7500
2024-12-13 00:40:00+00:00,524.0,524.0,524.0,524.0,524.0,5300
2024-12-13 00:45:00+00:00,522.0,522.0,523.0,522.0,523.0,5500
2024-12-13 00:50:00+00:00,522.0,522.0,522.0,522.0,522.0,600
2024-12-13 00:55:00+00:00,522.0,522.0,522.0,522.0,522.0,300
2024-12-13 01:00:00+00:00,523.0,523.0,523.0,522.0,522.0,1100
2024-12-13 01:05:00+00:00,523.0,523.0,523.0,522.0,523.0,1000
2024-12-13 01:10:00+00:00,523.0,523.0,523.0,523.0,523.0,600
2024-12-13 01:20:00+00:00,523.0,523.0,523.0,522.0,523.0,1100
2024-12-13 01:25:00+00:00,523.0,523.0,523.0,522.0,522.0,900
2024-12-13 01:30:00+00:00,522.0,522.0,522.0,522.0,522.0,800
2024-12-13 01:35:00+00:00,522.0,522.0,523.0,522.0,523.0,300
2024-12-13 01:40:00+00:00,522.0,522.0,522.0,522.0,522.0,6400
2024-12-13 01:45:00+00:00,522.0,522.0,522.0,521.0,522.0,6100
2024-12-13 01:55:00+00:00,519.0,519.0,521.0,519.0,521.0,6200
2024-12-13 02:00:00+00:00,518.0,518.0,519.0,518.0,519.0,2600
2024-12-13 02:05:00+00:00,518.0,518.0,519.0,518.0,519.0,900
2024-12-13 02:10:00+00:00,518.0,518.0,518.0,518.0,518.0,100
2024-12-13 02:15:00+00:00,519.0,519.0,519.0,518.0,518.0,3300
2024-12-13 02:20:00+00:00,519.0,519.0,519.0,519.0,519.0,3300
2024-12-13 02:30:00+00:00,519.0,519.0,519.0,519.0,519.0,100
2024-12-13 02:35:00+00:00,519.0,519.0,519.0,519.0,519.0,0
2024-12-13 03:30:00+00:00,520.0,520.0,520.0,518.0,518.0,209700
2024-12-13 03:35:00+00:00,520.0,520.0,520.0,519.0,519.0,6800
2024-12-13 03:40:00+00:00,519.0,519.0,520.0,519.0,520.0,3100
2024-12-13 03:45:00+00:00,520.0,520.0,520.0,520.0,520.0,100
2024-12-13 03:55:00+00:00,520.0,520.0,520.0,519.0,519.0,400
2024-12-13 04:00:00+00:00,520.0,520.0,520.0,520.0,520.0,200
2024-12-13 04:05:00+00:00,520.0,520.0,520.0,519.0,519.0,400
2024-12-13 04:10:00+00:00,521.0,521.0,521.0,520.0,520.0,2900
2024-12-13 04:15:00+00:00,521.0,521.0,521.0,521.0,521.0,300
2024-12-13 04:20:00+00:00,521.0,521.0,521.0,521.0,521.0,300
2024-12-13 04:25:00+00:00,521.0,521.0,521.0,521.0,521.0,1200
2024-12-13 04:30:00+00:00,521.0,521.0,521.0,521.0,521.0,800
2024-12-13 04:35:00+00:00,521.0,521.0,522.0,521.0,522.0,10600
2024-12-13 04:40:00+00:00,521.0,521.0,521.0,521.0,521.0,100
2024-12-13 04:45:00+00:00,521.0,521.0,522.0,521.0,522.0,400
2024-12-13 04:50:00+00:00,522.0,522.0,522.0,522.0,522.0,200
2024-12-13 04:55:00+00:00,522.0,522.0,522.0,521.0,521.0,400
2024-12-13 05:00:00+00:00,521.0,521.0,521.0,520.0,521.0,4900
2024-12-13 05:05:00+00:00,521.0,521.0,521.0,521.0,521.0,1200
2024-12-13 05:10:00+00:00,521.0,521.0,521.0,521.0,521.0,1000
2024-12-13 05:15:00+00:00,520.0,520.0,520.0,520.0,520.0,500
2024-12-13 05:20:00+00:00,520.0,520.0,521.0,520.0,521.0,700
2024-12-13 05:25:00+00:00,521.0,521.0,521.0,520.0,520.0,200
2024-12-13 05:30:00+00:00,520.0,520.0,521.0,520.0,521.0,200
2024-12-13 05:35:00+00:00,520.0,520.0,521.0,520.0,521.0,200
2024-12-13 05:40:00+00:00,520.0,520.0,520.0,520.0,520.0,2400
2024-12-13 05:45:00+00:00,520.0,520.0,520.0,519.0,519.0,700
2024-12-13 05:50:00+00:00,520.0,520.0,520.0,519.0,519.0,600
2024-12-13 05:55:00+00:00,520.0,520.0,520.0,520.0,520.0,600
2024-12-13 06:00:00+00:00,521.0,521.0,521.0,520.0,520.0,600
2024-12-13 06:05:00+00:00,521.0,521.0,521.0,520.0,520.0,700
2024-12-13 06:10:00+00:00,521.0,521.0,521.0,521.0,521.0,400
2024-12-13 06:15:00+00:00,520.0,520.0,521.0,520.0,521.0,6700
2024-12-13 06:20:00+00:00,521.0,521.0,521.0,520.0,521.0,300
2024-12-16 00:00:00+00:00,520.0,520.0,520.0,519.0,519.0,284500
2024-12-16 00:05:00+00:00,520.0,520.0,521.0,520.0,521.0,0
2024-12-16 00:10:00+00:00,519.0,519.0,520.0,519.0,520.0,1500
2024-12-16 00:15:00+00:00,519.0,519.0,519.0,519.0,519.0,1200
2024-12-16 00:20:00+00:00,519.0,519.0,519.0,519.0,519.0,2400
2024-12-16 00:25:00+00:00,519.0,519.0,520.0,519.0,520.0,200
2024-12-16 00:30:00+00:00,519.0,519.0,519.0,519.0,519.0,100
2024-12-16 00:35:00+00:00,520.0,520.0,520.0,520.0,520.0,300
2024-12-16 00:40:00+00:00,519.0,519.0,519.0,519.0,519.0,100
2024-12-16 00:45:00+00:00,519.0,519.0,519.0,519.0,519.0,100
2024-12-16 00:55:00+00:00,519.0,519.0,519.0,519.0,519.0,100
2024-12-16 01:05:00+00:00,520.0,520.0,520.0,519.0,519.0,4000
2024-12-16 01:10:00+00:00,521.0,521.0,521.0,520.0,520.0,3600
2024-12-16 01:15:00+00:00,522.0,522.0,522.0,521.0,521.0,2800
2024-12-16 01:20:00+00:00,522.0,522.0,522.0,522.0,522.0,100
2024-12-16 01:25:00+00:00,520.0,520.0,521.0,520.0,521.0,6200
2024-12-16 01:30:00+00:00,521.0,521.0,521.0,521.0,521.0,100
2024-12-16 01:35:00+00:00,520.0,520.0,520.0,520.0,520.0,1300
2024-12-16 01:40:00+00:00,520.0,520.0,520.0,520.0,520.0,200
2024-12-16 01:50:00+00:00,520.0,520.0,520.0,520.0,520.0,100
2024-12-16 02:00:00+00:00,521.0,521.0,521.0,520.0,520.0,800
2024-12-16 02:15:00+00:00,520.0,520.0,520.0,520.0,520.0,200
2024-12-16 02:20:00+00:00,520.0,520.0,521.0,520.0,521.0,200
2024-12-16 02:25:00+00:00,520.0,520.0,520.0,520.0,520.0,100
2024-12-16 02:30:00+00:00,520.0,520.0,520.0,520.0,520.0,500
2024-12-16 02:35:00+00:00,520.0,520.0,520.0,520.0,520.0,0
2024-12-16 03:30:00+00:00,520.0,520.0,521.0,520.0,521.0,39800
2024-12-16 03:35:00+00:00,520.0,520.0,520.0,520.0,520.0,100
2024-12-16 03:45:00+00:00,520.0,520.0,520.0,520.0,520.0,200
2024-12-16 03:50:00+00:00,520.0,520.0,520.0,520.0,520.0,100
2024-12-16 03:55:00+00:00,520.0,520.0,520.0,520.0,520.0,200
2024-12-16 04:00:00+00:00,520.0,520.0,521.0,520.0,520.0,1100
2024-12-16 04:05:00+00:00,520.0,520.0,520.0,520.0,520.0,1900
2024-12-16 04:10:00+00:00,520.0,520.0,520.0,520.0,520.0,100
2024-12-16 04:15:00+00:00,520.0,520.0,520.0,520.0,520.0,1300
2024-12-16 04:20:00+00:00,521.0,521.0,521.0,520.0,521.0,300
2024-12-16 04:25:00+00:00,520.0,520.0,520.0,520.0,520.0,100
2024-12-16 04:30:00+00:00,520.0,520.0,520.0,520.0,520.0,100
2024-12-16 04:35:00+00:00,520.0,520.0,520.0,520.0,520.0,200
2024-12-16 04:40:00+00:00,520.0,520.0,520.0,520.0,520.0,200
2024-12-16 04:45:00+00:00,520.0,520.0,520.0,520.0,520.0,100
2024-12-16 04:55:00+00:00,520.0,520.0,520.0,520.0,520.0,700
2024-12-16 05:00:00+00:00,520.0,520.0,520.0,520.0,520.0,700
2024-12-16 05:05:00+00:00,520.0,520.0,520.0,519.0,520.0,5200
2024-12-16 05:10:00+00:00,520.0,520.0,520.0,520.0,520.0,100
2024-12-16 05:15:00+00:00,520.0,520.0,520.0,519.0,519.0,2300
2024-12-16 05:20:00+00:00,520.0,520.0,520.0,519.0,519.0,300
2024-12-16 05:25:00+00:00,519.0,519.0,519.0,519.0,519.0,100
2024-12-16 05:30:00+00:00,520.0,520.0,520.0,520.0,520.0,100
2024-12-16 05:35:00+00:00,519.0,519.0,519.0,519.0,519.0,100
2024-12-16 05:45:00+00:00,519.0,519.0,519.0,519.0,519.0,100
2024-12-16 05:50:00+00:00,518.0,518.0,519.0,518.0,519.0,12400
2024-12-16 05:55:00+00:00,519.0,519.0,519.0,519.0,519.0,4600
2024-12-16 06:00:00+00:00,519.0,519.0,519.0,519.0,519.0,2200
2024-12-16 06:05:00+00:00,519.0,519.0,519.0,519.0,519.0,700
2024-12-16 06:10:00+00:00,519.0,519.0,519.0,519.0,519.0,400
2024-12-16 06:15:00+00:00,519.0,519.0,520.0,519.0,519.0,4300
2024-12-16 06:20:00+00:00,519.0,519.0,520.0,519.0,520.0,2000
