Datetime,Open,High,Low,Close,Adj Close,Volume
2023-10-16 09:00:00+09:00,3015.0,3015.0,2999.0,3005.0,3005.0,0
2023-10-16 09:05:00+09:00,3000.0,3010.0,2998.0,3005.0,3005.0,4500
2023-10-16 09:10:00+09:00,3005.0,3015.0,3005.0,3015.0,3015.0,800
2023-10-16 09:15:00+09:00,3015.0,3020.0,3015.0,3020.0,3020.0,600
2023-10-16 09:25:00+09:00,3025.0,3025.0,3025.0,3025.0,3025.0,500
2023-10-16 09:30:00+09:00,3025.0,3025.0,3020.0,3025.0,3025.0,1300
2023-10-16 09:35:00+09:00,3020.0,3020.0,3015.0,3015.0,3015.0,1900
2023-10-16 09:45:00+09:00,3015.0,3020.0,3015.0,3020.0,3020.0,2700
2023-10-16 09:50:00+09:00,3020.0,3020.0,3015.0,3020.0,3020.0,1000
2023-10-16 09:55:00+09:00,3015.0,3015.0,3015.0,3015.0,3015.0,500
2023-10-16 10:00:00+09:00,3010.0,3010.0,3010.0,3010.0,3010.0,2000
2023-10-16 10:05:00+09:00,3010.0,3010.0,3010.0,3010.0,3010.0,100
2023-10-16 10:10:00+09:00,3010.0,3010.0,3010.0,3010.0,3010.0,1100
2023-10-16 10:15:00+09:00,3010.0,3010.0,3010.0,3010.0,3010.0,600
2023-10-16 10:20:00+09:00,3005.0,3005.0,3005.0,3005.0,3005.0,2500
2023-10-16 10:25:00+09:00,3005.0,3010.0,3005.0,3010.0,3010.0,800
2023-10-16 10:35:00+09:00,3005.0,3010.0,3005.0,3010.0,3010.0,2300
2023-10-16 10:40:00+09:00,3010.0,3010.0,3010.0,3010.0,3010.0,1200
2023-10-16 10:45:00+09:00,3010.0,3010.0,3010.0,3010.0,3010.0,400
2023-10-16 10:50:00+09:00,3015.0,3015.0,3010.0,3010.0,3010.0,400
2023-10-16 10:55:00+09:00,3010.0,3010.0,3010.0,3010.0,3010.0,400
2023-10-16 11:00:00+09:00,3010.0,3010.0,3005.0,3005.0,3005.0,1800
2023-10-16 11:05:00+09:00,3005.0,3005.0,3005.0,3005.0,3005.0,1700
2023-10-16 11:10:00+09:00,3005.0,3005.0,3005.0,3005.0,3005.0,400
2023-10-16 11:15:00+09:00,3010.0,3010.0,3005.0,3005.0,3005.0,1200
2023-10-16 11:20:00+09:00,3005.0,3005.0,3005.0,3005.0,3005.0,700
2023-10-16 11:25:00+09:00,3010.0,3010.0,3010.0,3010.0,3010.0,700
2023-10-16 11:30:00+09:00,3005.0,3005.0,3005.0,3005.0,3005.0,100
2023-10-16 11:35:00+09:00,3005.0,3005.0,3005.0,3005.0,3005.0,0
2023-10-16 12:30:00+09:00,3005.0,3005.0,3000.0,3005.0,3005.0,41000
2023-10-16 12:35:00+09:00,3000.0,3005.0,2994.0,2996.0,2996.0,3800
2023-10-16 12:40:00+09:00,2996.0,2997.0,2993.0,2997.0,2997.0,500
2023-10-16 12:45:00+09:00,2997.0,2997.0,2996.0,2996.0,2996.0,500
2023-10-16 12:50:00+09:00,2996.0,2997.0,2995.0,2997.0,2997.0,600
2023-10-16 12:55:00+09:00,2996.0,2996.0,2991.0,2991.0,2991.0,900
2023-10-16 13:00:00+09:00,2991.0,2991.0,2982.0,2988.0,2988.0,9000
2023-10-16 13:05:00+09:00,2987.0,2987.0,2984.0,2985.0,2985.0,1200
2023-10-16 13:10:00+09:00,2987.0,2988.0,2986.0,2986.0,2986.0,1000
2023-10-16 13:15:00+09:00,2989.0,2990.0,2989.0,2990.0,2990.0,200
2023-10-16 13:20:00+09:00,2989.0,2992.0,2989.0,2992.0,2992.0,500
2023-10-16 13:25:00+09:00,2992.0,2993.0,2991.0,2993.0,2993.0,1000
2023-10-16 13:30:00+09:00,2993.0,2994.0,2993.0,2993.0,2993.0,1100
2023-10-16 13:35:00+09:00,2996.0,2996.0,2996.0,2996.0,2996.0,400
2023-10-16 13:40:00+09:00,2996.0,2996.0,2993.0,2993.0,2993.0,700
2023-10-16 13:45:00+09:00,2993.0,2996.0,2993.0,2995.0,2995.0,800
2023-10-16 13:55:00+09:00,2995.0,2995.0,2993.0,2993.0,2993.0,700
2023-10-16 14:00:00+09:00,2994.0,2996.0,2993.0,2996.0,2996.0,1700
2023-10-16 14:05:00+09:00,2995.0,2995.0,2995.0,2995.0,2995.0,100
2023-10-16 14:10:00+09:00,2996.0,2996.0,2993.0,2993.0,2993.0,400
2023-10-16 14:15:00+09:00,2994.0,2994.0,2993.0,2993.0,2993.0,600
2023-10-16 14:20:00+09:00,2993.0,2994.0,2993.0,2993.0,2993.0,700
2023-10-16 14:25:00+09:00,2992.0,2992.0,2991.0,2992.0,2992.0,800
2023-10-16 14:30:00+09:00,2991.0,2991.0,2987.0,2988.0,2988.0,1200
2023-10-16 14:35:00+09:00,2987.0,2987.0,2986.0,2986.0,2986.0,400
2023-10-16 14:40:00+09:00,2987.0,2988.0,2984.0,2985.0,2985.0,1400
2023-10-16 14:45:00+09:00,2985.0,2985.0,2983.0,2983.0,2983.0,1700
2023-10-16 14:50:00+09:00,2984.0,2989.0,2983.0,2987.0,2987.0,2200
2023-10-16 14:55:00+09:00,2989.0,2992.0,2987.0,2992.0,2992.0,2800
2023-10-17 09:00:00+09:00,3025.0,3050.0,3020.0,3040.0,3040.0,7600
2023-10-17 09:05:00+09:00,3040.0,3045.0,3040.0,3045.0,3045.0,800
2023-10-17 09:10:00+09:00,3045.0,3050.0,3045.0,3045.0,3045.0,1900
2023-10-17 09:15:00+09:00,3045.0,3050.0,3045.0,3045.0,3045.0,3700
2023-10-17 09:20:00+09:00,3040.0,3045.0,3040.0,3045.0,3045.0,3900
2023-10-17 09:25:00+09:00,3050.0,3060.0,3050.0,3060.0,3060.0,3300
2023-10-17 09:35:00+09:00,3060.0,3060.0,3055.0,3055.0,3055.0,4600
2023-10-17 09:45:00+09:00,3055.0,3055.0,3055.0,3055.0,3055.0,100
2023-10-17 09:50:00+09:00,3055.0,3055.0,3050.0,3050.0,3050.0,3400
2023-10-17 09:55:00+09:00,3045.0,3045.0,3045.0,3045.0,3045.0,1200
2023-10-17 10:00:00+09:00,3045.0,3050.0,3045.0,3050.0,3050.0,1200
2023-10-17 10:05:00+09:00,3040.0,3045.0,3040.0,3045.0,3045.0,2700
2023-10-17 10:10:00+09:00,3040.0,3045.0,3040.0,3045.0,3045.0,1000
2023-10-17 10:15:00+09:00,3040.0,3045.0,3040.0,3045.0,3045.0,1100
2023-10-17 10:20:00+09:00,3040.0,3040.0,3040.0,3040.0,3040.0,100
2023-10-17 10:25:00+09:00,3040.0,3040.0,3040.0,3040.0,3040.0,500
2023-10-17 10:30:00+09:00,3040.0,3040.0,3035.0,3035.0,3035.0,2000
2023-10-17 10:35:00+09:00,3035.0,3040.0,3035.0,3035.0,3035.0,1500
2023-10-17 10:40:00+09:00,3035.0,3035.0,3035.0,3035.0,3035.0,700
2023-10-17 10:45:00+09:00,3035.0,3035.0,3030.0,3035.0,3035.0,700
2023-10-17 10:50:00+09:00,3035.0,3035.0,3030.0,3030.0,3030.0,900
2023-10-17 10:55:00+09:00,3030.0,3030.0,3030.0,3030.0,3030.0,800
2023-10-17 11:00:00+09:00,3030.0,3030.0,3030.0,3030.0,3030.0,400
2023-10-17 11:05:00+09:00,3030.0,3030.0,3020.0,3020.0,3020.0,3000
2023-10-17 11:10:00+09:00,3020.0,3020.0,3020.0,3020.0,3020.0,1400
2023-10-17 11:15:00+09:00,3025.0,3025.0,3020.0,3020.0,3020.0,600
2023-10-17 11:20:00+09:00,3025.0,3025.0,3020.0,3025.0,3025.0,500
2023-10-17 11:25:00+09:00,3025.0,3025.0,3015.0,3015.0,3015.0,1700
2023-10-17 11:30:00+09:00,3020.0,3020.0,3020.0,3020.0,3020.0,600
2023-10-17 11:35:00+09:00,3020.0,3020.0,3020.0,3020.0,3020.0,0
2023-10-17 12:30:00+09:00,3015.0,3020.0,3010.0,3020.0,3020.0,57000
2023-10-17 12:35:00+09:00,3020.0,3020.0,3015.0,3020.0,3020.0,1600
2023-10-17 12:40:00+09:00,3015.0,3015.0,3015.0,3015.0,3015.0,700
2023-10-17 12:45:00+09:00,3015.0,3015.0,3015.0,3015.0,3015.0,500
2023-10-17 12:50:00+09:00,3015.0,3015.0,3010.0,3010.0,3010.0,300
2023-10-17 12:55:00+09:00,3015.0,3020.0,3015.0,3020.0,3020.0,2000
2023-10-17 13:00:00+09:00,3015.0,3015.0,3015.0,3015.0,3015.0,100
2023-10-17 13:05:00+09:00,3015.0,3015.0,3015.0,3015.0,3015.0,200
2023-10-17 13:10:00+09:00,3010.0,3010.0,3010.0,3010.0,3010.0,100
2023-10-17 13:15:00+09:00,3015.0,3015.0,3010.0,3010.0,3010.0,300
2023-10-17 13:20:00+09:00,3015.0,3015.0,3015.0,3015.0,3015.0,300
2023-10-17 13:25:00+09:00,3015.0,3015.0,3010.0,3010.0,3010.0,2300
2023-10-17 13:30:00+09:00,3015.0,3015.0,3015.0,3015.0,3015.0,2100
2023-10-17 13:35:00+09:00,3020.0,3020.0,3015.0,3015.0,3015.0,300
2023-10-17 13:45:00+09:00,3020.0,3020.0,3015.0,3020.0,3020.0,700
2023-10-17 13:50:00+09:00,3020.0,3020.0,3015.0,3015.0,3015.0,500
2023-10-17 13:55:00+09:00,3015.0,3020.0,3015.0,3015.0,3015.0,3000
2023-10-17 14:00:00+09:00,3020.0,3020.0,3020.0,3020.0,3020.0,300
2023-10-17 14:05:00+09:00,3020.0,3020.0,3015.0,3015.0,3015.0,400
2023-10-17 14:10:00+09:00,3020.0,3020.0,3015.0,3015.0,3015.0,400
2023-10-17 14:15:00+09:00,3020.0,3025.0,3020.0,3025.0,3025.0,1000
2023-10-17 14:20:00+09:00,3025.0,3025.0,3025.0,3025.0,3025.0,300
2023-10-17 14:25:00+09:00,3020.0,3025.0,3020.0,3025.0,3025.0,600
2023-10-17 14:30:00+09:00,3020.0,3025.0,3020.0,3025.0,3025.0,2300
2023-10-17 14:35:00+09:00,3025.0,3025.0,3025.0,3025.0,3025.0,700
2023-10-17 14:40:00+09:00,3025.0,3030.0,3025.0,3030.0,3030.0,4200
2023-10-17 14:45:00+09:00,3030.0,3035.0,3030.0,3035.0,3035.0,1700
2023-10-17 14:50:00+09:00,3035.0,3035.0,3030.0,3035.0,3035.0,800
2023-10-17 14:55:00+09:00,3030.0,3040.0,3030.0,3035.0,3035.0,5900
2023-10-18 09:00:00+09:00,3040.0,3060.0,3040.0,3055.0,3055.0,8100
2023-10-18 09:05:00+09:00,3050.0,3055.0,3045.0,3045.0,3045.0,2200
2023-10-18 09:10:00+09:00,3045.0,3045.0,3045.0,3045.0,3045.0,1300
2023-10-18 09:15:00+09:00,3040.0,3045.0,3040.0,3040.0,3040.0,1800
2023-10-18 09:20:00+09:00,3045.0,3045.0,3030.0,3035.0,3035.0,6100
2023-10-18 09:25:00+09:00,3035.0,3035.0,3035.0,3035.0,3035.0,1100
2023-10-18 09:30:00+09:00,3030.0,3030.0,3025.0,3025.0,3025.0,1900
2023-10-18 09:35:00+09:00,3020.0,3020.0,3020.0,3020.0,3020.0,600
2023-10-18 09:40:00+09:00,3025.0,3025.0,3025.0,3025.0,3025.0,1800
2023-10-18 09:45:00+09:00,3020.0,3020.0,3015.0,3015.0,3015.0,2100
2023-10-18 09:50:00+09:00,3010.0,3010.0,3010.0,3010.0,3010.0,2700
2023-10-18 09:55:00+09:00,3010.0,3015.0,3010.0,3015.0,3015.0,0
2023-10-18 10:00:00+09:00,3005.0,3005.0,3005.0,3005.0,3005.0,32600
2023-10-18 10:05:00+09:00,3005.0,3005.0,3000.0,3000.0,3000.0,1600
2023-10-18 10:15:00+09:00,3005.0,3005.0,3005.0,3005.0,3005.0,1900
2023-10-18 10:20:00+09:00,3000.0,3000.0,2993.0,2993.0,2993.0,5400
2023-10-18 10:25:00+09:00,2996.0,3005.0,2996.0,3000.0,3000.0,4900
2023-10-18 10:30:00+09:00,3005.0,3005.0,2998.0,3000.0,3000.0,3500
2023-10-18 10:35:00+09:00,3000.0,3000.0,2990.0,2992.0,2992.0,2900
2023-10-18 10:45:00+09:00,2995.0,2996.0,2994.0,2996.0,2996.0,1400
2023-10-18 10:50:00+09:00,2995.0,2999.0,2995.0,2997.0,2997.0,1200
2023-10-18 10:55:00+09:00,2997.0,3000.0,2997.0,3000.0,3000.0,1400
2023-10-18 11:00:00+09:00,3005.0,3005.0,3000.0,3000.0,3000.0,2000
2023-10-18 11:05:00+09:00,3005.0,3005.0,3005.0,3005.0,3005.0,200
2023-10-18 11:10:00+09:00,3000.0,3005.0,3000.0,3005.0,3005.0,2900
2023-10-18 11:15:00+09:00,3005.0,3005.0,3005.0,3005.0,3005.0,100
2023-10-18 11:20:00+09:00,3000.0,3005.0,3000.0,3005.0,3005.0,200
2023-10-18 11:25:00+09:00,3005.0,3005.0,3005.0,3005.0,3005.0,300
2023-10-18 11:30:00+09:00,3005.0,3005.0,3005.0,3005.0,3005.0,100
2023-10-18 11:35:00+09:00,3005.0,3005.0,3005.0,3005.0,3005.0,0
2023-10-18 12:30:00+09:00,3000.0,3000.0,2984.0,2989.0,2989.0,70900
2023-10-18 12:35:00+09:00,2987.0,2992.0,2987.0,2988.0,2988.0,1000
2023-10-18 12:40:00+09:00,2988.0,2992.0,2988.0,2992.0,2992.0,1000
2023-10-18 12:45:00+09:00,2993.0,2996.0,2993.0,2995.0,2995.0,900
2023-10-18 12:50:00+09:00,2996.0,2999.0,2995.0,2998.0,2998.0,1000
2023-10-18 12:55:00+09:00,3000.0,3000.0,2998.0,2998.0,2998.0,1400
2023-10-18 13:00:00+09:00,3000.0,3000.0,2996.0,2999.0,2999.0,1800
2023-10-18 13:05:00+09:00,3000.0,3000.0,2999.0,2999.0,2999.0,400
2023-10-18 13:10:00+09:00,3005.0,3005.0,3005.0,3005.0,3005.0,100
2023-10-18 13:15:00+09:00,3005.0,3005.0,3005.0,3005.0,3005.0,100
2023-10-18 13:20:00+09:00,3005.0,3005.0,3005.0,3005.0,3005.0,2400
2023-10-18 13:25:00+09:00,3005.0,3010.0,3005.0,3010.0,3010.0,1500
2023-10-18 13:30:00+09:00,3010.0,3015.0,3010.0,3010.0,3010.0,3300
2023-10-18 13:40:00+09:00,3005.0,3005.0,3005.0,3005.0,3005.0,200
2023-10-18 13:45:00+09:00,3010.0,3010.0,3010.0,3010.0,3010.0,900
2023-10-18 13:50:00+09:00,3015.0,3015.0,3015.0,3015.0,3015.0,400
2023-10-18 13:55:00+09:00,3015.0,3015.0,3010.0,3010.0,3010.0,2600
2023-10-18 14:00:00+09:00,3015.0,3015.0,3010.0,3010.0,3010.0,900
2023-10-18 14:10:00+09:00,3010.0,3010.0,3010.0,3010.0,3010.0,200
2023-10-18 14:15:00+09:00,3015.0,3015.0,3010.0,3010.0,3010.0,300
2023-10-18 14:20:00+09:00,3015.0,3015.0,3015.0,3015.0,3015.0,300
2023-10-18 14:25:00+09:00,3015.0,3015.0,3010.0,3010.0,3010.0,700
2023-10-18 14:30:00+09:00,3015.0,3020.0,3015.0,3015.0,3015.0,2900
2023-10-18 14:35:00+09:00,3015.0,3020.0,3015.0,3020.0,3020.0,200
2023-10-18 14:40:00+09:00,3020.0,3020.0,3020.0,3020.0,3020.0,400
2023-10-18 14:45:00+09:00,3020.0,3025.0,3020.0,3020.0,3020.0,4900
2023-10-18 14:50:00+09:00,3025.0,3035.0,3025.0,3035.0,3035.0,4300
2023-10-18 14:55:00+09:00,3030.0,3035.0,3025.0,3025.0,3025.0,6600
2023-10-19 09:00:00+09:00,2980.0,3000.0,2980.0,2996.0,2996.0,7300
2023-10-19 09:05:00+09:00,3005.0,3005.0,3005.0,3005.0,3005.0,2500
2023-10-19 09:10:00+09:00,3010.0,3010.0,3010.0,3010.0,3010.0,1700
2023-10-19 09:15:00+09:00,3005.0,3010.0,3005.0,3010.0,3010.0,1900
2023-10-19 09:20:00+09:00,3005.0,3005.0,3000.0,3000.0,3000.0,1100
2023-10-19 09:25:00+09:00,3005.0,3005.0,3005.0,3005.0,3005.0,300
2023-10-19 09:30:00+09:00,3010.0,3015.0,3010.0,3010.0,3010.0,3100
2023-10-19 09:35:00+09:00,3010.0,3010.0,3010.0,3010.0,3010.0,300
2023-10-19 09:40:00+09:00,3015.0,3020.0,3015.0,3020.0,3020.0,1400
2023-10-19 09:45:00+09:00,3015.0,3020.0,3015.0,3020.0,3020.0,1200
2023-10-19 09:50:00+09:00,3025.0,3035.0,3025.0,3030.0,3030.0,6500
2023-10-19 09:55:00+09:00,3030.0,3030.0,3025.0,3025.0,3025.0,500
2023-10-19 10:00:00+09:00,3030.0,3030.0,3030.0,3030.0,3030.0,600
2023-10-19 10:05:00+09:00,3030.0,3040.0,3030.0,3040.0,3040.0,1100
2023-10-19 10:10:00+09:00,3040.0,3040.0,3040.0,3040.0,3040.0,300
2023-10-19 10:15:00+09:00,3040.0,3045.0,3040.0,3045.0,3045.0,1300
2023-10-19 10:20:00+09:00,3040.0,3045.0,3040.0,3045.0,3045.0,600
2023-10-19 10:25:00+09:00,3045.0,3045.0,3035.0,3035.0,3035.0,3000
2023-10-19 10:30:00+09:00,3040.0,3040.0,3030.0,3030.0,3030.0,5900
2023-10-19 10:35:00+09:00,3025.0,3025.0,3025.0,3025.0,3025.0,2100
2023-10-19 10:40:00+09:00,3025.0,3025.0,3025.0,3025.0,3025.0,600
2023-10-19 10:45:00+09:00,3020.0,3020.0,3020.0,3020.0,3020.0,700
2023-10-19 10:50:00+09:00,3025.0,3025.0,3025.0,3025.0,3025.0,200
2023-10-19 10:55:00+09:00,3020.0,3020.0,3020.0,3020.0,3020.0,1200
2023-10-19 11:00:00+09:00,3020.0,3020.0,3020.0,3020.0,3020.0,100
2023-10-19 11:05:00+09:00,3025.0,3025.0,3025.0,3025.0,3025.0,1900
2023-10-19 11:10:00+09:00,3025.0,3025.0,3025.0,3025.0,3025.0,1100
2023-10-19 11:15:00+09:00,3020.0,3020.0,3015.0,3015.0,3015.0,600
2023-10-19 11:20:00+09:00,3020.0,3020.0,3020.0,3020.0,3020.0,500
2023-10-19 11:25:00+09:00,3025.0,3025.0,3025.0,3025.0,3025.0,800
2023-10-19 11:30:00+09:00,3020.0,3020.0,3020.0,3020.0,3020.0,100
2023-10-19 11:35:00+09:00,3020.0,3020.0,3020.0,3020.0,3020.0,0
2023-10-19 12:30:00+09:00,3000.0,3010.0,3000.0,3010.0,3010.0,53900
2023-10-19 12:35:00+09:00,3015.0,3015.0,3015.0,3015.0,3015.0,1000
2023-10-19 12:40:00+09:00,3015.0,3015.0,3015.0,3015.0,3015.0,200
2023-10-19 12:45:00+09:00,3015.0,3015.0,3015.0,3015.0,3015.0,200
2023-10-19 12:50:00+09:00,3015.0,3015.0,3015.0,3015.0,3015.0,200
2023-10-19 12:55:00+09:00,3020.0,3020.0,3020.0,3020.0,3020.0,200
2023-10-19 13:00:00+09:00,3020.0,3020.0,3015.0,3020.0,3020.0,2800
2023-10-19 13:05:00+09:00,3015.0,3015.0,3015.0,3015.0,3015.0,100
2023-10-19 13:10:00+09:00,3020.0,3020.0,3020.0,3020.0,3020.0,300
2023-10-19 13:15:00+09:00,3020.0,3020.0,3020.0,3020.0,3020.0,1200
2023-10-19 13:20:00+09:00,3020.0,3020.0,3020.0,3020.0,3020.0,100
2023-10-19 13:25:00+09:00,3025.0,3025.0,3025.0,3025.0,3025.0,1000
2023-10-19 13:30:00+09:00,3025.0,3025.0,3025.0,3025.0,3025.0,2000
2023-10-19 13:40:00+09:00,3030.0,3030.0,3030.0,3030.0,3030.0,200
2023-10-19 13:45:00+09:00,3030.0,3030.0,3030.0,3030.0,3030.0,400
2023-10-19 13:50:00+09:00,3030.0,3030.0,3030.0,3030.0,3030.0,200
2023-10-19 13:55:00+09:00,3030.0,3035.0,3030.0,3030.0,3030.0,2000
2023-10-19 14:00:00+09:00,3030.0,3030.0,3030.0,3030.0,3030.0,100
2023-10-19 14:05:00+09:00,3025.0,3025.0,3025.0,3025.0,3025.0,100
2023-10-19 14:10:00+09:00,3030.0,3030.0,3030.0,3030.0,3030.0,300
2023-10-19 14:15:00+09:00,3030.0,3030.0,3025.0,3025.0,3025.0,300
2023-10-19 14:20:00+09:00,3025.0,3025.0,3025.0,3025.0,3025.0,2700
2023-10-19 14:25:00+09:00,3030.0,3035.0,3030.0,3035.0,3035.0,2000
2023-10-19 14:30:00+09:00,3035.0,3035.0,3035.0,3035.0,3035.0,700
2023-10-19 14:35:00+09:00,3035.0,3035.0,3035.0,3035.0,3035.0,400
2023-10-19 14:40:00+09:00,3035.0,3035.0,3030.0,3035.0,3035.0,500
2023-10-19 14:45:00+09:00,3035.0,3035.0,3025.0,3025.0,3025.0,3400
2023-10-19 14:50:00+09:00,3030.0,3030.0,3025.0,3030.0,3030.0,1200
2023-10-19 14:55:00+09:00,3030.0,3030.0,3025.0,3025.0,3025.0,5100
2023-10-20 09:00:00+09:00,3020.0,3020.0,3010.0,3015.0,3015.0,3500
2023-10-20 09:05:00+09:00,3015.0,3015.0,3010.0,3010.0,3010.0,700
2023-10-20 09:10:00+09:00,3015.0,3020.0,3015.0,3015.0,3015.0,800
2023-10-20 09:15:00+09:00,3015.0,3015.0,3015.0,3015.0,3015.0,400
2023-10-20 09:20:00+09:00,3015.0,3015.0,3015.0,3015.0,3015.0,800
2023-10-20 09:30:00+09:00,3015.0,3020.0,3015.0,3020.0,3020.0,1700
2023-10-20 09:35:00+09:00,3025.0,3025.0,3025.0,3025.0,3025.0,500
2023-10-20 09:40:00+09:00,3020.0,3020.0,3015.0,3020.0,3020.0,0
2023-10-20 09:45:00+09:00,3015.0,3015.0,3010.0,3010.0,3010.0,12100
2023-10-20 09:50:00+09:00,3005.0,3005.0,3005.0,3005.0,3005.0,400
2023-10-20 09:55:00+09:00,3000.0,3010.0,3000.0,3010.0,3010.0,1800
2023-10-20 10:00:00+09:00,3010.0,3015.0,3010.0,3015.0,3015.0,4300
2023-10-20 10:05:00+09:00,3010.0,3020.0,3010.0,3020.0,3020.0,1900
2023-10-20 10:10:00+09:00,3020.0,3025.0,3015.0,3015.0,3015.0,1900
2023-10-20 10:15:00+09:00,3010.0,3010.0,3010.0,3010.0,3010.0,800
2023-10-20 10:20:00+09:00,3010.0,3010.0,3010.0,3010.0,3010.0,0
2023-10-20 10:25:00+09:00,3010.0,3010.0,3010.0,3010.0,3010.0,24600
2023-10-20 10:30:00+09:00,3010.0,3010.0,3010.0,3010.0,3010.0,500
2023-10-20 10:35:00+09:00,3010.0,3010.0,3010.0,3010.0,3010.0,300
2023-10-20 10:40:00+09:00,3010.0,3010.0,3010.0,3010.0,3010.0,100
2023-10-20 10:45:00+09:00,3015.0,3015.0,3015.0,3015.0,3015.0,1200
2023-10-20 11:00:00+09:00,3015.0,3015.0,3015.0,3015.0,3015.0,800
2023-10-20 11:05:00+09:00,3020.0,3020.0,3020.0,3020.0,3020.0,300
2023-10-20 11:10:00+09:00,3020.0,3020.0,3020.0,3020.0,3020.0,600
2023-10-20 11:15:00+09:00,3020.0,3020.0,3020.0,3020.0,3020.0,100
2023-10-20 11:30:00+09:00,3020.0,3020.0,3020.0,3020.0,3020.0,200
2023-10-20 11:35:00+09:00,3020.0,3020.0,3020.0,3020.0,3020.0,0
2023-10-20 12:30:00+09:00,3040.0,3040.0,3030.0,3030.0,3030.0,32200
2023-10-20 12:35:00+09:00,3030.0,3035.0,3030.0,3035.0,3035.0,0
2023-10-20 12:40:00+09:00,3035.0,3035.0,3035.0,3035.0,3035.0,36100
2023-10-20 12:45:00+09:00,3040.0,3040.0,3040.0,3040.0,3040.0,600
2023-10-20 12:55:00+09:00,3035.0,3035.0,3035.0,3035.0,3035.0,1800
2023-10-20 13:05:00+09:00,3030.0,3030.0,3030.0,3030.0,3030.0,1700
2023-10-20 13:10:00+09:00,3030.0,3030.0,3030.0,3030.0,3030.0,1400
2023-10-20 13:20:00+09:00,3030.0,3030.0,3030.0,3030.0,3030.0,100
2023-10-20 13:25:00+09:00,3030.0,3030.0,3030.0,3030.0,3030.0,100
2023-10-20 13:30:00+09:00,3035.0,3035.0,3035.0,3035.0,3035.0,1100
2023-10-20 13:40:00+09:00,3030.0,3030.0,3030.0,3030.0,3030.0,1700
2023-10-20 13:50:00+09:00,3030.0,3030.0,3030.0,3030.0,3030.0,800
2023-10-20 13:55:00+09:00,3030.0,3030.0,3030.0,3030.0,3030.0,100
2023-10-20 14:10:00+09:00,3030.0,3030.0,3025.0,3025.0,3025.0,1800
2023-10-20 14:15:00+09:00,3025.0,3025.0,3025.0,3025.0,3025.0,1900
2023-10-20 14:20:00+09:00,3025.0,3025.0,3025.0,3025.0,3025.0,500
2023-10-20 14:30:00+09:00,3020.0,3020.0,3020.0,3020.0,3020.0,1000
2023-10-20 14:35:00+09:00,3020.0,3020.0,3020.0,3020.0,3020.0,1200
2023-10-20 14:45:00+09:00,3020.0,3020.0,3020.0,3020.0,3020.0,2900
2023-10-20 14:50:00+09:00,3020.0,3020.0,3020.0,3020.0,3020.0,2100
2023-10-20 14:55:00+09:00,3015.0,3015.0,3015.0,3015.0,3015.0,100
2023-10-23 09:00:00+09:00,3010.0,3010.0,3005.0,3010.0,3010.0,2300
2023-10-23 09:05:00+09:00,3015.0,3015.0,3000.0,3005.0,3005.0,2600
2023-10-23 09:10:00+09:00,3010.0,3015.0,3010.0,3015.0,3015.0,400
2023-10-23 09:15:00+09:00,3015.0,3015.0,3005.0,3010.0,3010.0,6700
2023-10-23 09:30:00+09:00,3005.0,3005.0,3005.0,3005.0,3005.0,200
2023-10-23 09:35:00+09:00,3010.0,3015.0,3005.0,3010.0,3010.0,2700
2023-10-23 09:40:00+09:00,3015.0,3015.0,3010.0,3010.0,3010.0,1900
2023-10-23 09:45:00+09:00,3010.0,3010.0,3010.0,3010.0,3010.0,500
2023-10-23 10:00:00+09:00,3010.0,3010.0,3010.0,3010.0,3010.0,100
2023-10-23 10:05:00+09:00,3010.0,3010.0,3010.0,3010.0,3010.0,1400
2023-10-23 10:10:00+09:00,3005.0,3005.0,3005.0,3005.0,3005.0,400
2023-10-23 10:15:00+09:00,3005.0,3005.0,3005.0,3005.0,3005.0,300
2023-10-23 10:20:00+09:00,3005.0,3005.0,3000.0,3005.0,3005.0,700
2023-10-23 10:25:00+09:00,3005.0,3010.0,3005.0,3005.0,3005.0,1600
2023-10-23 10:30:00+09:00,3005.0,3005.0,3005.0,3005.0,3005.0,100
2023-10-23 10:35:00+09:00,3005.0,3010.0,3005.0,3010.0,3010.0,2500
2023-10-23 10:40:00+09:00,3015.0,3015.0,3010.0,3010.0,3010.0,300
2023-10-23 10:50:00+09:00,3015.0,3015.0,3015.0,3015.0,3015.0,300
2023-10-23 10:55:00+09:00,3015.0,3015.0,3015.0,3015.0,3015.0,200
2023-10-23 11:05:00+09:00,3010.0,3010.0,3010.0,3010.0,3010.0,800
2023-10-23 11:10:00+09:00,3015.0,3015.0,3015.0,3015.0,3015.0,100
2023-10-23 11:15:00+09:00,3005.0,3020.0,3005.0,3015.0,3015.0,4000
2023-10-23 11:20:00+09:00,3020.0,3020.0,3020.0,3020.0,3020.0,400
2023-10-23 11:25:00+09:00,3020.0,3020.0,3015.0,3020.0,3020.0,600
2023-10-23 11:35:00+09:00,3020.0,3020.0,3020.0,3020.0,3020.0,0
2023-10-23 12:30:00+09:00,3025.0,3025.0,3020.0,3020.0,3020.0,33200
2023-10-23 12:35:00+09:00,3015.0,3015.0,3010.0,3010.0,3010.0,1700
2023-10-23 12:40:00+09:00,3010.0,3010.0,3010.0,3010.0,3010.0,700
2023-10-23 12:45:00+09:00,3010.0,3010.0,3010.0,3010.0,3010.0,200
2023-10-23 12:50:00+09:00,3010.0,3010.0,3010.0,3010.0,3010.0,200
2023-10-23 12:55:00+09:00,3010.0,3010.0,3000.0,3000.0,3000.0,1400
2023-10-23 13:00:00+09:00,3005.0,3005.0,3005.0,3005.0,3005.0,100
2023-10-23 13:05:00+09:00,3010.0,3010.0,3005.0,3005.0,3005.0,500
2023-10-23 13:10:00+09:00,3005.0,3005.0,3005.0,3005.0,3005.0,500
2023-10-23 13:15:00+09:00,3005.0,3005.0,3000.0,3000.0,3000.0,1200
2023-10-23 13:20:00+09:00,3000.0,3005.0,3000.0,3005.0,3005.0,400
2023-10-23 13:25:00+09:00,3005.0,3005.0,3005.0,3005.0,3005.0,200
2023-10-23 13:30:00+09:00,3005.0,3005.0,3005.0,3005.0,3005.0,400
2023-10-23 13:35:00+09:00,3005.0,3005.0,2998.0,3000.0,3000.0,2900
2023-10-23 13:40:00+09:00,3000.0,3010.0,3000.0,3005.0,3005.0,2800
2023-10-23 13:45:00+09:00,3010.0,3015.0,3010.0,3010.0,3010.0,900
2023-10-23 13:50:00+09:00,3010.0,3015.0,3010.0,3015.0,3015.0,800
2023-10-23 13:55:00+09:00,3010.0,3010.0,3010.0,3010.0,3010.0,200
2023-10-23 14:00:00+09:00,3010.0,3015.0,3010.0,3015.0,3015.0,200
2023-10-23 14:05:00+09:00,3015.0,3015.0,3010.0,3015.0,3015.0,1100
2023-10-23 14:10:00+09:00,3015.0,3015.0,3015.0,3015.0,3015.0,300
2023-10-23 14:15:00+09:00,3015.0,3015.0,3005.0,3015.0,3015.0,2000
2023-10-23 14:20:00+09:00,3010.0,3010.0,3010.0,3010.0,3010.0,100
2023-10-23 14:25:00+09:00,3015.0,3020.0,3015.0,3020.0,3020.0,2500
2023-10-23 14:30:00+09:00,3015.0,3015.0,3015.0,3015.0,3015.0,2500
2023-10-23 14:35:00+09:00,3020.0,3020.0,3020.0,3020.0,3020.0,600
2023-10-23 14:40:00+09:00,3020.0,3020.0,3010.0,3010.0,3010.0,3500
2023-10-23 14:45:00+09:00,3015.0,3015.0,3010.0,3010.0,3010.0,800
2023-10-23 14:50:00+09:00,3015.0,3015.0,3010.0,3010.0,3010.0,5900
2023-10-23 14:55:00+09:00,3010.0,3015.0,3005.0,3005.0,3005.0,2500
2023-10-24 09:00:00+09:00,3000.0,3005.0,2990.0,3005.0,3005.0,3600
2023-10-24 09:05:00+09:00,3010.0,3010.0,3005.0,3010.0,3010.0,1300
2023-10-24 09:10:00+09:00,3005.0,3005.0,2999.0,2999.0,2999.0,900
2023-10-24 09:15:00+09:00,2990.0,2993.0,2985.0,2986.0,2986.0,1500
2023-10-24 09:20:00+09:00,2984.0,2994.0,2984.0,2988.0,2988.0,2000
2023-10-24 09:25:00+09:00,2982.0,2982.0,2982.0,2982.0,2982.0,200
2023-10-24 09:30:00+09:00,2980.0,2988.0,2979.0,2987.0,2987.0,3500
2023-10-24 09:35:00+09:00,2986.0,2986.0,2981.0,2981.0,2981.0,1000
2023-10-24 09:40:00+09:00,2980.0,2980.0,2973.0,2973.0,2973.0,1300
2023-10-24 09:45:00+09:00,2974.0,2974.0,2968.0,2968.0,2968.0,1600
2023-10-24 09:50:00+09:00,2966.0,2968.0,2965.0,2968.0,2968.0,1300
2023-10-24 09:55:00+09:00,2967.0,2967.0,2963.0,2963.0,2963.0,1000
2023-10-24 10:00:00+09:00,2962.0,2964.0,2961.0,2962.0,2962.0,2300
2023-10-24 10:05:00+09:00,2960.0,2960.0,2956.0,2956.0,2956.0,500
2023-10-24 10:10:00+09:00,2955.0,2955.0,2952.0,2952.0,2952.0,600
2023-10-24 10:15:00+09:00,2950.0,2950.0,2946.0,2948.0,2948.0,1700
2023-10-24 10:20:00+09:00,2947.0,2947.0,2941.0,2941.0,2941.0,1200
2023-10-24 10:25:00+09:00,2940.0,2944.0,2937.0,2939.0,2939.0,3200
2023-10-24 10:30:00+09:00,2940.0,2940.0,2934.0,2934.0,2934.0,1900
2023-10-24 10:35:00+09:00,2935.0,2935.0,2928.0,2930.0,2930.0,1600
2023-10-24 10:40:00+09:00,2932.0,2934.0,2932.0,2933.0,2933.0,700
2023-10-24 10:45:00+09:00,2940.0,2941.0,2937.0,2937.0,2937.0,600
2023-10-24 10:50:00+09:00,2939.0,2944.0,2938.0,2943.0,2943.0,500
2023-10-24 10:55:00+09:00,2947.0,2951.0,2947.0,2950.0,2950.0,1200
2023-10-24 11:00:00+09:00,2948.0,2953.0,2948.0,2953.0,2953.0,500
2023-10-24 11:05:00+09:00,2955.0,2956.0,2955.0,2956.0,2956.0,400
2023-10-24 11:10:00+09:00,2955.0,2956.0,2955.0,2956.0,2956.0,900
2023-10-24 11:15:00+09:00,2956.0,2963.0,2956.0,2963.0,2963.0,1900
2023-10-24 11:20:00+09:00,2965.0,2974.0,2965.0,2974.0,2974.0,1300
2023-10-24 11:25:00+09:00,2979.0,2981.0,2974.0,2974.0,2974.0,1200
2023-10-24 11:35:00+09:00,2974.0,2974.0,2974.0,2974.0,2974.0,0
2023-10-24 12:30:00+09:00,2974.0,2974.0,2959.0,2961.0,2961.0,47500
2023-10-24 12:35:00+09:00,2962.0,2967.0,2961.0,2967.0,2967.0,3100
2023-10-24 12:40:00+09:00,2967.0,2967.0,2961.0,2964.0,2964.0,2000
2023-10-24 12:45:00+09:00,2964.0,2964.0,2964.0,2964.0,2964.0,200
2023-10-24 12:50:00+09:00,2964.0,2964.0,2961.0,2961.0,2961.0,1000
2023-10-24 12:55:00+09:00,2961.0,2961.0,2959.0,2960.0,2960.0,900
2023-10-24 13:00:00+09:00,2961.0,2961.0,2960.0,2960.0,2960.0,1000
2023-10-24 13:05:00+09:00,2959.0,2963.0,2959.0,2963.0,2963.0,1200
2023-10-24 13:10:00+09:00,2966.0,2966.0,2966.0,2966.0,2966.0,200
2023-10-24 13:15:00+09:00,2968.0,2970.0,2968.0,2970.0,2970.0,500
2023-10-24 13:20:00+09:00,2973.0,2976.0,2973.0,2974.0,2974.0,1000
2023-10-24 13:25:00+09:00,2973.0,2975.0,2970.0,2970.0,2970.0,1100
2023-10-24 13:30:00+09:00,2972.0,2978.0,2972.0,2978.0,2978.0,900
2023-10-24 13:35:00+09:00,2977.0,2978.0,2976.0,2976.0,2976.0,800
2023-10-24 13:40:00+09:00,2976.0,2979.0,2976.0,2977.0,2977.0,600
2023-10-24 13:45:00+09:00,2978.0,2982.0,2978.0,2981.0,2981.0,600
2023-10-24 13:50:00+09:00,2983.0,2984.0,2980.0,2980.0,2980.0,500
2023-10-24 13:55:00+09:00,2981.0,2981.0,2981.0,2981.0,2981.0,600
2023-10-24 14:00:00+09:00,2984.0,2985.0,2984.0,2984.0,2984.0,1500
2023-10-24 14:05:00+09:00,2984.0,2988.0,2984.0,2988.0,2988.0,1100
2023-10-24 14:10:00+09:00,2990.0,2990.0,2989.0,2989.0,2989.0,500
2023-10-24 14:15:00+09:00,2990.0,2990.0,2989.0,2989.0,2989.0,600
2023-10-24 14:20:00+09:00,2990.0,2991.0,2989.0,2989.0,2989.0,3100
2023-10-24 14:25:00+09:00,2992.0,2993.0,2992.0,2993.0,2993.0,1000
2023-10-24 14:30:00+09:00,2993.0,2995.0,2993.0,2994.0,2994.0,1900
2023-10-24 14:35:00+09:00,2993.0,3000.0,2993.0,3000.0,3000.0,2600
2023-10-24 14:40:00+09:00,2999.0,2999.0,2994.0,2994.0,2994.0,1700
2023-10-24 14:45:00+09:00,2995.0,2999.0,2995.0,2999.0,2999.0,2500
2023-10-24 14:50:00+09:00,2999.0,3005.0,2999.0,2999.0,2999.0,2800
2023-10-24 14:55:00+09:00,3000.0,3000.0,2996.0,2996.0,2996.0,3000
